-- phpMyAdmin SQL Dump
-- version 4.9.7
-- https://www.phpmyadmin.net/
--
-- Máy chủ: localhost:3306
-- Thời gian đã tạo: Th10 15, 2022 lúc 12:44 AM
-- Phiên bản máy phục vụ: 10.3.36-MariaDB-log-cll-lve
-- Phiên bản PHP: 7.4.30

SET SQL_MODE = "NO_AUTO_VALUE_ON_ZERO";
SET AUTOCOMMIT = 0;
START TRANSACTION;
SET time_zone = "+00:00";


/*!40101 SET @OLD_CHARACTER_SET_CLIENT=@@CHARACTER_SET_CLIENT */;
/*!40101 SET @OLD_CHARACTER_SET_RESULTS=@@CHARACTER_SET_RESULTS */;
/*!40101 SET @OLD_COLLATION_CONNECTION=@@COLLATION_CONNECTION */;
/*!40101 SET NAMES utf8mb4 */;

--
-- Cơ sở dữ liệu: `teqzkfaa_ttp`
--

-- --------------------------------------------------------

--
-- Cấu trúc bảng cho bảng `tbl_admin`
--

CREATE TABLE `tbl_admin` (
  `adminId` int(10) NOT NULL,
  `adminUser` varchar(255) NOT NULL,
  `adminPass` varchar(255) NOT NULL
) ENGINE=InnoDB DEFAULT CHARSET=utf8mb4;

--
-- Đang đổ dữ liệu cho bảng `tbl_admin`
--

INSERT INTO `tbl_admin` (`adminId`, `adminUser`, `adminPass`) VALUES
(1, 'admin', 'fbcca76ea3278ea7478efe26fbcc425a'),
(3, 'admin', 'e10adc3949ba59abbe56e057f20f883e');

-- --------------------------------------------------------

--
-- Cấu trúc bảng cho bảng `tbl_baiviet`
--

CREATE TABLE `tbl_baiviet` (
  `baiviet_id` int(11) NOT NULL,
  `baiviet_name` varchar(255) NOT NULL,
  `baiviet_title` varchar(255) NOT NULL,
  `baiviet_noidung` text NOT NULL,
  `baiviet_date` date NOT NULL,
  `baiviet_luotxem` int(11) NOT NULL,
  `baiviet_img` varchar(150) NOT NULL
) ENGINE=InnoDB DEFAULT CHARSET=utf8mb4;

--
-- Đang đổ dữ liệu cho bảng `tbl_baiviet`
--

INSERT INTO `tbl_baiviet` (`baiviet_id`, `baiviet_name`, `baiviet_title`, `baiviet_noidung`, `baiviet_date`, `baiviet_luotxem`, `baiviet_img`) VALUES
(1, 'QUÁ TRÌNH HÌNH THÀNH VÀ PHÁT TRIỂN CÔNG TY TNHH SX TM NXK TIẾN THỊNH PHÁT', 'CÔNG TY TNHH SX TM NXK NƯỚC GIẢI KHÁT TIẾN THỊNH PHÁT', '<h1 style=\"text-align: center;\" class=\"text-danger\"><span style=\"font-size:28px;\"><strong>CÔNG TY TNHH SX TM NXK NƯỚC GIẢI KHÁT TIẾN THỊNH PHÁT</strong></span></h1>\r\n<div class=\"clear20\"></div>\r\n                <p style=\"text-align: center;\"><span style=\"font-size:18px;\"><a href=\"http://salanest.com/\">http://salanest.com/</a></span>\r\n                </p>\r\n<div class=\"clear20\"></div>\r\n                <p style=\"text-align: center;\"><span style=\"font-size:18px;\">Hotline : (028)36 221 286</span>\r\n                </p>\r\n                <p style=\"text-align: justify;\"><span style=\"font-size:16px;\"><strong class=\"text-danger\">- QUÁ TRÌNH PHÁT TRIỂN CÔNG TY CÔNG TY TNHH SX TM XNK NGK TIẾN THỊNH PHÁT</strong> được hình từ công ty <strong>TNHH SX NGK TIẾN THỊNH PHÁT</strong> thành lập vào 2015 phát triển lĩnh vực ngành hàng nội thất và phát triển kênh bán lẻ sản phẩm nhập khẩu. Qua quá trình vận hành phát triển những năm sau. Công ty có bước tiến mới về ngành hàng tiêu dùng và bắt đầu khai phá thị trường nước uống có cồn. chính thức bắt tay họp tác với các nhãn hàng bia, rượu nhập khẩu. Một lần nữa Tiến Thịnh Phát cho ra đời Showroom Rượu đầu tiên tại khu vực quận Gò Vấp năm 2016 . Mang tên Thương Hiệu “<strong>Thế giới rượu 365</strong>“ hoặc động 02 năm tăng trưởng không cao và nhận định thị trường hạn hẹp không được phát triển mạnh mẽ.</span>\r\n                </p>\r\n<div class=\"clear20\"></div>\r\n                <p style=\"text-align: justify;\"><span style=\"font-size:16px;\">Bắt đầu tìm hiểu thông tin và nghiên cứu thêm những sản phẩm cùng phân khúc trong lĩnh vực sức khỏe và làm đẹp. Tiến Thịnh Phát một lần nữa chuyển đổi mô hình phát triển qua lĩnh vực sản xuất sản phẩm yến sào. Trong quá trình phát triển sản phẩm trong đầu năm 2017 gặp nhiều vấn đề khó khăn như việc tìm kiếm khách hàng , phát triển hệ thống sale , làm Marketing sản phẩm. Với sự tìm hiểu và đồng hành phát triển ngành hàng yến sào, Tiến Thịnh Phát vận dụng cơ chế từ trước và cho ra đời showroom “<strong>Yến Sào 365</strong>“ bên cạnh “<strong>Thế giới rượu 365</strong>\".</span>\r\n                </p><div class=\"clear20\"></div>\r\n                <p style=\"text-align: justify;\"><span style=\"font-size:16px;\">Trong những lần thay đổi cơ chế Tiến Thịnh Phát lại cho thấy sự phát triển bền vừng và gắn liền cùng với thương hiệu được tạo ra sản phẩm chủ lực tại thời điểm phát triển. Công ty luôn đi cùng khách hàng, am hiểu và chia sẻ từ khách hàng về sản phẩm yến sào chất lượng không pha tạp chất, từ đó công ty cho ra đời sản phẩm yến sào \"<strong>Nước yến sào SALANEST\"</strong> và \"<strong>tổ yến sào Salanest\"</strong> hai sản phẩm chủ lực và phát triển định hình thương hiệu đến ngày hôm nay.</span>\r\n                </p><div class=\"clear20\"></div>\r\n                <p style=\"text-align: justify;\"><span style=\"font-size:16px;\">Trong quá trình phát triển, một lần nữa sự thay đổi về cơ cấu, chúng tôi quyết định thành lập <strong>CÔNG TY TNHH SX TM XNK NGK TIẾN THỊNH PHÁT</strong>. Đây được xem là lời khẳng định sản phẩm đủ cung ứng tại thị trường Việt Nam và xuất khẩu ra nước ngoài. <strong>Công Ty SX TM XNK NGK TIẾN THỊNH PHÁT </strong>không ngừng phát triển, mang đến thị trường Việt và quốc tế những sản phẩm yến tinh khiết nhất. Chuyên cung cấp: yến thô, yến sơ chế, yến tinh chế, yến tươi đóng thố, yến hủ chưng sẵn nhiều vị khác nhau (đường phèn, táo đỏ, hạt chia, hạt sen, long nhãn, đông trùng hạ thảo, tứ vị, gừng, hương dứa thiên nhiên) phù hợp cho trẻ nhỏ, ăn kiêng dành cho người tiểu đường và người ít ăn ngọt.</span>\r\n                </p>\r\n           <div class=\"clear20\"></div>\r\n                <p style=\"text-align: justify;\"><span style=\"font-size:16px;\"><strong class=\"text-danger\">Công Ty SX TM XNK NGK TIẾN THINH PHÁT </strong>còn cung cấp mỹ phẩm làm đẹp từ yến sào, nhận hợp đồng gia công yến hủ chưng sẵn theo yêu cầu khách hàng để xuất khẩu quốc tế. <strong>Công Ty SX TM XNK NGK TIẾN THINH PHÁT </strong>cam kết: </span>\r\n                </p>\r\n                <ul>\r\n                    <li style=\"text-align: justify;\"><span style=\"font-size:16px;\">100% yến sào nguyên chất từ thiên nhiên.</span>\r\n                    </li>\r\n                    <li style=\"text-align: justify;\"><span style=\"font-size:16px;\">Nguồn yến hoàn toàn của Việt Nam</span>\r\n                    </li>\r\n                    <li style=\"text-align: justify;\"><span style=\"font-size:16px;\">Nói không hóa chất trong quá trình chế biến </span>\r\n                    </li>\r\n                    <li style=\"text-align: justify;\"><span style=\"font-size:16px;\">Tất cả các sản phẩm được chọn lọc kỹ lưỡng. </span>\r\n                    </li>\r\n                </ul>\r\n                <p style=\"text-align: justify;\"><span style=\"font-size:16px;\"><strong>Thương hiệu Công Ty SX TM XNK NGK TIẾN THỊNH PHÁT</strong> được xây dựng trên phương châm “<span style=\"color:#FF0000;\"><strong>Sản phẩm thật, Sản Phẩm Sạch, Chất lượng vàng</strong></span>” góp phần\r\n                    nâng cao sức khoẻ cho cộng đồng.</span>\r\n                </p>\r\n                <p style=\"text-align: justify;\"><span style=\"font-size:16px;\">Trong quá trình phát triển sản phẩm Tiến Thịnh Phát đã đạt được những thành tưu như:</span>\r\n                </p>\r\n            <img src=\"img/kinh-nghiem-di-thue-van-phong-2.webp\" alt=\"van phong cong ty\" width=\"80%\">\r\n<div class=\"clear20\"></div>\r\n                <ul>\r\n                    <li style=\"text-align: justify;\"><span style=\"font-size:16px;\">Trong năm 2017 : Tiến thịnh phát đã cho ra thị trường 10.000 yến các loại.</span>\r\n                    </li>\r\n                    <li style=\"text-align: justify;\"><span style=\"font-size:16px;\">Mùa tết 2017 -2018 trong 03 ngày làm việc. tỷ lệ đơn hàng lẻ về công ty trên 1.800 Hộp.</span>\r\n                    </li>\r\n                    <li style=\"text-align: justify;\"><span style=\"font-size:16px;\">Thị trường 2018 - 2019 : Công ty tăng trưởng 50% doanh số bán hàng và đạt dung lượng sản phẩn được bán ra thị trường khắp cả nước và mọi vùng miền tổ quốc trong năm 2018 : gần 17.000 sản phẩm các loại. </span>\r\n                    </li>\r\n                    <li style=\"text-align: justify;\"><span style=\"font-size:16px;\">Trong 10 tháng đầu năm 2019: doanh số sản phẩm tăng vượt bậc, đã bán được 14.000 sản phẩm. Công ty định hướng chiến lượt cuối năm 2019 đạt doanh số 22.000 sản phẩm các loại.</span>\r\n                    </li>\r\n                </ul>\r\n                <p style=\"text-align: justify;\"><span style=\"font-size:16px;\">Trong thời gian phát triển công ty định hinh phát triển Online và Marketing online và chưa phát triển kênh GT và MT tại thị trường Việt Nam.</span>\r\n                </p>\r\n                <p style=\"text-align:center\"><img alt=\"\" height=\"512\" src=\"img/nam-thuan-phat-building-truong-cong-dinh-cho-thue-van-phong-quan-tan-binh-vlook.vn-bia.webp\" width=\"362\" />\r\n                </p>', '2022-09-28', 1234, 'kinh-nghiem-di-thue-van-phong-2.webp'),
(2, 'QUÁ TRÌNH THANH TOÁN VÀ ĐỔI TRẢ CÔNG TY  TIẾN THỊNH PHÁT GROUP.', ' - CÔNG TY TIẾN THỊNH PHÁT GROUP - THƯỚNG DẪN PHƯƠNG THỨC THANH TOÁN .Nhằm tạo sự khác biệt về quyền lợi cho khách hàng khi đến mua hàng tại SALANEST, chúng tôi áp dụng chính sách hỗ trợ đổi trả hàng như sau:\r\n', ' <h2 class=\"text-danger\" style=\"text-align: center;\"><strong>-HƯỚNG DẪN PHƯƠNG THỨC THANH TOÁN</strong></h2>\r\n<ul>\r\n<div class=\"clear20\"></div>\r\n                                <li>Nhằm tạo sự khác biệt về quyền lợi cho khách hàng khi đến mua hàng tại SALANEST, chúng tôi áp dụng chính sách hỗ trợ đổi trả hàng như sau:</li>\r\n                               <li> Đối với khách hàng tại khu vực HỒ CHÍ MINH, Quý khách có thể trực tiếp liên hệ đổi/ trả hàng tại văn phòng của Vua Yến ở địa chỉ: 180 Nguyễn Thị Búp , Phường Tân Chánh Hiệp , Quận 12 , Thành Phố HỒ CHÍ MINH .</li>\r\n                             <li>SALANEST sẽ thực hiện tất cả các yêu cầu vận chuyển cho khách hàng trên phạm vi toàn quốc</li>\r\n                                <li>Thời gian phục vụ từ 9h00 đến 20h00 từ thứ Hai đến thứ Bảy, không tính Chủ Nhật và các ngày lễ Tết.</li> <li>Các sản phẩm thực hiện đổi trả phải còn nguyên vẹn, không có dấu hiệu sử dụng và phải còn tem, mác. Ngoài ra, để thực hiện đổi trả hàng khách hàng phải còn giữ hóa đơn mua hàng tại salanest.com</li><li>Chúng tôi sẽ thực hiện các bước tiếp theo để kiểm tra chất lượng sản phẩm và tiến hành đổi/ trả hàng hoặc hoàn tiền theo yêu cầu của quý khách và thực hiện theo đúng quy định tại mục II của chính sách này.</li></ul>\r\n\r\n\r\n <h2 class=\"text-danger\">A. Các trường hợp đổi trả hàng</h2>\r\n<div class=\"clear20\"></div>\r\n                            <ol>\r\n                                <li>Đổi hàng theo nhu cầu khách hàng</li>\r\n                            </ol>   \r\n                                <p>Tất cả các mặt hàng mua từ https://salanest.com đều có thể hoàn trả trong vòng 7 ngày kể từ ngày nhận hàng. Chúng tôi chỉ chấp nhận đổi trả cho các sản phẩm còn nguyên điều kiện ban đầu, và còn hóa đơn mua hàng tại https://salanest.com và sản phẩm chưa qua sử dụng, bao gồm:</p>\r\n                                <li>Còn nguyên đóng gói và bao bì không bị rách móp.</li>\r\n                                <li>Tem/ phiếu bảo hành, tem thương hiệu, các quà tặng kèm theo ( nếu có) v.v… phải còn đầy đủ và nguyên vẹn.</li>\r\n                                <li>Không bị dơ bẩn, trầy xước, bể vỡ, hư hỏng, có mùi lạ hoặc có dấu hiệu đã qua sử dụng.</li>\r\n                         \r\n                            <p>Lưu ý: Những sản phẩm đổi trả hàng không đáp ứng các điều kiện nêu trên sẽ được tự động chuyển hoàn về địa chỉ đăng kí theo thông tin đơn hàng của quý khách.</p>\r\n             <div class=\"clear20\"></div>           <h3 class=\"text-danger\"> Đổi trả không vì lý do chủ quan từ khách hàng.</h3> \r\n \r\n                            <p>SALANEST khuyến khích quý khách hàng phải kiểm tra tình trạng bên ngoài của thùng hàng và sản phẩm trước khi thanh toán để đảm bảo rằng hàng hóa được giao đúng theo đơn đặt hàng và tình trạng bên ngoài không bị tác động. Nếu gặp trường hợp này, Quý khách vui lòng từ chối nhận hàng và báo ngay cho bộ phận hỗ trợ khách hàng để chúng tôi có phương án xử lí kịp thời. (Xin lưu ý những bước kiểm tra sâu hơn như dùng thử sản phẩm chỉ có thể được chấp nhận sau khi đơn hàng được thanh toán đầy đủ).</p>\r\n <img src=\"img/momo-upload-api-210330100757-637526956774717557.webp\" alt=\"hinh-thuc-thanh-toan\" title=\"thanh toán online\" width=\"30%\">\r\n                            <p>Trong trường hợp khách hàng đã thanh toán, nhận hàng và sau đó phát hiện hàng hóa bị bể vỡ, sai nội dung hoặc thiếu hàng, xin vui lòng liên hệ ngay với bộ phận hỗ trợ khách hàng của Vua Yến để được chúng tôi hỗ trợ các bước tiếp theo như đổi/ trả hàng hoặc gửi sản phẩm còn thiếu đến khách hàng…</p><p>Chú ý: Sau 48h kể từ ngày quý khách nhận được hàng, SALANEST có quyền từ chối hỗ trợ cho những khiếu nại theo nội dung như trên.</p><div class=\"clear20\"></div>\r\n<h2 class=\"text-danger\">B. Phương thức hoàn tiền</h2><ul><p>- Tùy theo lí do hoàn trả sản phẩm, SALANEST sẽ có những phương thức hoàn thiện với chi tiết sau:</p> <li> Đổi trả theo nhu cầu khách hàng: Trường hợp này sẽ hoàn tiền lại cho khách hàng (sau khi đã trừ phí xử lý đơn hàng).</li>\r\n <li> Đổi trả không vì lý do chủ quan: Khách sẽ được đổi mới sản phẩm, đổi sản phẩm mới cùng loại, và khách hàng có thể hoàn tiền mặt nếu muốn. Liên hệ, thắc mắc, khiếu nại về vấn đề đổi trả hàng Xin quý khách vui lòng liên hệ với chúng tôi.</li></ul>\r\n<p>Địa chỉ: 180 Nguyễn Thị Búp, Phường Tân Chánh Hiệp,  Quận 12, Thành Phố Hồ Chí Minh.</p>\r\n        <img src=\"img/visa-all.webp\" alt=\"hinh-thuc-thanh-toan\" title=\"thanh toán online\" width=\"30%\">\r\n<div class=\"clear20\"></div>\r\n<p>Điện thoại: (+84)47 28 38 38.</p><p class=\"clwhite\">Email: ttpsalanest@gmail.com.</p>', '2022-10-12', 123, 'chinhsachdoitra.webp'),
(3, 'HƯỚNG DẪN VẬN CHUYỂN GIAO HÀNG CÔNG TY TIẾN THỊNH PHÁT GROUP.', ' - CÔNG TY TIẾN THỊNH PHÁT GROUP thực hiện vận chuyển giao hàng & Liên kết các đơn vị vận chuyển.', ' <div class=\"clear20\"></div><h2 class=\"text-danger\" style=\"text-align: center;\"><strong>-HƯỚNG DẪN VẬN CHUYỂN GIAO HÀNG.</strong></h2><div class=\"clear20\"></div>\r\n<ul>\r\n                                <li>TIẾN THỊNH PHÁT GROUP giao hàng đến tận nơi tại tất cả các tỉnh thành toàn quốc. Tất cả hàng hóa vận chuyển đến nơi của khách hàng sẽ được đóng gói cẩn thận, đúng quy cách và bao gồm các chứng từ liên quan như: Đơn đặt hàng, Phiếu xuất kho, Phiếu bảo hành, Hóa đơn VAT, Hướng dẫn sử dụng…</li>\r\n            <img src=\"img/chinhsachdoitra\r\n.webp\" alt=\"chinh-sach-doi-tra-hang\" title=\"chính sách đổi trả hàng\" width=\"50%\">\r\n\r\n           <div class=\"clear20\"></div>                     <h3 class=\"text-danger\">KHÁCH HÀNG Ở CÁC TỈNH THÀNH KHÁC</h3>\r\n          <div class=\"clear20\"></div>                     <li>– Tùy vào từng đơn hàng và địa điểm, SALNEST GROUP có thể miễn phí giao hàng hoặc tính phí hỗ trợ theo thỏa thuận với mức phí thấp nhất.</li>\r\n\r\n                   <li>SALANEST :– Thời gian giao hàng: Từ 24 đến 72 giờ kể từ khi nhận được thông tin xác nhận đặt hàng.</li>\r\n                                <h3 class=\"text-danger\">KHÁCH HÀNG NỘI THÀNH THÀNH PHỐ HỒ CHÍ MINH</h3>\r\n                                <li>Thời gian phục vụ từ 9h00 đến 20h00 từ thứ Hai đến thứ Bảy, không tính Chủ Nhật và các ngày lễ Tết.</li>\r\n                                                  <img src=\"img/van-chuyen-car.webp\" alt=\"chinhsachdoitrahang\" title=\"chính sách đổi trả hàng\" width=\"60%\">\r\n                   <li>– Thời gian giao hàng: Từ 30 phút đến 2 giờ kể từ khi nhận được thông tin xác nhận đặt hàng<strong>.Lưu ý:</strong> Đối với các đơn hàng cần đặt trước thì thời gian giao hàng có thể lâu hơn.</li>\r\n                               \r\n                            </ul>\r\n                        </div>\r\n                        <h2 class=\"text-danger\" style=\"text-align:center;\">Cám ơn Quý khách đã chọn mua sản phẩm của SALANEST GROUP . !</h2>\r\n\r\n ', '2022-07-19', 1390, 'van-chuyen-car.webp'),
(4, 'CÔNG TY TIẾN THỊNH PHÁT GROUP.CHÍNH SÁCH BẢO MẬT THÔNG TIN KHÁCH HÀNG.', 'CÔNG TY TIẾN THỊNH PHÁT GROUP thực hiện CHÍNH SÁCH BẢO MẬT THÔNG TIN KHÁCH HÀNG (Xem chi tiết tại điều 68 đến Điều 73 Nghị định 52/2013/NĐ-CP)', '<ul><h3 class=\"text-danger\">1- MỤC ĐÍCH VÀ PHẠM VI THU THẬP THÔNG TIN</h3>\r\n                                <ul><p>- TIẾN THỊNH PHÁT GROUP không bán, chia sẻ hay trao đổi thông tin cá nhân của khách hàng thu thập trên trang web cho một bên thứ ba nào khác.</p>\r\n                                <p>- Thông tin cá nhân thu thập được sẽ chỉ được sử dụng trong nội bộ công ty. Khi quý khách đăng ký đặt hàng tại https://salanest.com/\r\nThông tin cá nhân mà chúng tôi thu thập bao gồm:</p>\r\n<div class=\"clear10\"></div>\r\n<p>– Tên người liên hệ cá nhân hoặc Công ty</p>\r\n<div class=\"clear10\"></div>\r\n<li>– Số điện thoại:</li>\r\n<li>– Email: </li>\r\n<li>– Địa chỉ giao hàng:</li>\r\n<li>– Thông tin Công ty bao gồm tên giao dịch đầy đủ, địa chỉ, Mã số thuế:</li>\r\n<li>– Địa chỉ giao dịch:</li>\r\n<div class=\"clear10\"></div>\r\n<p>- Những thông tin trên sẽ được sử dụng cho một hoặc tất cả các mục đích sau đây:</p>\r\n<div class=\"clear10\"></div>\r\n<p>– Thông báo về việc giao hàng và hỗ trợ khách hàng</p>\r\n    <img src=\"img/bao-mat-thong-tin-khach-hang-thiet-bi.webp\" alt=\"hình ảnh bao mat thong tin\" title=\"bao mat thong tin\" width=\"60%\">\r\n<div class=\"clear10\"></div>\r\n<p>– Cung cấp thông tin liên quan đến sản phẩm</p>\r\n<p>– Xử lý đơn đặt hàng và cung cấp dịch vụ và thông tin qua trang web của chúng tôi theo yêu cầu của quý khách</p>\r\n<p>– Ngoài ra, chúng tôi sẽ sử dụng thông tin quý khách cung cấp để hỗ trợ quản lý tài khoản khách hàng; xác nhận và thực hiện các giao dịch tài chính liên quan đến các khoản thanh toán trực tuyến của quý khách.</p><div class=\"clear10\"></div>\r\n<p>- Chi tiết đơn hàng của quý khách sẽ được chúng tôi lưu trữ nhưng vì lý do bảo mật, quý khách không thể yêu cầu thông tin đó từ chúng tôi. Tuy nhiên, quý khách có thể kiểm tra thông tin đó bằng cách đăng nhập vào tài khoản riêng của mình trên trang web. Tại đó, quý khách có thể theo dõi đầy đủ chi tiết của các đơn hàng đã hoàn tất, những đơn hàng mở và những đơn hàng sắp được giao cũng như quản lý thông tin về địa chỉ, thông tin về ngân hàng và những bản tin mà quý khách đã đăng ký nhận. Quý khách cần bảo đảm là thông tin được truy cập một cách bí mật và không làm lộ cho một bên thứ ba không có quyền. Chúng tôi sẽ không chịu trách nhiệm đối với việc sử dụng sai mật khẩu trừ khi đó là lỗi của chúng tôi.</p></ul>\r\n             <div class=\"clear10\"></div>                   \r\n<h3 class=\"text-danger\">2- PHẠM VI SỬ DỤNG THÔNG TIN</h3><div class=\"clear10\"></div>\r\n<ul>\r\n    <p>- Chúng tôi có thể chia sẻ tên, số điện thoại và địa chỉ của quý khách cho dịch vụ chuyển phát nhanh để có thể giao hàng cho quý khách. Khi quý khách đăng ký làm thành viên trên trang web https://salanest.com/ chúng tôi cũng sẽ sử dụng thông tin cá nhân của quý khách để gửi các thông tin khuyến mãi/tiếp thị. Quý khách có thể hủy nhận các thông tin đó bất kỳ lúc nào bằng cách sử dụng chức năng hủy đăng ký trong các thông báo quảng cáo.</p>\r\n<div class=\"clear10\"></div></ul>\r\n<h3 class=\"text-danger\">3- THỜI GIAN LƯU TRỮ THÔNG TIN</h3>\r\n<ul>\r\n<p>CÔNG TY TIẾN THỊNH PHÁT GROUP sẽ lưu trữ các Thông tin cá nhân do khách hàng cung cấp trên các hệ thống nội bộ của chúng tôi trong quá trình cung cấp dịch vụ cho khách hàng hoặc cho đến khi hoàn thành mục đích thu thập hoặc khi Khách hàng có yêu cầu hủy các thông tin đã cung cấp.</p>\r\n<div class=\"clear10\"></div>\r\n</ul>\r\n<h3 class=\"text-danger\">4- CAM KẾT BẢO MẬT THÔNG TIN CÁ NHÂN KHÁCH HÀNG</h3>\r\n<ul>\r\n<div class=\"clear10\"></div>\r\n<p>Chúng tôi rất quan tâm đến quyền riêng tư của quý khách khi quý khách sử dụng những dịch vụ của chúng tôi.Chúng tôi cũng hiểu rằng quý khách sẽ rất quan tâm đến việc những thông tin mà quý khách cũng cấp cho chúng tôi có được bảo mật an toàn hay không. Và chúng tôi luôn muốn quý khách sẽ thật yên tâm và tin tưởng khi tham gia các dịch vụ của chúng tôi. Vì vậy chúng tôi cam kết sẽ khiến quý khách có những trải nghiệm tuyệt vời nhất khi mua sắm hàng của chúng tôi với sự tin tưởng hoàn toàn.</p><div class=\"clear10\"></div>\r\n<li>Chúng tôi tạo ra chính sách bảo mật này để chứng minh cho cam kết về sự an toàn bảo mật với quý khách hàng. Qua Chính sách bảo mật thông tin này, chúng tôi muốn quý khách hiểu được về việc chúng tôi thu thập thông tin khách hàng, việc sử dụng và chia sẻ thông tin cũng như việc bảo mật thông tin khách hàng của chúng tôi.\r\n</li>\r\n</ul>\r\n<p>Chân thành cảm ơn quý khách hàng đã tin tưởng chọn chúng tôi là đơn vị đối tác cung cấp</p><div class=\"clear10\"></div>\r\n<h3 class=\"text-danger\">5- ĐỊA CHỈ CỦA ĐƠN VỊ THU THẬP VÀ QUẢN LÝ THÔNG TIN CÁ NHÂN\r\nCÔNG TY TIẾN THỊNH PHÁT GROUP.</h3><div class=\"clear10\"></div>\r\n<p>Địa chỉ: 180 Nguyễn Thị Búp, Phường Tân Chánh Hiệp,  Quận 12, Thành Phố Hồ Chí Minh.</p>\r\n<p>Điện thoại: (+84)47 28 38 38.</p><p class=\"clwhite\">Email: ttpsalanest@gmail.com.</p>\r\n', '2022-06-12', 1980, 'bao-mat-thong-tin-khach-hang-thiet-bi.webp'),
(5, 'TOP 9 CÔNG DỤNG CỦA YẾN SÀO.', '- Đối với yến sào ngoài công dụng bổ sung nhiều chất dinh dưỡng cho cơ thể nó còn mang lại khá nhiều lợi ích khác. Hãy cùng Tiến Thịnh Phát group tìm hiểu rõ hơn vể Yến Sào.', '\r\n  <h2 class=\"text-danger\">1-Tổng quan về yến sào</h2>\r\n<p>-Về món yến sào, từ “sào” ở đây có nghĩa là tổ chim; còn từ “yến” mang ý nghĩa chỉ tên một loài chim yến. Loài chim yến thường có tập tính xây tổ bằng chính nước bọt của mình, chúng sẽ kết hợp nước bọt với những vật liệu khác như lông chim, cỏ, rêu để xây dựng nên những tổ chim bền vững.</p>\r\n<br>\r\n <h2 class=\"text-danger\">2-9 công dụng chính của yến sào</h2>\r\n <p>- Theo những nhận định của Đông y, yến sào rất tốt cho hệ hô hấp. Những tác dụng từ yến sào có thể kể đến như bổ phế, dưỡng âm, tiêu đàm, trừ ho, định suyễn. Đặc biệt, khi ăn yến sào kết hợp cùng với vài lát gừng tươi sẽ có thể làm sạch phổi và các cơ quan hô hấp khác; từ đó có thể ngăn ngừa các triệu chứng cảm cúm, ho.</p><br>\r\n                                <h2 class=\"text-danger\">3 -Hỗ trợ tiêu hóa, kích thích ăn uống</h2>\r\n<p>–Theo nghiên cứu của các chuyên gia dinh dưỡng, Cr và một số nguyên tố quý hiếm khác có tác dụng tích cực trong việc thúc đẩy tiêu hóa, kích thích vị giác, tăng cường khả năng chuyển hóa cũng như hấp thụ các chất dinh dưỡng. Qua đó giúp người bệnh ăn uống ngon miệng và có một sức khỏe tốt hơn.</p><br>\r\n<h2 class=\"text-danger\">4- Tốt cho hệ thần kinh, cải thiện trí nhớ.</h2>\r\n<p>–Đây là một trong những công dụng được đánh giá cao của yến sào đối với hệ thần kinh. Một phần là nhờ một số vi chất dinh dưỡng chứa trong tổ yến như Mn, Cu, Zn, Br có tác dụng an thần, xoa dịu căng thẳng thần kinh, giúp bộ não hoạt động hiệu quả và nhạy bén tốt hơn.</p><br>\r\n<img src=\"img/yen-to-tinh-che-50gr0363_530x530.webp\" alt=\"yen-to-tinh-che\" title=\"Yến tôt tinh chế.\" style=\"text-align:center\">\r\n<h2 class=\"text-danger\">5. Tăng cường hệ miễn dịch</h2>\r\n<p>– Nhờ việc chứa sẵn trong mình 18 loại axit amin cùng nhiều vitamin và khoáng chất thiết yếu, nếu ăn yến sào thường xuyên sẽ giúp tăng cường hệ miễn dịch, nâng cao hiệu quả sức đề kháng. Qua đó cơ thể sẽ phòng chống lại các tác nhân gây hại cho sức khỏe, ngăn ngừa được nguy cơ bị bệnh tật.</p><br>\r\n<h2 class=\"text-danger\">6. Bổ huyết</h2>\r\n\r\n<p>- Công dụng bổ huyết từ yến sào cũng là một trong những lợi ích mà được nhiều người biết đến. Việc ăn yến sào có thể giúp làm tăng lưu lượng máu trong cơ thể nhờ chứa nhiều Protein và Fe.</p>\r\n<p>– Đây là hai dưỡng chất quan trọng tham gia vào quá trình tái tạo tế bào hồng cầu, tạo máu cho cơ thể. Sắt cũng là vật liệu để cơ thể tổng hợp hemoglobin giúp tăng khả năng vận chuyển oxy cung cấp cho các tế bào hoạt động tốt hơn.</p><br>\r\n<h2 class=\"text-danger\">7.  Kích thích sự phát triển đối với trẻ nhỏ</h2>\r\n</li>\r\n<p>– Trẻ nhỏ có nhu cầu dinh dưỡng rất lớn để phát triển toàn diện về thể chất cũng như trí tuệ. Tổ yến là một trong ít những thực phẩm có thể đáp ứng được phần lớn nhu cầu dưỡng chất hàng ngày để bé khỏe mạnh và có đủ năng lượng học tập, vui chơi.</p><br>\r\n<h2 class=\"text-danger\">7.  Kích thích sự phát triển đối với trẻ nhỏ</h2>\r\n\r\n<p>– Yến sào cũng có tác dụng tích cực trong việc thanh lọc máu, hỗ trợ gan đào thải độc tố. Đặc biệt, những người thường xuyên sử dụng bia rượu và hút thuốc lá thì nên ăn yến sào để bảo vệ các tế bào gan.</p>\r\n\r\n<p>– Ngoài ra, chúng tôi sẽ sử dụng thông tin quý khách cung cấp để hỗ trợ quản lý tài khoản khách hàng; xác nhận và thực hiện các giao dịch tài chính liên quan đến các khoản thanh toán trực tuyến của quý khách.</p>\r\n<p>- Trên thực tế, nhiều phụ huynh thường cho con ăn yến sào để con có được sự phát triển vượt trội so với các bạn cùng lứa tuổi.</p></ul><br>\r\n  <h2 class=\"text-danger\">8.Lợi ích cho gan</h2>                              \r\n    <li>- Chúng tôi có thể chia sẻ tên, số điện thoại và địa chỉ của quý khách cho dịch vụ chuyển phát nhanh để có thể giao hàng cho quý khách. Khi quý khách đăng ký làm thành viên trên trang web https://salanest.com/ chúng tôi cũng sẽ sử dụng thông tin cá nhân của quý khách để gửi các thông tin khuyến mãi/tiếp thị. Quý khách có thể hủy nhận các thông tin đó bất kỳ lúc nào bằng cách sử dụng chức năng hủy đăng ký trong các thông báo quảng cáo.</li><br>\r\n  <h2 class=\"text-danger\">9.Có ích cho hệ xương khớp</h2>\r\n\r\n<p> Ngoài protein hay axit amin, yến sào còn cung cấp nhiều canxi và Phenylalanine. Những chất này còn giúp hệ xương khớp phát triển toàn diện và chắc khỏe. Qua đó giảm thiểu được nguy cơ mắc các bệnh lý về xương khớp như loãng xương, thoái hóa khớp, viêm khớp.</p>\r\n<p>Bên cạnh đó, yến sào còn chứa glucosamine- một chất đóng vai trò quan trọng trong quá trình tái tạo, phục hồi tổn thương ở sụn, giúp xương khớp luôn vận hành trơn tru.</p><br>\r\n\r\n<h3 class=\"text-danger\">* Một vài lưu ý khi sử dụng yến sào.</h3>\r\n<p>Trước khi sử dụng yến sào, bạn cũng cần lưu ý quá trình làm sạch yến để tránh làm hao hụt chất dinh dưỡng có trong nó. Trong quá trình làm sạch lông yến sào nên tránh không ngâm yến vào nước nóng vì nó sẽ làm tan yến và mất đi các thành phần dinh dưỡng trong yến sào.</p>\r\n<p>Nhiều bạn vẫn nhầm lẫn rằng nếu rửa yến sào bằng các chất như cồn, rượu hay dầu ăn,.. sẽ giúp làm sạch yến. Tuy nhiên bạn không nên sử dụng những chất tẩy rửa vì nó sẽ làm mất hẳn đi hương vị của yến. Cách tốt nhất để rửa sạch là chỉ cần dùng nước sạch.</p>\r\n<p>Đối với việc bảo quản yến sáo, không nên bảo quản quá lâu vì có thể dẫn đến hiện trạng nấm mốc, biến chất gây ảnh hưởng đến sức khỏe của người sử dụng. Nếu bạn mua yến sào mà vẫn chưa sử dụng ngay thì sau khi làm sạch yến bạn nên vắt khô rồi bỏ vào ngăn mát của tủ lạnh, thời gian bảo quan tối đa là 1 tuần. Không nên phơi yến sào ngoài nắng vì nó sẽ làm mất đi các chất dinh dưỡng thiết yếu có sẵn trong nó.</p>\r\n<h3 class=\"text-danger\">* Yến sào có mấy loại?.</h3>\r\n<p>Trên thực tế yến sào có rất nhiều loại, lý do là bởi xuất xứ và điều kiện khí hậu môi trường xung quanh tổ chim. Chính vì thế mà yến sào được phân chia theo rất nhiều tiêu chí với giá thành và chất lượng cũng khác nhau.</p>\r\n<img src=\"img/yen-to-tinh-che-50gr0363_530x530.webp\" alt=\"yen-to-tinh-che\" title=\"Yến tôt tinh chế.\" ', '2022-06-12', 1980, 'yen-to-tinh-che-50gr0363_530x530.webp');

-- --------------------------------------------------------

--
-- Cấu trúc bảng cho bảng `tbl_brand`
--

CREATE TABLE `tbl_brand` (
  `brand_id` int(50) UNSIGNED NOT NULL,
  `brand_name` varchar(255) NOT NULL
) ENGINE=InnoDB DEFAULT CHARSET=utf8mb4;

--
-- Đang đổ dữ liệu cho bảng `tbl_brand`
--

INSERT INTO `tbl_brand` (`brand_id`, `brand_name`) VALUES
(1, 'SALANEST'),
(2, 'GIA BẢO'),
(3, 'HERA NEST');

-- --------------------------------------------------------

--
-- Cấu trúc bảng cho bảng `tbl_brand_lv2`
--

CREATE TABLE `tbl_brand_lv2` (
  `id` int(11) NOT NULL,
  `brand_id` int(100) NOT NULL,
  `brand_id_lv2` int(11) NOT NULL,
  `brand_name_lv2` varchar(255) NOT NULL
) ENGINE=InnoDB DEFAULT CHARSET=utf8mb4;

--
-- Đang đổ dữ liệu cho bảng `tbl_brand_lv2`
--

INSERT INTO `tbl_brand_lv2` (`id`, `brand_id`, `brand_id_lv2`, `brand_name_lv2`) VALUES
(1, 1, 11, 'đường phèn'),
(2, 1, 12, 'nhân sâm'),
(3, 1, 13, 'đông trùng'),
(4, 1, 17, 'saffron'),
(5, 1, 14, 'hạt chia'),
(6, 2, 21, 'đường phèn'),
(7, 2, 22, 'nhân sâm'),
(8, 2, 23, 'đông trùng'),
(9, 2, 24, 'hạt chia'),
(10, 2, 25, 'không đường'),
(11, 2, 26, 'táo đỏ'),
(12, 2, 27, 'saffron'),
(13, 3, 31, 'đường phèn'),
(14, 3, 32, 'nhân sâm'),
(15, 3, 33, 'đông trùng'),
(16, 3, 34, 'hạt chia'),
(17, 3, 35, 'không đường'),
(18, 3, 36, 'táo đỏ'),
(19, 3, 37, 'saffron'),
(20, 1, 15, 'Không đường');

-- --------------------------------------------------------

--
-- Cấu trúc bảng cho bảng `tbl_cart`
--

CREATE TABLE `tbl_cart` (
  `cartId` int(11) NOT NULL,
  `productId` int(11) UNSIGNED NOT NULL,
  `sessionId` varchar(255) NOT NULL,
  `productName` varchar(255) NOT NULL,
  `price` varchar(255) NOT NULL,
  `quantity` int(11) NOT NULL,
  `img` varchar(255) NOT NULL
) ENGINE=InnoDB DEFAULT CHARSET=utf8mb4;

-- --------------------------------------------------------

--
-- Cấu trúc bảng cho bảng `tbl_category`
--

CREATE TABLE `tbl_category` (
  `category_id` int(11) UNSIGNED NOT NULL,
  `category_name` varchar(50) NOT NULL
) ENGINE=InnoDB DEFAULT CHARSET=utf8;

--
-- Đang đổ dữ liệu cho bảng `tbl_category`
--

INSERT INTO `tbl_category` (`category_id`, `category_name`) VALUES
(1, 'Yến sào chưng đường phèn'),
(2, 'Yến chưng KID'),
(3, 'Yến chưng nhân sâm'),
(4, 'Yến chưng đông trùng hạ thảo'),
(5, 'Yến chưng Saffron'),
(6, 'Yến chưng hạt chia'),
(7, 'Yến chưng không đường'),
(8, 'Yến sào Táo Đỏ');

-- --------------------------------------------------------

--
-- Cấu trúc bảng cho bảng `tbl_customer`
--

CREATE TABLE `tbl_customer` (
  `id` int(11) UNSIGNED NOT NULL,
  `name` varchar(100) NOT NULL,
  `address` varchar(100) NOT NULL,
  `zipcode` varchar(255) NOT NULL,
  `email` varchar(100) NOT NULL,
  `password` varchar(100) NOT NULL
) ENGINE=InnoDB DEFAULT CHARSET=utf8;

-- --------------------------------------------------------

--
-- Cấu trúc bảng cho bảng `tbl_order`
--

CREATE TABLE `tbl_order` (
  `id` int(11) NOT NULL,
  `productId` int(100) UNSIGNED NOT NULL,
  `productName` varchar(255) NOT NULL,
  `quantity` int(40) NOT NULL,
  `price` varchar(255) NOT NULL,
  `img` varchar(255) NOT NULL,
  `customer_id` int(20) UNSIGNED NOT NULL,
  `status` int(11) NOT NULL DEFAULT 0,
  `date_order` timestamp NOT NULL DEFAULT current_timestamp()
) ENGINE=InnoDB DEFAULT CHARSET=utf8mb4;

-- --------------------------------------------------------

--
-- Cấu trúc bảng cho bảng `tbl_sanpham`
--

CREATE TABLE `tbl_sanpham` (
  `sanpham_id` int(11) UNSIGNED NOT NULL,
  `category_id` int(11) UNSIGNED NOT NULL,
  `brand_id_lv2` varchar(20) NOT NULL,
  `brand_id` int(11) UNSIGNED NOT NULL,
  `sanpham_name` varchar(255) NOT NULL,
  `sanpham_chitiet` text NOT NULL,
  `sanpham_mota` text NOT NULL,
  `sanpham_gia` int(50) NOT NULL,
  `sanpham_giakhuyenmai` int(50) NOT NULL,
  `sanpham_soluong` int(50) NOT NULL,
  `hinh` varchar(255) NOT NULL
) ENGINE=InnoDB DEFAULT CHARSET=utf8mb4;

--
-- Đang đổ dữ liệu cho bảng `tbl_sanpham`
--

INSERT INTO `tbl_sanpham` (`sanpham_id`, `category_id`, `brand_id_lv2`, `brand_id`, `sanpham_name`, `sanpham_chitiet`, `sanpham_mota`, `sanpham_gia`, `sanpham_giakhuyenmai`, `sanpham_soluong`, `hinh`) VALUES
(3, 1, '21', 2, 'Gia Bảo - Đường Phèn Hộp - Tiết kiệm', '<p>- Nước yến giúp ăn ngon, ngủ ngon,hồi phục sức khỏe nên được doanh nghiệp TIẾN THỊNH PHÁT cho ra đời dòng sản phẩm 6 hũ yến sào nguyên chất hạt chia Yến sào Gia Bảo-Đường Phèn, dinh dưỡng với công dụng tuyệt vời.</p>\r\n<br>\r\n<p>Thương hiệu  : Gia Bảo </p><hr>  <p>Sản xuất tại  : Việt Nam</p><hr> <p>Loại sản phẩm :\r\n  Yến sào</p><hr> <p>Bổ sung : Hạt chia</p><hr> <p>Thành phần    Yến Tươi: 30% ,  Nước tinh khiết: 68%, Đường phèn: 10%, Tảo biển: 2%, Lượng đường : ít đường.</p><hr>\r\n<p>Thể tích : 420 ml</p><hr>\r\n<p>Đóng gói  : Hộp.</p><hr>\r\n<p>Số lượng  : Hộp 6 hũ </p><hr>\r\n<p class=\"text-danger\">Lưu ý : Không sử dụng sản phẩm khi hết hạn ,nên sử dụng một lần khi mở nắp.</p>\r\n\r\n', '<h2 class=\"text-danger\">2 -Cung cấp dinh dưỡng dành cho người bị tiểu đường</h2> <p>- Hiện nay trên thị trường có khá nhiều dòng sản phẩm nước yến trong đó phân chia làm hai nhóm chính: nước yến có bổ sung đường và nước yến không đường.</p> <p>- Nước yến không đường không chất béo được khuyên dùng cho bệnh nhân tiểu đường bởi chúng giúp kiểm soát lượng đường trong máu, cũng như cải thiện tình trạng bệnh đáng kể.</p><p>Hộp 6 hũ tổ yến chưng sẵn hạt chia HERANEST không đường 420 ml được sản xuất,nhằm giúp người tiểu đường tăng cường sức khỏe,bồi bổ khí huyết và nâng cao sức đề kháng.</p> <h2 class=\"text-danger\">Công dụng:</h2>\r\n<p>- Kích thích tiêu hóa, giúp ăn uống ngon miệng </p>\r\n<p>- Cải thiện hệ miễn dịch, tăng sức đề kháng cho cơ thể</p> \r\n <p>- Bổ phế, long đờm, giảm ho</p>\r\n <p>- Ngăn ngừa các nguy cơ mắc bệnh xương khớp</p>\r\n <p>- Chống lão hóa, làm đẹp da</p>\r\n<p>- Tốt cho mẹ bầu và thai nhi: cung cấp các dinh dưỡng cần thiết ngăn ngừa và giảm triệu chứng ốm nghén, giảm trạng thái mệt mỏi, căng thẳng, stress</p>\r\n<h2 class=\"text-danger\">Hướng Dẫn Sử Dụng:</h2>\r\n <p>- Bảo quản nơi thoáng mát, dùng trực tiếp sau khi mở nắp.</p>\r\n<p>- Cách dùng: </p>\r\n <p>Trẻ em: Từ 12 tháng trở lên, ngày uống 1 hủ</p>\r\n <p>Phụ nữ có thai: Thai kỳ từ tháng thứ 4 và thai kỳ phải ổn định, ngày uống 1 hủ</p>\r\n<p>Nên ăn yến sào vào lúc sáng sớm, bụng đói và trước bữa ăn sáng khoảng 30 phút. Hoặc có thể dùng trước khi đi ngủ khoảng 1 tiếng. </p>\r\n<p>Người lớn tuổi: Ít bệnh nền, chỉ nên sử dụng yến sào 3 lần/ tuần, mỗi lần 1 hủ. Nếu sức khỏe yếu kém, cơ thể không còn khả năng hoạt động nhiều có thể sử dụng mỗi ngày với liều lượng 2 hủ trong tháng đầu tiên. Sang tháng thứ 2 thì dùng cách 2 ngày/ lần. Tháng thứ 3 trở đi thì dùng 10gr yến 3 ngày/ lần. \r\n</p>\r\n<p>Lắc nhẹ trước khi dùng, ngon hơn khi uống lạnh</p>', 239000, 230000, 20, 'yen-sao-gia-bao-duong-phen-10.webp'),
(4, 1, '21', 2, 'Gia Bảo - Đường Phèn - 6 Hũ', '<p>- Nước yến giúp ăn ngon, ngủ ngon,hồi phục sức khỏe nên được doanh nghiệp TIẾN THỊNH PHÁT cho ra đời dòng sản phẩm 6 hũ yến sào nguyên chất GIA BẢO -Đường phèn, dinh dưỡng với công dụng tuyệt vời.</p>\r\n<br>\r\n<p>Thương hiệu  : GIA BẢO </p><hr>  <p>Sản xuất tại  : Việt Nam</p><hr> <p>Loại sản phẩm :\r\n  Yến sào</p><hr> <p>Bổ sung : Hạt chia</p><hr> <p>Thành phần    Yến Tươi: 20% ,  Nước tinh khiết: 68%, Đường phèn: 10%, Tảo biển: 2%, Lượng đường : ít đường.</p><hr>\r\n<p>Thể tích : 420ml</p><hr>\r\n<p>Đóng gói  : Hộp.</p><hr>\r\n<p>Số lượng  : Hộp 6 hũ </p><hr>\r\n<p class=\"text-danger\">Lưu ý : Không sử dụng sản phẩm khi hết hạn ,nên sử dụng một lần khi mở nắp.</p>\r\n\r\n', '<h2 class=\"text-danger\">2 -Cung cấp dinh dưỡng dành cho người bị tiểu đường</h2> <p>- Hiện nay trên thị trường có khá nhiều dòng sản phẩm nước yến trong đó phân chia làm hai nhóm chính: nước yến có bổ sung đường và nước yến không đường.</p><p>- Nước yến không đường không chất béo được khuyên dùng cho bệnh nhân tiểu đường bởi chúng giúp kiểm soát lượng đường trong máu, cũng như cải thiện tình trạng bệnh đáng kể.</p><p>Hộp 6 hũ tổ yến chưng sẵn Gia Bảo - Đường Phèn không đường 420 ml được sản xuất,nhằm giúp người tiểu đường tăng cường sức khỏe,bồi bổ khí huyết và nâng cao sức đề kháng.</p> <h2 class=\"text-danger\">Công dụng:</h2>\r\n<p>- Kích thích tiêu hóa, giúp ăn uống ngon miệng </p>\r\n<p>- Cải thiện hệ miễn dịch, tăng sức đề kháng cho cơ thể</p> \r\n <p>- Bổ phế, long đờm, giảm ho</p>\r\n <p>- Ngăn ngừa các nguy cơ mắc bệnh xương khớp</p>\r\n <p>- Chống lão hóa, làm đẹp da</p>\r\n<p>- Tốt cho mẹ bầu và thai nhi: cung cấp các dinh dưỡng cần thiết ngăn ngừa và giảm triệu chứng ốm nghén, giảm trạng thái mệt mỏi, căng thẳng, stress</p>\r\n<h2 class=\"text-danger\">Hướng Dẫn Sử Dụng:</h2>\r\n <p>- Bảo quản nơi thoáng mát, dùng trực tiếp sau khi mở nắp.</p>\r\n<p>- Cách dùng: </p>\r\n <p>Trẻ em: Từ 12 tháng trở lên, ngày uống 1 hủ</p>\r\n <p>Phụ nữ có thai: Thai kỳ từ tháng thứ 4 và thai kỳ phải ổn định, ngày uống 1 hủ</p>\r\n<p>Nên ăn yến sào vào lúc sáng sớm, bụng đói và trước bữa ăn sáng khoảng 30 phút. Hoặc có thể dùng trước khi đi ngủ khoảng 1 tiếng. </p>\r\n<p>Người lớn tuổi: Ít bệnh nền, chỉ nên sử dụng yến sào 3 lần/ tuần, mỗi lần 1 hủ. Nếu sức khỏe yếu kém, cơ thể không còn khả năng hoạt động nhiều có thể sử dụng mỗi ngày với liều lượng 2 hủ trong tháng đầu tiên. Sang tháng thứ 2 thì dùng cách 2 ngày/ lần. Tháng thứ 3 trở đi thì dùng 10gr yến 3 ngày/ lần. \r\n</p>\r\n<p>Lắc nhẹ trước khi dùng, ngon hơn khi uống lạnh</p>', 239000, 230000, 20, 'yen-sao-gia-bao-duong-phen-3.webp'),
(28, 1, '11', 1, 'SALANEST - Đường Phèn - 6 lọ.', '<p>- Nước yến giúp ăn ngon, ngủ ngon,hồi phục sức khỏe nên được doanh nghiệp TIẾN THỊNH PHÁT cho ra đời dòng sản phẩm 6 hũ yến sào nguyên chất SALANEST - Đường Phèn, dinh dưỡng với công dụng tuyệt vời.</p>\r\n<br>\r\n<p>Thương hiệu  : SALANEST - Đường Phèn </p><hr>  <p>Sản xuất tại  : Việt Nam</p><hr> <p>Loại sản phẩm :\r\n  Yến sào</p><hr> <p>Bổ sung : Hạt chia</p><hr> <p>Thành phần    Yến Tươi: 20% ,Hạt chia: 10%,  Nước tinh khiết: 68%, Đường phèn: 10%, Tảo biển: 2%, Lượng đường : ít đường.</p><hr>\r\n<p>Thể tích : 420ml</p><hr>\r\n<p>Đóng gói  : Hộp.</p><hr>\r\n<p>Số lượng  : Hộp 6 hũ </p><hr>\r\n<p class=\"text-danger\">Lưu ý : Không sử dụng sản phẩm khi hết hạn ,nên sử dụng một lần khi mở nắp.</p>\r\n<br>\r\n', '<h2 class=\"text-danger\">2 -Cung cấp dinh dưỡng dành cho người bị tiểu đường</h2> <p>- Hiện nay trên thị trường có khá nhiều dòng sản phẩm nước yến trong đó phân chia làm hai nhóm chính: nước yến có bổ sung đường và nước yến không đường.</p> <p>- Nước yến không đường không chất béo được khuyên dùng cho bệnh nhân tiểu đường bởi chúng giúp kiểm soát lượng đường trong máu, cũng như cải thiện tình trạng bệnh đáng kể.</p><p>Hộp 6 hũ tổ yến chưng sẵn SALANEST - Đường Phèn 420 ml được sản xuất,nhằm giúp người tiểu đường tăng cường sức khỏe,bồi bổ khí huyết và nâng cao sức đề kháng.</p> <h2 class=\"text-danger\">Công dụng:</h2>\r\n<p>- Kích thích tiêu hóa, giúp ăn uống ngon miệng </p>\r\n<p>- Cải thiện hệ miễn dịch, tăng sức đề kháng cho cơ thể</p> \r\n <p>- Bổ phế, long đờm, giảm ho</p>\r\n <p>- Ngăn ngừa các nguy cơ mắc bệnh xương khớp</p>\r\n <p>- Chống lão hóa, làm đẹp da</p>\r\n<p>- Tốt cho mẹ bầu và thai nhi: cung cấp các dinh dưỡng cần thiết ngăn ngừa và giảm triệu chứng ốm nghén, giảm trạng thái mệt mỏi, căng thẳng, stress</p>\r\n<h2 class=\"text-danger\">Hướng Dẫn Sử Dụng:</h2>\r\n <p>- Bảo quản nơi thoáng mát, dùng trực tiếp sau khi mở nắp.</p>\r\n<p>- Cách dùng: </p>\r\n <p>Trẻ em: Từ 12 tháng trở lên, ngày uống 1 hủ</p>\r\n <p>Phụ nữ có thai: Thai kỳ từ tháng thứ 4 và thai kỳ phải ổn định, ngày uống 1 hủ</p>\r\n<p>Nên ăn yến sào vào lúc sáng sớm, bụng đói và trước bữa ăn sáng khoảng 30 phút. Hoặc có thể dùng trước khi đi ngủ khoảng 1 tiếng. </p>\r\n<p>Người lớn tuổi: Ít bệnh nền, chỉ nên sử dụng yến sào 3 lần/ tuần, mỗi lần 1 hủ. Nếu sức khỏe yếu kém, cơ thể không còn khả năng hoạt động nhiều có thể sử dụng mỗi ngày với liều lượng 2 hủ trong tháng đầu tiên. Sang tháng thứ 2 thì dùng cách 2 ngày/ lần. Tháng thứ 3 trở đi thì dùng 10gr yến 3 ngày/ lần. \r\n</p>\r\n<p>Lắc nhẹ trước khi dùng, ngon hơn khi uống lạnh</p>', 229000, 220000, 99, 'yen-sao-salanest-duong-phen-6.webp'),
(29, 1, '11', 1, 'SALANEST - Đường Phèn - Hộp Lớn.', '<p>- Nước yến giúp ăn ngon, ngủ ngon,hồi phục sức khỏe nên được doanh nghiệp TIẾN THỊNH PHÁT cho ra đời dòng sản phẩm 6 hũ yến sào nguyên chất SALANEST - Đường Phèn, dinh dưỡng với công dụng tuyệt vời.</p>\r\n<br>\r\n<p>Thương hiệu  : SALANEST - Đường Phèn </p><hr>  <p>Sản xuất tại  : Việt Nam</p><hr> <p>Loại sản phẩm :\r\n  Yến sào</p><hr> <p>Bổ sung : Hạt chia</p><hr> <p>Thành phần    Yến Tươi: 20% ,Hạt chia: 10%,  Nước tinh khiết: 68%, Đường phèn: 10%, Tảo biển: 2%, Lượng đường : ít đường.</p><hr>\r\n<p>Thể tích : 420ml</p><hr>\r\n<p>Đóng gói  : Hộp.</p><hr>\r\n<p>Số lượng  : Hộp 6 hũ </p><hr>\r\n<p class=\"text-danger\">Lưu ý : Không sử dụng sản phẩm khi hết hạn ,nên sử dụng một lần khi mở nắp.</p>\r\n<br>\r\n', '<h2 class=\"text-danger\">2 -Cung cấp dinh dưỡng dành cho người bị tiểu đường</h2><p>- Hiện nay trên thị trường có khá nhiều dòng sản phẩm nước yến trong đó phân chia làm hai nhóm chính: nước yến có bổ sung đường và nước yến không đường.</p> <p>- Nước yến không đường không chất béo được khuyên dùng cho bệnh nhân tiểu đường bởi chúng giúp kiểm soát lượng đường trong máu, cũng như cải thiện tình trạng bệnh đáng kể.</p><p>Hộp 6 hũ tổ yến chưng sẵn SALANEST - Đường Phèn 420 ml được sản xuất,nhằm giúp người tiểu đường tăng cường sức khỏe,bồi bổ khí huyết và nâng cao sức đề kháng.</p><h2 class=\"text-danger\">Công dụng:</h2>\r\n<p>- Kích thích tiêu hóa, giúp ăn uống ngon miệng </p>\r\n<p>- Cải thiện hệ miễn dịch, tăng sức đề kháng cho cơ thể</p> \r\n <p>- Bổ phế, long đờm, giảm ho</p>\r\n <p>- Ngăn ngừa các nguy cơ mắc bệnh xương khớp</p>\r\n <p>- Chống lão hóa, làm đẹp da</p>\r\n<p>- Tốt cho mẹ bầu và thai nhi: cung cấp các dinh dưỡng cần thiết ngăn ngừa và giảm triệu chứng ốm nghén, giảm trạng thái mệt mỏi, căng thẳng, stress</p>\r\n<h2 class=\"text-danger\">Hướng Dẫn Sử Dụng:</h2>\r\n <p>- Bảo quản nơi thoáng mát, dùng trực tiếp sau khi mở nắp.</p>\r\n<p>- Cách dùng: </p>\r\n <p>Trẻ em: Từ 12 tháng trở lên, ngày uống 1 hủ</p>\r\n <p>Phụ nữ có thai: Thai kỳ từ tháng thứ 4 và thai kỳ phải ổn định, ngày uống 1 hủ</p>\r\n<p>Nên ăn yến sào vào lúc sáng sớm, bụng đói và trước bữa ăn sáng khoảng 30 phút. Hoặc có thể dùng trước khi đi ngủ khoảng 1 tiếng. </p>\r\n<p>Người lớn tuổi: Ít bệnh nền, chỉ nên sử dụng yến sào 3 lần/ tuần, mỗi lần 1 hủ. Nếu sức khỏe yếu kém, cơ thể không còn khả năng hoạt động nhiều có thể sử dụng mỗi ngày với liều lượng 2 hủ trong tháng đầu tiên. Sang tháng thứ 2 thì dùng cách 2 ngày/ lần. Tháng thứ 3 trở đi thì dùng 10gr yến 3 ngày/ lần. \r\n</p>\r\n<p>Lắc nhẹ trước khi dùng, ngon hơn khi uống lạnh</p>', 229000, 220000, 99, 'yen-sao-salanest-duong-phen-7.webp'),
(30, 1, '31', 3, 'HERANEST - Đường Phèn - 6 hũ .', '<p>- Nước yến giúp ăn ngon, ngủ ngon,hồi phục sức khỏe nên được doanh nghiệp TIẾN THỊNH PHÁT cho ra đời dòng sản phẩm 6 hũ yến sào nguyên chất HERANEST - Đường Phèn, dinh dưỡng với công dụng tuyệt vời.</p>\r\n<br>\r\n<p>Thương hiệu  : HERANEST - Đường Phèn </p><hr>  <p>Sản xuất tại  : Việt Nam</p><hr> <p>Loại sản phẩm :\r\n  Yến sào</p><hr> <p>Bổ sung : Hạt chia</p><hr> <p>Thành phần    Yến Tươi: 20% ,Hạt chia: 10%,  Nước tinh khiết: 68%, Đường phèn: 10%, Tảo biển: 2%, Lượng đường : Không đường.</p><hr>\r\n<p>Thể tích : 420ml</p><hr>\r\n<p>Đóng gói  : Hộp.</p><hr>\r\n<p>Số lượng  : Hộp 6 hũ </p><hr>\r\n<p class=\"text-danger\">Lưu ý : Không sử dụng sản phẩm khi hết hạn ,nên sử dụng một lần khi mở nắp.</p>\r\n<br>\r\n', '<h2 class=\"text-danger\">2 -Cung cấp dinh dưỡng dành cho người bị tiểu đường</h2><p>- Hiện nay trên thị trường có khá nhiều dòng sản phẩm nước yến trong đó phân chia làm hai nhóm chính: nước yến có bổ sung đường và nước yến không đường.</p><p>- Nước yến không đường không chất béo được khuyên dùng cho bệnh nhân tiểu đường bởi chúng giúp kiểm soát lượng đường trong máu, cũng như cải thiện tình trạng bệnh đáng kể.</p><p>Hộp 6 hũ tổ yến chưng sẵn HERANEST - Đường Phèn 420 ml được sản xuất,nhằm giúp người tiểu đường tăng cường sức khỏe,bồi bổ khí huyết và nâng cao sức đề kháng.</p><h2 class=\"text-danger\">Công dụng:</h2>\r\n<p>- Kích thích tiêu hóa, giúp ăn uống ngon miệng </p>\r\n<p>- Cải thiện hệ miễn dịch, tăng sức đề kháng cho cơ thể</p> \r\n <p>- Bổ phế, long đờm, giảm ho</p>\r\n <p>- Ngăn ngừa các nguy cơ mắc bệnh xương khớp</p>\r\n <p>- Chống lão hóa, làm đẹp da</p>\r\n<p>- Tốt cho mẹ bầu và thai nhi: cung cấp các dinh dưỡng cần thiết ngăn ngừa và giảm triệu chứng ốm nghén, giảm trạng thái mệt mỏi, căng thẳng, stress</p>\r\n<h2 class=\"text-danger\">Hướng Dẫn Sử Dụng:</h2>\r\n <p>- Bảo quản nơi thoáng mát, dùng trực tiếp sau khi mở nắp.</p>\r\n<p>- Cách dùng: </p>\r\n <p>Trẻ em: Từ 12 tháng trở lên, ngày uống 1 hủ</p>\r\n <p>Phụ nữ có thai: Thai kỳ từ tháng thứ 4 và thai kỳ phải ổn định, ngày uống 1 hủ</p>\r\n<p>Nên ăn yến sào vào lúc sáng sớm, bụng đói và trước bữa ăn sáng khoảng 30 phút. Hoặc có thể dùng trước khi đi ngủ khoảng 1 tiếng. </p>\r\n<p>Người lớn tuổi: Ít bệnh nền, chỉ nên sử dụng yến sào 3 lần/ tuần, mỗi lần 1 hủ. Nếu sức khỏe yếu kém, cơ thể không còn khả năng hoạt động nhiều có thể sử dụng mỗi ngày với liều lượng 2 hủ trong tháng đầu tiên. Sang tháng thứ 2 thì dùng cách 2 ngày/ lần. Tháng thứ 3 trở đi thì dùng 10gr yến 3 ngày/ lần. \r\n</p>\r\n<p>Lắc nhẹ trước khi dùng, ngon hơn khi uống lạnh</p>', 239000, 230000, 10, 'duongphen_6c_tra.webp'),
(31, 1, '31', 3, 'HERANEST - Đường Phèn - 6 hũ .', '<p>- Nước yến giúp ăn ngon, ngủ ngon,hồi phục sức khỏe nên được doanh nghiệp TIẾN THỊNH PHÁT cho ra đời dòng sản phẩm 6 hũ yến sào nguyên chất HERANEST - Đường Phèn, dinh dưỡng với công dụng tuyệt vời.</p>\r\n<br>\r\n<p>Thương hiệu  : HERANEST - Đường Phèn </p><hr>  <p>Sản xuất tại  : Việt Nam</p><hr> <p>Loại sản phẩm :\r\n  Yến sào</p><hr> <p>Bổ sung : Hạt chia</p><hr> <p>Thành phần    Yến Tươi: 20% ,Hạt chia: 10%,  Nước tinh khiết: 68%, Đường phèn: 10%, Tảo biển: 2%, Lượng đường : Không đường.</p><hr>\r\n<p>Thể tích : 420ml</p><hr>\r\n<p>Đóng gói  : Hộp.</p><hr>\r\n<p>Số lượng  : Hộp 6 hũ </p><hr>\r\n<p class=\"text-danger\">Lưu ý : Không sử dụng sản phẩm khi hết hạn ,nên sử dụng một lần khi mở nắp.</p>\r\n<br>\r\n', '<h2 class=\"text-danger\">2 -Cung cấp dinh dưỡng dành cho người bị tiểu đường</h2><p>- Hiện nay trên thị trường có khá nhiều dòng sản phẩm nước yến trong đó phân chia làm hai nhóm chính: nước yến có bổ sung đường và nước yến không đường.</p><p>- Nước yến không đường không chất béo được khuyên dùng cho bệnh nhân tiểu đường bởi chúng giúp kiểm soát lượng đường trong máu, cũng như cải thiện tình trạng bệnh đáng kể.</p><p>Hộp 6 hũ tổ yến chưng sẵn HERANEST - Đường Phèn 420 ml được sản xuất,nhằm giúp người tiểu đường tăng cường sức khỏe,bồi bổ khí huyết và nâng cao sức đề kháng.</p><p>TIẾN THỊNH PHÁT group chuyên sản xuất kinh doanh ngành hàng thực phẩm dinh dưỡng , đặt biệt là mặt hàng nước yến sào HERANEST, Gia Bảo, SALANESST,là sản phẩm phù hợp cho mọi đối tượng, giúp tăng cường sức khỏe,giảm mệt mỏi,chống lão hóa,tăng sức đề kháng.Với phương pháp chế biến cổ truyền trên dây chuyền đạt chuẩn an toàn thực phẩm,chora sản phẩm chất lượng cao.</p>', 255000, 250000, 10, 'duongphen_6c_tra.webp'),
(32, 1, '31', 3, 'HERANEST - Đường Phèn - Hộp lớn.', '<p>- Nước yến giúp ăn ngon, ngủ ngon,hồi phục sức khỏe nên được doanh nghiệp TIẾN THỊNH PHÁT cho ra đời dòng sản phẩm 6 hũ yến sào nguyên chất HERANEST - Đường Phèn, dinh dưỡng với công dụng tuyệt vời.</p>\r\n<br>\r\n<p>Thương hiệu  : HERANEST - Đường Phèn </p><hr>  <p>Sản xuất tại  : Việt Nam</p><hr> <p>Loại sản phẩm :\r\n  Yến sào</p><hr> <p>Bổ sung : Hạt chia</p><hr> <p>Thành phần    Yến Tươi: 20% ,Hạt chia: 10%,  Nước tinh khiết: 68%, Đường phèn: 10%, Tảo biển: 2%, Lượng đường : Không đường.</p><hr>\r\n<p>Thể tích : 420ml</p><hr>\r\n<p>Đóng gói  : Hộp.</p><hr>\r\n<p>Số lượng  : Hộp 6 hũ </p><hr>\r\n<p class=\"text-danger\">Lưu ý : Không sử dụng sản phẩm khi hết hạn ,nên sử dụng một lần khi mở nắp.</p>\r\n<br>\r\n', '<h2 class=\"text-danger\">2 -Cung cấp dinh dưỡng dành cho người bị tiểu đường</h2><p>- Hiện nay trên thị trường có khá nhiều dòng sản phẩm nước yến trong đó phân chia làm hai nhóm chính: nước yến có bổ sung đường và nước yến không đường.</p><p>- Nước yến không đường không chất béo được khuyên dùng cho bệnh nhân tiểu đường bởi chúng giúp kiểm soát lượng đường trong máu, cũng như cải thiện tình trạng bệnh đáng kể.</p><p>Hộp 6 hũ tổ yến chưng sẵn HERANEST - Đường Phèn 420 ml được sản xuất,nhằm giúp người tiểu đường tăng cường sức khỏe,bồi bổ khí huyết và nâng cao sức đề kháng.</p> <h2 class=\"text-danger\">Công dụng:</h2>\r\n<p>- Kích thích tiêu hóa, giúp ăn uống ngon miệng </p>\r\n<p>- Cải thiện hệ miễn dịch, tăng sức đề kháng cho cơ thể</p> \r\n <p>- Bổ phế, long đờm, giảm ho</p>\r\n <p>- Ngăn ngừa các nguy cơ mắc bệnh xương khớp</p>\r\n <p>- Chống lão hóa, làm đẹp da</p>\r\n<p>- Tốt cho mẹ bầu và thai nhi: cung cấp các dinh dưỡng cần thiết ngăn ngừa và giảm triệu chứng ốm nghén, giảm trạng thái mệt mỏi, căng thẳng, stress</p>\r\n<h2 class=\"text-danger\">Hướng Dẫn Sử Dụng:</h2>\r\n <p>- Bảo quản nơi thoáng mát, dùng trực tiếp sau khi mở nắp.</p>\r\n<p>- Cách dùng: </p>\r\n <p>Trẻ em: Từ 12 tháng trở lên, ngày uống 1 hủ</p>\r\n <p>Phụ nữ có thai: Thai kỳ từ tháng thứ 4 và thai kỳ phải ổn định, ngày uống 1 hủ</p>\r\n<p>Nên ăn yến sào vào lúc sáng sớm, bụng đói và trước bữa ăn sáng khoảng 30 phút. Hoặc có thể dùng trước khi đi ngủ khoảng 1 tiếng. </p>\r\n<p>Người lớn tuổi: Ít bệnh nền, chỉ nên sử dụng yến sào 3 lần/ tuần, mỗi lần 1 hủ. Nếu sức khỏe yếu kém, cơ thể không còn khả năng hoạt động nhiều có thể sử dụng mỗi ngày với liều lượng 2 hủ trong tháng đầu tiên. Sang tháng thứ 2 thì dùng cách 2 ngày/ lần. Tháng thứ 3 trở đi thì dùng 10gr yến 3 ngày/ lần. \r\n</p>\r\n<p>Lắc nhẹ trước khi dùng, ngon hơn khi uống lạnh</p><br>', 255000, 250000, 10, 'duongphen_front_tra.webp'),
(33, 1, '31', 3, 'HERANEST - Đường Phèn - 1 hũ.', '<p>- Nước yến giúp ăn ngon, ngủ ngon,hồi phục sức khỏe nên được doanh nghiệp TIẾN THỊNH PHÁT cho ra đời dòng sản phẩm 6 hũ yến sào nguyên chất SALANEST - Đường Phèn, dinh dưỡng với công dụng tuyệt vời.</p>\r\n<br>\r\n<p>Thương hiệu  : SALANEST - Đường Phèn </p><hr>  <p>Sản xuất tại  : Việt Nam</p><hr> <p>Loại sản phẩm :\r\n  Yến sào</p><hr> <p>Bổ sung : Hạt chia</p><hr> <p>Thành phần    Yến Tươi: 35% ,Hạt chia: 10%,  Nước tinh khiết: 68%, Đường phèn: 10%, Tảo biển: 2%, Lượng đường : ít đường.</p><hr>\r\n<p>Thể tích : 420ml</p><hr>\r\n<p>Đóng gói  : Hộp.</p><hr>\r\n<p>Số lượng  : Hộp 6 hũ </p><hr>\r\n<p class=\"text-danger\">Lưu ý : Không sử dụng sản phẩm khi hết hạn ,nên sử dụng một lần khi mở nắp.</p>\r\n<br>\r\n', '<h2 class=\"text-danger\">2 -Cung cấp dinh dưỡng dành cho người bị tiểu đường</h2><p>- Hiện nay trên thị trường có khá nhiều dòng sản phẩm nước yến trong đó phân chia làm hai nhóm chính: nước yến có bổ sung đường và nước yến không đường.</p><p>- Nước yến không đường không chất béo được khuyên dùng cho bệnh nhân tiểu đường bởi chúng giúp kiểm soát lượng đường trong máu, cũng như cải thiện tình trạng bệnh đáng kể.</p><p>Hộp 6 hũ tổ yến chưng sẵn HERANEST - Đường Phèn 420 ml được sản xuất,nhằm giúp người tiểu đường tăng cường sức khỏe,bồi bổ khí huyết và nâng cao sức đề kháng.</p><h2 class=\"text-danger\">Công dụng:</h2>\r\n<p>- Kích thích tiêu hóa, giúp ăn uống ngon miệng </p>\r\n<p>- Cải thiện hệ miễn dịch, tăng sức đề kháng cho cơ thể</p> \r\n <p>- Bổ phế, long đờm, giảm ho</p>\r\n <p>- Ngăn ngừa các nguy cơ mắc bệnh xương khớp</p>\r\n <p>- Chống lão hóa, làm đẹp da</p>\r\n<p>- Tốt cho mẹ bầu và thai nhi: cung cấp các dinh dưỡng cần thiết ngăn ngừa và giảm triệu chứng ốm nghén, giảm trạng thái mệt mỏi, căng thẳng, stress</p>\r\n<h2 class=\"text-danger\">Hướng Dẫn Sử Dụng:</h2>\r\n <p>- Bảo quản nơi thoáng mát, dùng trực tiếp sau khi mở nắp.</p>\r\n<p>- Cách dùng: </p>\r\n <p>Trẻ em: Từ 12 tháng trở lên, ngày uống 1 hủ</p>\r\n <p>Phụ nữ có thai: Thai kỳ từ tháng thứ 4 và thai kỳ phải ổn định, ngày uống 1 hủ</p>\r\n<p>Nên ăn yến sào vào lúc sáng sớm, bụng đói và trước bữa ăn sáng khoảng 30 phút. Hoặc có thể dùng trước khi đi ngủ khoảng 1 tiếng. </p>\r\n<p>Người lớn tuổi: Ít bệnh nền, chỉ nên sử dụng yến sào 3 lần/ tuần, mỗi lần 1 hủ. Nếu sức khỏe yếu kém, cơ thể không còn khả năng hoạt động nhiều có thể sử dụng mỗi ngày với liều lượng 2 hủ trong tháng đầu tiên. Sang tháng thứ 2 thì dùng cách 2 ngày/ lần. Tháng thứ 3 trở đi thì dùng 10gr yến 3 ngày/ lần. \r\n</p>\r\n<p>Lắc nhẹ trước khi dùng, ngon hơn khi uống lạnh</p><br>', 49000, 40000, 99, 'duongphen_1c_tra.webp'),
(247, 2, '17', 1, 'SALANEST-KIDS-1 Hũ', '<p>- Nước yến giúp ăn ngon, ngủ ngon,hồi phục sức khỏe nên được doanh nghiệp TIẾN THỊNH PHÁT cho ra đời dòng sản phẩm 1 hũ yến sào nguyên chất SALANEST - Không Đường, dinh dưỡng với công dụng tuyệt vời.</p>\r\n<br>\r\n<p>Thương hiệu  : SALANEST - KIDS</p><hr>  <p>Sản xuất tại  : Việt Nam</p><hr> <p>Loại sản phẩm :\r\n  Yến sào</p><hr><p> Yến Tươi: 20%</p><hr>\r\n <p> Nước tinh khiết: 68%</p><hr>\r\n <p> Đường phèn: 8%</p><hr>\r\n <p> Tảo biển: 2%</p><hr>\r\n <p Vitamin D3, Tảo biển: 2%></p><hr>\r\n<p> Lysine: 2%</p><hr>\r\n<p>Thể tích : 70ml</p><hr>\r\n<p>Đóng gói  : Hộp.</p><hr>\r\n<p>Số lượng  : Hộp 1 hũ </p><hr>\r\n<p class=\"text-danger\">Lưu ý : Không sử dụng sản phẩm khi hết hạn ,nên sử dụng một lần khi mở nắp.</p>\r\n<br>\r\n', '<h2 class=\"text-danger\">2 -Cung cấp dinh dưỡng dành cho người bị tiểu đường</h2><p>- Hiện nay trên thị trường có khá nhiều dòng sản phẩm nước yến trong đó phân chia làm hai nhóm chính: nước yến có bổ sung đường và nước yến không đường.</p><p>- Nước yến không đường không chất béo được khuyên dùng cho bệnh nhân tiểu đường bởi chúng giúp kiểm soát lượng đường trong máu, cũng như cải thiện tình trạng bệnh đáng kể.</p><p>Hộp 1 hũ tổ yến chưng sẵn SALANEST -KIDS 70 ml được sản xuất,nhằm giúp người tiểu đường tăng cường sức khỏe,bồi bổ khí huyết và nâng cao sức đề kháng.</p><h2 class=\"text-danger\">Công dụng:</h2>\r\n <p>-Tăng cường sức đề kháng và hệ miễn dịch</p>\r\n<p>--Giúp cơ thể khỏe mạnh, hạn chế suy nhược, hạn chế suy dinh dưỡng ở trẻ em </p>\r\n<p>- Bổ sung năng lượng tốt cho cơ thể, hỗ trợ tái tạo tế bào, tăng cường sự đàn hồi và sức mạnh các mô cơ </p>\r\n-  <p>Kích thích hệ tiêu hóa, tăng cường khả năng hấp thu dưỡng chất</p>\r\n<p>- Cải thiện trí nhớ, tốt cho hệ thần kinh, đặc biệt hữu ích với người già </p>\r\n <p>- Cải thiện chức năng gan thận</p>\r\n <p>- Giải nhiệt và đào thải độc tố</p>\r\n<p>- Làm sạch cơ quan hô hấp </p>\r\n<p>- Hỗ trợ ngăn ngừa và điều trị các bệnh tim mạch, mỡ máu, xơ vữa động mạch, tiểu đường, huyết áp, đột quỵ,.. </p>\r\n<p>- Tăng cường sinh lý</p>\r\n<h2 class=\"text-danger\">Hướng Dẫn Sử Dụng:</h2>\r\n<p>- Bảo quản nơi thoáng mát, dùng trực tiếp sau khi mở nắp. </p>\r\n <p>- Cách dùng:</p>\r\n<p>Trẻ em: Từ 12 tháng trở lên, ngày uống 1 hủ </p>\r\n<p>Phụ nữ có thai: Thai kỳ từ tháng thứ 4 và thai kỳ phải ổn định, ngày uống 1 hủ </p>\r\n <p>Người lớn tuổi: Ít bệnh nền, chỉ nên sử dụng yến sào 3 lần/ tuần, mỗi lần 1 hủ. Nếu sức khỏe yếu kém, cơ thể không còn khả năng hoạt động nhiều có thể sử dụng mỗi ngày với liều lượng 2 hủ trong tháng đầu tiên. Sang tháng thứ 2 thì dùng cách 2 ngày/ lần. Tháng thứ 3 trở đi thì dùng 10gr yến 3 ngày/ lần.</p>\r\n <p>Nên ăn yến sào vào lúc sáng sớm, bụng đói và trước bữa ăn sáng khoảng 30 phút. Hoặc có thể dùng trước khi đi ngủ khoảng 1 tiếng.</p>\r\n<p>Lắc nhẹ trước khi dùng, ngon hơn khi uống lạnh</p>', 49000, 40000, 99, 'yen-sao-salanest-kid-4.webp'),
(248, 2, '18', 1, 'SALANEST-KIDS-6 Hũ', '<p>- Nước yến giúp ăn ngon, ngủ ngon,hồi phục sức khỏe nên được doanh nghiệp TIẾN THỊNH PHÁT cho ra đời dòng sản phẩm 6 hũ yến sào nguyên chất SALANEST - Không Đường, dinh dưỡng với công dụng tuyệt vời.</p>\r\n<br>\r\n<p>Thương hiệu  : SALANEST - KIDS</p><hr>  <p>Sản xuất tại  : Việt Nam</p><hr> <p>Loại sản phẩm :\r\n  Yến sào</p><hr><p> Yến Tươi: 20%</p><hr>\r\n <p> Nước tinh khiết: 68%</p><hr>\r\n <p> Đường phèn: 8%</p><hr>\r\n <p> Tảo biển: 2%</p><hr>\r\n <p Vitamin D3, Tảo biển: 2%></p><hr>\r\n<p> Lysine: 2%</p><hr>\r\n<p>Thể tích : 420ml</p><hr>\r\n<p>Đóng gói  : Hộp.</p><hr>\r\n<p>Số lượng  : Hộp 6 hũ </p><hr>\r\n<p class=\"text-danger\">Lưu ý : Không sử dụng sản phẩm khi hết hạn ,nên sử dụng một lần khi mở nắp.</p>\r\n<br>\r\n', '<h2 class=\"text-danger\">2 -Cung cấp dinh dưỡng dành cho người bị tiểu đường</h2><p>- Hiện nay trên thị trường có khá nhiều dòng sản phẩm nước yến trong đó phân chia làm hai nhóm chính: nước yến có bổ sung đường và nước yến không đường.</p><p>- Nước yến không đường không chất béo được khuyên dùng cho bệnh nhân tiểu đường bởi chúng giúp kiểm soát lượng đường trong máu, cũng như cải thiện tình trạng bệnh đáng kể.</p><p>Hộp 6 hũ tổ yến chưng sẵn SALANEST -KIDS 420 ml được sản xuất,nhằm giúp người tiểu đường tăng cường sức khỏe,bồi bổ khí huyết và nâng cao sức đề kháng.</p><h2 class=\"text-danger\">Công dụng:</h2>\r\n <p>-Tăng cường sức đề kháng và hệ miễn dịch</p>\r\n<p>--Giúp cơ thể khỏe mạnh, hạn chế suy nhược, hạn chế suy dinh dưỡng ở trẻ em </p>\r\n<p>- Bổ sung năng lượng tốt cho cơ thể, hỗ trợ tái tạo tế bào, tăng cường sự đàn hồi và sức mạnh các mô cơ </p>\r\n-  <p>Kích thích hệ tiêu hóa, tăng cường khả năng hấp thu dưỡng chất</p>\r\n<p>- Cải thiện trí nhớ, tốt cho hệ thần kinh, đặc biệt hữu ích với người già </p>\r\n <p>- Cải thiện chức năng gan thận</p>\r\n <p>- Giải nhiệt và đào thải độc tố</p>\r\n<p>- Làm sạch cơ quan hô hấp </p>\r\n<p>- Hỗ trợ ngăn ngừa và điều trị các bệnh tim mạch, mỡ máu, xơ vữa động mạch, tiểu đường, huyết áp, đột quỵ,.. </p>\r\n<p>- Tăng cường sinh lý</p>\r\n<h2 class=\"text-danger\">Hướng Dẫn Sử Dụng:</h2>\r\n<p>- Bảo quản nơi thoáng mát, dùng trực tiếp sau khi mở nắp. </p>\r\n <p>- Cách dùng:</p>\r\n<p>Trẻ em: Từ 12 tháng trở lên, ngày uống 1 hủ </p>\r\n<p>Phụ nữ có thai: Thai kỳ từ tháng thứ 4 và thai kỳ phải ổn định, ngày uống 1 hủ </p>\r\n <p>Người lớn tuổi: Ít bệnh nền, chỉ nên sử dụng yến sào 3 lần/ tuần, mỗi lần 1 hủ. Nếu sức khỏe yếu kém, cơ thể không còn khả năng hoạt động nhiều có thể sử dụng mỗi ngày với liều lượng 2 hủ trong tháng đầu tiên. Sang tháng thứ 2 thì dùng cách 2 ngày/ lần. Tháng thứ 3 trở đi thì dùng 10gr yến 3 ngày/ lần.</p>\r\n <p>Nên ăn yến sào vào lúc sáng sớm, bụng đói và trước bữa ăn sáng khoảng 30 phút. Hoặc có thể dùng trước khi đi ngủ khoảng 1 tiếng.</p>\r\n<p>Lắc nhẹ trước khi dùng, ngon hơn khi uống lạnh</p>', 229000, 220000, 99, 'yen-sao-salanest-kid-7.webp'),
(250, 2, '18', 1, 'SALANEST-KIDS-1 Hũ', '<p>- Nước yến giúp ăn ngon, ngủ ngon,hồi phục sức khỏe nên được doanh nghiệp TIẾN THỊNH PHÁT cho ra đời dòng sản phẩm 1 hũ yến sào nguyên chất SALANEST - Táo Đỏ, dinh dưỡng với công dụng tuyệt vời.</p>\r\n<br>\r\n<p>Thương hiệu  : SALANEST - Táo Đỏ</p><hr>  <p>Sản xuất tại  : Việt Nam</p><hr> <p>Loại sản phẩm :\r\n  Yến sào</p><hr><p> Yến Tươi: 20%</p><hr>\r\n <p> Nước tinh khiết: 68%</p><hr>\r\n <p> Táo Đỏ: 8%</p><hr>\r\n <p> Tảo biển: 2%</p><hr>\r\n <p Vitamin D3, Tảo biển: 2%></p><hr>\r\n<p> Lysine: 2%</p><hr>\r\n<p>Thể tích : 70ml</p><hr>\r\n<p>Đóng gói  : Hộp.</p><hr>\r\n<p>Số lượng  : Hộp 1 hũ </p><hr>\r\n<p class=\"text-danger\">Lưu ý : Không sử dụng sản phẩm khi hết hạn ,nên sử dụng một lần khi mở nắp.</p>\r\n<br>\r\n', '<h2 class=\"text-danger\">2 -Cung cấp dinh dưỡng dành cho người bị tiểu đường</h2><p>- Hiện nay trên thị trường có khá nhiều dòng sản phẩm nước yến trong đó phân chia làm hai nhóm chính: nước yến có bổ sung đường và nước yến không đường.</p><p>- Nước yến không đường không chất béo được khuyên dùng cho bệnh nhân tiểu đường bởi chúng giúp kiểm soát lượng đường trong máu, cũng như cải thiện tình trạng bệnh đáng kể.</p><p>Hộp 1 hũ tổ yến chưng sẵn SALANEST -Táo Đỏ 70 ml được sản xuất,nhằm giúp người tiểu đường tăng cường sức khỏe,bồi bổ khí huyết và nâng cao sức đề kháng.</p><h2 class=\"text-danger\">Công dụng:</h2>\r\n <p>-Tăng cường sức đề kháng và hệ miễn dịch</p>\r\n<p>--Giúp cơ thể khỏe mạnh, hạn chế suy nhược, hạn chế suy dinh dưỡng ở trẻ em </p>\r\n<p>- Bổ sung năng lượng tốt cho cơ thể, hỗ trợ tái tạo tế bào, tăng cường sự đàn hồi và sức mạnh các mô cơ </p>\r\n-  <p>Kích thích hệ tiêu hóa, tăng cường khả năng hấp thu dưỡng chất</p>\r\n<p>- Cải thiện trí nhớ, tốt cho hệ thần kinh, đặc biệt hữu ích với người già </p>\r\n <p>- Cải thiện chức năng gan thận</p>\r\n <p>- Giải nhiệt và đào thải độc tố</p>\r\n<p>- Làm sạch cơ quan hô hấp </p>\r\n<p>- Hỗ trợ ngăn ngừa và điều trị các bệnh tim mạch, mỡ máu, xơ vữa động mạch, tiểu đường, huyết áp, đột quỵ,.. </p>\r\n<p>- Tăng cường sinh lý</p>\r\n<h2 class=\"text-danger\">Hướng Dẫn Sử Dụng:</h2>\r\n<p>- Bảo quản nơi thoáng mát, dùng trực tiếp sau khi mở nắp. </p>\r\n <p>- Cách dùng:</p>\r\n<p>Trẻ em: Từ 12 tháng trở lên, ngày uống 1 hủ </p>\r\n<p>Phụ nữ có thai: Thai kỳ từ tháng thứ 4 và thai kỳ phải ổn định, ngày uống 1 hủ </p>\r\n <p>Người lớn tuổi: Ít bệnh nền, chỉ nên sử dụng yến sào 3 lần/ tuần, mỗi lần 1 hủ. Nếu sức khỏe yếu kém, cơ thể không còn khả năng hoạt động nhiều có thể sử dụng mỗi ngày với liều lượng 2 hủ trong tháng đầu tiên. Sang tháng thứ 2 thì dùng cách 2 ngày/ lần. Tháng thứ 3 trở đi thì dùng 10gr yến 3 ngày/ lần.</p>\r\n <p>Nên ăn yến sào vào lúc sáng sớm, bụng đói và trước bữa ăn sáng khoảng 30 phút. Hoặc có thể dùng trước khi đi ngủ khoảng 1 tiếng.</p>\r\n<p>Lắc nhẹ trước khi dùng, ngon hơn khi uống lạnh</p>', 59000, 55000, 99, 'yen-sao-salanest-kid-4.webp'),
(304, 3, '32', 3, 'HERANEST -Nhân Sâm - 6 Hũ.', '<p>- Nước yến giúp ăn ngon, ngủ ngon,hồi phục sức khỏe nên được doanh nghiệp TIẾN THỊNH PHÁT cho ra đời dòng sản phẩm 6 hũ yến sào nguyên chất HERANEST -Nhân Sâm, dinh dưỡng với công dụng tuyệt vời.</p>\r\n<br>\r\n<p>Thương hiệu  : HERANEST -Nhân Sâm </p><hr>  <p>Sản xuất tại  : Việt Nam</p><hr> <p>Loại sản phẩm :\r\n  Yến sào</p><hr> <p>Bổ sung : Nhân sâm </p><hr> <p>Thành phần    Yến Tươi: 30% ,Hạt chia: 10%,  Nước tinh khiết: 68%, Đường phèn: 10%, Tảo biển: 2%, Lượng đường : Không đường.</p><hr>\r\n<p>Thể tích : 420ml</p><hr>\r\n<p>Đóng gói  : Hộp.</p><hr>\r\n<p>Số lượng  : Hộp 6 hũ </p><hr>\r\n<p class=\"text-danger\">Lưu ý : Không sử dụng sản phẩm khi hết hạn ,nên sử dụng một lần khi mở nắp.</p>\r\n<br>\r\n', '<h2 class=\"text-danger\">2 -Cung cấp dinh dưỡng dành cho người bị tiểu đường</h2><p>- Hiện nay trên thị trường có khá nhiều dòng sản phẩm nước yến trong đó phân chia làm hai nhóm chính: nước yến có bổ sung đường và nước yến không đường.</p><p>- Nước yến không đường không chất béo được khuyên dùng cho bệnh nhân tiểu đường bởi chúng giúp kiểm soát lượng đường trong máu, cũng như cải thiện tình trạng bệnh đáng kể.</p><p>Hộp 6 hũ tổ yến chưng sẵn HERANEST -Nhân Sâm 420 ml được sản xuất,nhằm giúp người tiểu đường tăng cường sức khỏe,bồi bổ khí huyết và nâng cao sức đề kháng.</p><p>TIẾN THỊNH PHÁT group chuyên sản xuất kinh doanh ngành hàng thực phẩm dinh dưỡng , đặt biệt là mặt hàng nước yến sào HERANEST, Gia Bảo, SALANESST,là sản phẩm phù hợp cho mọi đối tượng, giúp tăng cường sức khỏe,giảm mệt mỏi,chống lão hóa,tăng sức đề kháng.Với phương pháp chế biến cổ truyền trên dây chuyền đạt chuẩn an toàn thực phẩm,chora sản phẩm chất lượng cao.</p><h2 class=\"text-danger\">Công dụng:</h2>\r\n<p>1. Yến sào đối với người lớn: </p>\r\n <p>- Giảm căng thẳng mệt mỏi, ngủ ngon, sâu giấc</p>\r\n<p>- Cải thiện về làn da, ngăn ngừa lão hóa </p>\r\n<p>- Hỗ trợ việc cải thiện hệ hô hấp, giảm huyết áp, cải thiện chức năng tim </p>\r\n <p>- Điều hòa lưu thông máu trong cơ thể</p>\r\n <p>- Cải thiện thị lực, giúp sáng mắt</p>\r\n <p>- Điều trị rối loạn tiêu hóa, tăng cường hệ miễn dịch</p>\r\n <p>- Cải thiện trí não hiệu quả</p>\r\n <p>- Tăng cường chức năng sinh lý</p>\r\n<p>- Ngăn ngừa chứng đãng trí ở người cao tuổi </p>\r\n <p>2. Yến sào đối với trẻ em:</p>\r\n <p>- Tăng cường khả năng hấp thu thức ăn, tạo cảm giác ngon miệng cho trẻ khi ăn</p>\r\n <p>- Hỗ trợ chống còi xương và suy dinh dưỡng ở trẻ nhỏ</p>\r\n <p>- Tăng cường sức đề kháng, hỗ trợ điều trị các bệnh về đường hô hấp hiệu quả</p>\r\n <p>- Kích thích phát triển não bộ, tăng cường trí nhớ, giúp trẻ có giấc ngủ ngon.</p>\r\n<p>- Sản phẩm hoàn toàn phù hợp với những trẻ em từ 12 tháng tuổi trở lên.</p><h2 class=\"text-danger\">Hướng Dẫn Sử Dụng:</h2>\r\n <p>- Bảo quản nơi thoáng mát, dùng trực tiếp sau khi mở nắp.</p>\r\n <p>- Cách dùng:</p>\r\n <p>Trẻ em: Từ 12 tháng trở lên, ngày uống 1 hủ</p>\r\n<p>Phụ nữ có thai: Thai kỳ từ tháng thứ 4 và thai kỳ phải ổn định, ngày uống 1 hủ <p></p>\r\nNgười lớn tuổi: Ít bệnh nền, chỉ nên sử dụng yến sào 3 lần/ tuần, mỗi lần 1 hủ. Nếu sức khỏe yếu kém, cơ thể không còn khả năng hoạt động nhiều có thể sử dụng mỗi ngày với liều lượng 2 hủ trong tháng đầu tiên. Sang tháng thứ 2 thì dùng cách 2 ngày/ lần. Tháng thứ 3 trở đi thì dùng 10gr yến 3 ngày/ lần. </p>\r\n <p>Nên ăn yến sào vào lúc sáng sớm, bụng đói và trước bữa ăn sáng khoảng 30 phút. Hoặc có thể dùng trước khi đi ngủ khoảng 1 tiếng.</p>\r\n<p>Lắc nhẹ trước khi dùng, ngon hơn khi uống lạnh</p>', 269000, 260000, 20, 'nhansam_front_tra.webp'),
(313, 3, '32', 3, 'HERANEST - Nhân Sâm - 6 hũ .', '<p>- Nước yến giúp ăn ngon, ngủ ngon,hồi phục sức khỏe nên được doanh nghiệp TIẾN THỊNH PHÁT cho ra đời dòng sản phẩm 6 hũ yến sào nguyên chất HERANEST - Nhân Sâm, dinh dưỡng với công dụng tuyệt vời.</p>\r\n<br>\r\n<p>Thương hiệu  : HERANEST - Nhân Sâm </p><hr>  <p>Sản xuất tại  : Việt Nam</p><hr> <p>Loại sản phẩm :\r\n  Yến sào</p><hr> <p>Bổ sung : Hạt chia</p><hr> <p>Thành phần    Yến Tươi: 35% ,Hạt chia: 10%,  Nước tinh khiết: 68%, Đường phèn: 10%, Tảo biển: 2%, Lượng đường : Không đường.</p><hr>\r\n<p>Thể tích : 420ml</p><hr>\r\n<p>Đóng gói  : Hộp.</p><hr>\r\n<p>Số lượng  : Hộp 6 hũ </p><hr>\r\n<p class=\"text-danger\">Lưu ý : Không sử dụng sản phẩm khi hết hạn ,nên sử dụng một lần khi mở nắp.</p>\r\n<br>\r\n', '<h2 class=\"text-danger\">2 -Cung cấp dinh dưỡng dành cho người bị tiểu đường</h2> <p>- Hiện nay trên thị trường có khá nhiều dòng sản phẩm nước yến trong đó phân chia làm hai nhóm chính: nước yến có bổ sung đường và nước yến không đường.</p><p>- Nước yến không đường không chất béo được khuyên dùng cho bệnh nhân tiểu đường bởi chúng giúp kiểm soát lượng đường trong máu, cũng như cải thiện tình trạng bệnh đáng kể.</p><p>Hộp 6 hũ tổ yến chưng sẵn HERANEST - Nhân Sâm 420 ml được sản xuất,nhằm giúp người tiểu đường tăng cường sức khỏe,bồi bổ khí huyết và nâng cao sức đề kháng.</p> <h2 class=\"text-danger\">Công dụng:</h2>\r\n<p>1. Yến sào đối với người lớn: </p>\r\n <p>- Giảm căng thẳng mệt mỏi, ngủ ngon, sâu giấc</p>\r\n<p>- Cải thiện về làn da, ngăn ngừa lão hóa </p>\r\n<p>- Hỗ trợ việc cải thiện hệ hô hấp, giảm huyết áp, cải thiện chức năng tim </p>\r\n <p>- Điều hòa lưu thông máu trong cơ thể</p>\r\n <p>- Cải thiện thị lực, giúp sáng mắt</p>\r\n <p>- Điều trị rối loạn tiêu hóa, tăng cường hệ miễn dịch</p>\r\n <p>- Cải thiện trí não hiệu quả</p>\r\n <p>- Tăng cường chức năng sinh lý</p>\r\n<p>- Ngăn ngừa chứng đãng trí ở người cao tuổi </p>\r\n <p>2. Yến sào đối với trẻ em:</p>\r\n <p>- Tăng cường khả năng hấp thu thức ăn, tạo cảm giác ngon miệng cho trẻ khi ăn</p>\r\n <p>- Hỗ trợ chống còi xương và suy dinh dưỡng ở trẻ nhỏ</p>\r\n <p>- Tăng cường sức đề kháng, hỗ trợ điều trị các bệnh về đường hô hấp hiệu quả</p>\r\n <p>- Kích thích phát triển não bộ, tăng cường trí nhớ, giúp trẻ có giấc ngủ ngon.</p>\r\n<p>- Sản phẩm hoàn toàn phù hợp với những trẻ em từ 12 tháng tuổi trở lên.</p>\r\n<h2 class=\"text-danger\">Hướng Dẫn Sử Dụng:</h2>\r\n <p>- Bảo quản nơi thoáng mát, dùng trực tiếp sau khi mở nắp.</p>\r\n <p>- Cách dùng:</p>\r\n <p>Trẻ em: Từ 12 tháng trở lên, ngày uống 1 hủ</p>\r\n<p>Phụ nữ có thai: Thai kỳ từ tháng thứ 4 và thai kỳ phải ổn định, ngày uống 1 hủ <p></p>\r\nNgười lớn tuổi: Ít bệnh nền, chỉ nên sử dụng yến sào 3 lần/ tuần, mỗi lần 1 hủ. Nếu sức khỏe yếu kém, cơ thể không còn khả năng hoạt động nhiều có thể sử dụng mỗi ngày với liều lượng 2 hủ trong tháng đầu tiên. Sang tháng thứ 2 thì dùng cách 2 ngày/ lần. Tháng thứ 3 trở đi thì dùng 10gr yến 3 ngày/ lần. </p>\r\n <p>Nên ăn yến sào vào lúc sáng sớm, bụng đói và trước bữa ăn sáng khoảng 30 phút. Hoặc có thể dùng trước khi đi ngủ khoảng 1 tiếng.</p>\r\n<p>Lắc nhẹ trước khi dùng, ngon hơn khi uống lạnh</p>', 271000, 265000, 99, 'nhansam_left_tra.webp'),
(314, 3, '32', 3, 'HERANEST - Nhân Sâm - Hộp lớn .', '<p>- Nước yến giúp ăn ngon, ngủ ngon,hồi phục sức khỏe nên được doanh nghiệp TIẾN THỊNH PHÁT cho ra đời dòng sản phẩm 6 hũ yến sào nguyên chất hạt chia HERANEST, dinh dưỡng với công dụng tuyệt vời.</p>\n<br>\n<p>Thương hiệu  : SALANEST </p><hr>  <p>Sản xuất tại  : Việt Nam</p><hr> <p>Loại sản phẩm :\n  Yến sào</p><hr> <p>Bổ sung : Hạt chia</p><hr> <p>Thành phần    Yến Tươi: 20% ,Hạt chia: 10%,  Nước tinh khiết: 68%, Đường phèn: 10%, Tảo biển: 2%, Lượng đường : Không đường.</p><hr>\n<p>Thể tích : 420ml</p><hr>\n<p>Đóng gói  : Hộp.</p><hr>\n<p>Số lượng  : Hộp 6 hũ </p><hr>\n<p class=\"text-danger\">Lưu ý : Không sử dụng sản phẩm khi hết hạn ,nên sử dụng một lần khi mở nắp.</p>\n<br>\n', '<h2 class=\"text-danger\">2 -Cung cấp dinh dưỡng dành cho người bị tiểu đường</h2> <p>- Hiện nay trên thị trường có khá nhiều dòng sản phẩm nước yến trong đó phân chia làm hai nhóm chính: nước yến có bổ sung đường và nước yến không đường.</p> <p>- Nước yến không đường không chất béo được khuyên dùng cho bệnh nhân tiểu đường bởi chúng giúp kiểm soát lượng đường trong máu, cũng như cải thiện tình trạng bệnh đáng kể.</p> <p>Hộp 6 hũ tổ yến chưng sẵn HERANEST - Nhân Sâm tiểu đường tăng cường sức khỏe,bồi bổ khí huyết và nâng cao sức đề kháng.</p> <h2 class=\"text-danger\">Công dụng:</h2>\r\n<p>1. Yến sào đối với người lớn: </p>\r\n <p>- Giảm căng thẳng mệt mỏi, ngủ ngon, sâu giấc</p>\r\n<p>- Cải thiện về làn da, ngăn ngừa lão hóa </p>\r\n<p>- Hỗ trợ việc cải thiện hệ hô hấp, giảm huyết áp, cải thiện chức năng tim </p>\r\n <p>- Điều hòa lưu thông máu trong cơ thể</p>\r\n <p>- Cải thiện thị lực, giúp sáng mắt</p>\r\n <p>- Điều trị rối loạn tiêu hóa, tăng cường hệ miễn dịch</p>\r\n <p>- Cải thiện trí não hiệu quả</p>\r\n <p>- Tăng cường chức năng sinh lý</p>\r\n<p>- Ngăn ngừa chứng đãng trí ở người cao tuổi </p>\r\n <p>2. Yến sào đối với trẻ em:</p>\r\n <p>- Tăng cường khả năng hấp thu thức ăn, tạo cảm giác ngon miệng cho trẻ khi ăn</p>\r\n <p>- Hỗ trợ chống còi xương và suy dinh dưỡng ở trẻ nhỏ</p>\r\n <p>- Tăng cường sức đề kháng, hỗ trợ điều trị các bệnh về đường hô hấp hiệu quả</p>\r\n <p>- Kích thích phát triển não bộ, tăng cường trí nhớ, giúp trẻ có giấc ngủ ngon.</p>\r\n<p>- Sản phẩm hoàn toàn phù hợp với những trẻ em từ 12 tháng tuổi trở lên.</p>\r\n<h2 class=\"text-danger\">Hướng Dẫn Sử Dụng:</h2>\r\n <p>- Bảo quản nơi thoáng mát, dùng trực tiếp sau khi mở nắp.</p>\r\n <p>- Cách dùng:</p>\r\n <p>Trẻ em: Từ 12 tháng trở lên, ngày uống 1 hủ</p>\r\n<p>Phụ nữ có thai: Thai kỳ từ tháng thứ 4 và thai kỳ phải ổn định, ngày uống 1 hủ <p></p>\r\nNgười lớn tuổi: Ít bệnh nền, chỉ nên sử dụng yến sào 3 lần/ tuần, mỗi lần 1 hủ. Nếu sức khỏe yếu kém, cơ thể không còn khả năng hoạt động nhiều có thể sử dụng mỗi ngày với liều lượng 2 hủ trong tháng đầu tiên. Sang tháng thứ 2 thì dùng cách 2 ngày/ lần. Tháng thứ 3 trở đi thì dùng 10gr yến 3 ngày/ lần. </p>\r\n <p>Nên ăn yến sào vào lúc sáng sớm, bụng đói và trước bữa ăn sáng khoảng 30 phút. Hoặc có thể dùng trước khi đi ngủ khoảng 1 tiếng.</p>\r\n<p>Lắc nhẹ trước khi dùng, ngon hơn khi uống lạnh</p>', 271000, 265000, 10, 'nhansam_front_tra.webp'),
(351, 3, '12', 1, 'SALANEST-NHÂN SÂM-6 Hũ', '<p>- Nước yến giúp ăn ngon, ngủ ngon,hồi phục sức khỏe nên được doanh nghiệp TIẾN THỊNH PHÁT cho ra đời dòng sản phẩm 6 hũ yến sào nguyên chất SALANEST - Nhân Sâm, dinh dưỡng với công dụng tuyệt vời.</p>\r\n<br>\r\n<p>Thương hiệu  : SALANEST - Nhân Sâm</p><hr>  <p>Sản xuất tại  : Việt Nam</p><hr> <p>Loại sản phẩm :\r\n  Yến sào</p><hr><p> Yến Tươi: 20%</p><hr>\r\n <p> Nước tinh khiết: 68%</p><hr>\r\n <p> Táo Đỏ: 8%</p><hr>\r\n <p> Tảo biển: 2%</p><hr>\r\n <p Vitamin D3, Tảo biển: 2%></p><hr>\r\n<p> Lysine: 2%</p><hr>\r\n<p>Thể tích : 420ml</p><hr>\r\n<p>Đóng gói  : Hộp.</p><hr>\r\n<p>Số lượng  : Hộp 6 hũ </p><hr>\r\n<p class=\"text-danger\">Lưu ý : Không sử dụng sản phẩm khi hết hạn ,nên sử dụng một lần khi mở nắp.</p>\r\n<br>\r\n', '<h2 class=\"text-danger\">2 -Cung cấp dinh dưỡng dành cho người bị tiểu đường</h2><p>- Hiện nay trên thị trường có khá nhiều dòng sản phẩm nước yến trong đó phân chia làm hai nhóm chính: nước yến có bổ sung đường và nước yến không đường.</p><p>- Nước yến không đường không chất béo được khuyên dùng cho bệnh nhân tiểu đường bởi chúng giúp kiểm soát lượng đường trong máu, cũng như cải thiện tình trạng bệnh đáng kể.</p><p>Hộp 1 hũ tổ yến chưng sẵn SALANEST - Nhân Sâm 420 ml được sản xuất,nhằm giúp người tiểu đường tăng cường sức khỏe,bồi bổ khí huyết và nâng cao sức đề kháng.</p><h2 class=\"text-danger\">Công dụng:</h2>\r\n <p>-Tăng cường sức đề kháng và hệ miễn dịch</p>\r\n<p>--Giúp cơ thể khỏe mạnh, hạn chế suy nhược, hạn chế suy dinh dưỡng ở trẻ em </p>\r\n<p>- Bổ sung năng lượng tốt cho cơ thể, hỗ trợ tái tạo tế bào, tăng cường sự đàn hồi và sức mạnh các mô cơ </p>\r\n-  <p>Kích thích hệ tiêu hóa, tăng cường khả năng hấp thu dưỡng chất</p>\r\n<p>- Cải thiện trí nhớ, tốt cho hệ thần kinh, đặc biệt hữu ích với người già </p>\r\n <p>- Cải thiện chức năng gan thận</p>\r\n <p>- Giải nhiệt và đào thải độc tố</p>\r\n<p>- Làm sạch cơ quan hô hấp </p>\r\n<p>- Hỗ trợ ngăn ngừa và điều trị các bệnh tim mạch, mỡ máu, xơ vữa động mạch, tiểu đường, huyết áp, đột quỵ,.. </p>\r\n<p>- Tăng cường sinh lý</p>\r\n<h2 class=\"text-danger\">Hướng Dẫn Sử Dụng:</h2>\r\n<p>- Bảo quản nơi thoáng mát, dùng trực tiếp sau khi mở nắp. </p>\r\n <p>- Cách dùng:</p>\r\n<p>Trẻ em: Từ 12 tháng trở lên, ngày uống 1 hủ </p>\r\n<p>Phụ nữ có thai: Thai kỳ từ tháng thứ 4 và thai kỳ phải ổn định, ngày uống 1 hủ </p>\r\n <p>Người lớn tuổi: Ít bệnh nền, chỉ nên sử dụng yến sào 3 lần/ tuần, mỗi lần 1 hủ. Nếu sức khỏe yếu kém, cơ thể không còn khả năng hoạt động nhiều có thể sử dụng mỗi ngày với liều lượng 2 hủ trong tháng đầu tiên. Sang tháng thứ 2 thì dùng cách 2 ngày/ lần. Tháng thứ 3 trở đi thì dùng 10gr yến 3 ngày/ lần.</p>\r\n <p>Nên ăn yến sào vào lúc sáng sớm, bụng đói và trước bữa ăn sáng khoảng 30 phút. Hoặc có thể dùng trước khi đi ngủ khoảng 1 tiếng.</p>\r\n<p>Lắc nhẹ trước khi dùng, ngon hơn khi uống lạnh</p>', 259000, 250000, 99, 'yen-sao-salanest-nhan-sam-1.webp'),
(352, 3, '12', 1, 'SALANEST-NHÂN SÂM-1 Hũ', '<p>- Nước yến giúp ăn ngon, ngủ ngon,hồi phục sức khỏe nên được doanh nghiệp TIẾN THỊNH PHÁT cho ra đời dòng sản phẩm 1 hũ yến sào nguyên chất SALANEST - Nhân Sâm, dinh dưỡng với công dụng tuyệt vời.</p>\r\n<br>\r\n<p>Thương hiệu  : SALANEST - Nhân Sâm</p><hr>  <p>Sản xuất tại  : Việt Nam</p><hr> <p>Loại sản phẩm :\r\n  Yến sào</p><hr><p> Yến Tươi: 20%</p><hr>\r\n <p> Nước tinh khiết: 68%</p><hr>\r\n <p> Táo Đỏ: 8%</p><hr>\r\n <p> Tảo biển: 2%</p><hr>\r\n <p Vitamin D3, Tảo biển: 2%></p><hr>\r\n<p> Lysine: 2%</p><hr>\r\n<p>Thể tích : 70ml</p><hr>\r\n<p>Đóng gói  : Hộp.</p><hr>\r\n<p>Số lượng  : Hộp 1 hũ </p><hr>\r\n<p class=\"text-danger\">Lưu ý : Không sử dụng sản phẩm khi hết hạn ,nên sử dụng một lần khi mở nắp.</p>\r\n<br>\r\n', '<h2 class=\"text-danger\">2 -Cung cấp dinh dưỡng dành cho người bị tiểu đường</h2><p>- Hiện nay trên thị trường có khá nhiều dòng sản phẩm nước yến trong đó phân chia làm hai nhóm chính: nước yến có bổ sung đường và nước yến không đường.</p><p>- Nước yến không đường không chất béo được khuyên dùng cho bệnh nhân tiểu đường bởi chúng giúp kiểm soát lượng đường trong máu, cũng như cải thiện tình trạng bệnh đáng kể.</p><p>Hộp 7 hũ tổ yến chưng sẵn SALANEST - Nhân Sâm 70 ml được sản xuất,nhằm giúp người tiểu đường tăng cường sức khỏe,bồi bổ khí huyết và nâng cao sức đề kháng.</p><h2 class=\"text-danger\">Công dụng:</h2>\r\n <p>-Tăng cường sức đề kháng và hệ miễn dịch</p>\r\n<p>--Giúp cơ thể khỏe mạnh, hạn chế suy nhược, hạn chế suy dinh dưỡng ở trẻ em </p>\r\n<p>- Bổ sung năng lượng tốt cho cơ thể, hỗ trợ tái tạo tế bào, tăng cường sự đàn hồi và sức mạnh các mô cơ </p>\r\n-  <p>Kích thích hệ tiêu hóa, tăng cường khả năng hấp thu dưỡng chất</p>\r\n<p>- Cải thiện trí nhớ, tốt cho hệ thần kinh, đặc biệt hữu ích với người già </p>\r\n <p>- Cải thiện chức năng gan thận</p>\r\n <p>- Giải nhiệt và đào thải độc tố</p>\r\n<p>- Làm sạch cơ quan hô hấp </p>\r\n<p>- Hỗ trợ ngăn ngừa và điều trị các bệnh tim mạch, mỡ máu, xơ vữa động mạch, tiểu đường, huyết áp, đột quỵ,.. </p>\r\n<p>- Tăng cường sinh lý</p>\r\n<h2 class=\"text-danger\">Hướng Dẫn Sử Dụng:</h2>\r\n<p>- Bảo quản nơi thoáng mát, dùng trực tiếp sau khi mở nắp. </p>\r\n <p>- Cách dùng:</p>\r\n<p>Trẻ em: Từ 12 tháng trở lên, ngày uống 1 hủ </p>\r\n<p>Phụ nữ có thai: Thai kỳ từ tháng thứ 4 và thai kỳ phải ổn định, ngày uống 1 hủ </p>\r\n <p>Người lớn tuổi: Ít bệnh nền, chỉ nên sử dụng yến sào 3 lần/ tuần, mỗi lần 1 hủ. Nếu sức khỏe yếu kém, cơ thể không còn khả năng hoạt động nhiều có thể sử dụng mỗi ngày với liều lượng 2 hủ trong tháng đầu tiên. Sang tháng thứ 2 thì dùng cách 2 ngày/ lần. Tháng thứ 3 trở đi thì dùng 10gr yến 3 ngày/ lần.</p>\r\n <p>Nên ăn yến sào vào lúc sáng sớm, bụng đói và trước bữa ăn sáng khoảng 30 phút. Hoặc có thể dùng trước khi đi ngủ khoảng 1 tiếng.</p>\r\n<p>Lắc nhẹ trước khi dùng, ngon hơn khi uống lạnh</p>', 59000, 50000, 99, 'yen-sao-salanest-nhan-sam-8.webp'),
(353, 3, '22', 2, 'Gia Bảo - Nhân Sâm - Hộp Quà', '<p>- Nước yến giúp ăn ngon, ngủ ngon,hồi phục sức khỏe nên được doanh nghiệp TIẾN THỊNH PHÁT cho ra đời dòng sản phẩm 6 hũ yến sào nguyên chất Nhân Sâm Yến sào Gia Bảo-Đường Phèn, dinh dưỡng với công dụng tuyệt vời.</p>\r\n<br>\r\n<p>Thương hiệu  : Gia Bảo </p><hr>  <p>Sản xuất tại  : Việt Nam</p><hr> <p>Loại sản phẩm :\r\n  Yến sào</p><hr> <p>Bổ sung : Nhân Sâm</p><hr> <p>Thành phần    Yến Tươi: 30% ,  Nước tinh khiết: 68%, Nhân Sân: 10%, Tảo biển: 2%, Lượng đường : ít đường.</p><hr>\r\n<p>Thể tích : 420 ml</p><hr>\r\n<p>Đóng gói  : Hộp.</p><hr>\r\n<p>Số lượng  : Hộp 6 hũ </p><hr>\r\n<p class=\"text-danger\">Lưu ý : Không sử dụng sản phẩm khi hết hạn ,nên sử dụng một lần khi mở nắp.</p>\r\n\r\n', '<h2 class=\"text-danger\">2 -Cung cấp dinh dưỡng dành cho người bị tiểu đường</h2> <p>- Hiện nay trên thị trường có khá nhiều dòng sản phẩm nước yến trong đó phân chia làm hai nhóm chính: nước yến có bổ sung đường và nước yến không đường.</p> <p>- Nước yến không đường không chất béo được khuyên dùng cho bệnh nhân tiểu đường bởi chúng giúp kiểm soát lượng đường trong máu, cũng như cải thiện tình trạng bệnh đáng kể.</p><p>Hộp 6 hũ tổ yến chưng sẵn Nhân Sâm Gia Bảo  420 ml được sản xuất,nhằm giúp người tiểu đường tăng cường sức khỏe,bồi bổ khí huyết và nâng cao sức đề kháng.</p> <h2 class=\"text-danger\">Công dụng:</h2>\r\n<p>- Kích thích tiêu hóa, giúp ăn uống ngon miệng </p>\r\n<p>- Cải thiện hệ miễn dịch, tăng sức đề kháng cho cơ thể</p> \r\n <p>- Bổ phế, long đờm, giảm ho</p>\r\n <p>- Ngăn ngừa các nguy cơ mắc bệnh xương khớp</p>\r\n <p>- Chống lão hóa, làm đẹp da</p>\r\n<p>- Tốt cho mẹ bầu và thai nhi: cung cấp các dinh dưỡng cần thiết ngăn ngừa và giảm triệu chứng ốm nghén, giảm trạng thái mệt mỏi, căng thẳng, stress</p>\r\n<h2 class=\"text-danger\">Hướng Dẫn Sử Dụng:</h2>\r\n <p>- Bảo quản nơi thoáng mát, dùng trực tiếp sau khi mở nắp.</p>\r\n<p>- Cách dùng: </p>\r\n <p>Trẻ em: Từ 12 tháng trở lên, ngày uống 1 hủ</p>\r\n <p>Phụ nữ có thai: Thai kỳ từ tháng thứ 4 và thai kỳ phải ổn định, ngày uống 1 hủ</p>\r\n<p>Nên ăn yến sào vào lúc sáng sớm, bụng đói và trước bữa ăn sáng khoảng 30 phút. Hoặc có thể dùng trước khi đi ngủ khoảng 1 tiếng. </p>\r\n<p>Người lớn tuổi: Ít bệnh nền, chỉ nên sử dụng yến sào 3 lần/ tuần, mỗi lần 1 hủ. Nếu sức khỏe yếu kém, cơ thể không còn khả năng hoạt động nhiều có thể sử dụng mỗi ngày với liều lượng 2 hủ trong tháng đầu tiên. Sang tháng thứ 2 thì dùng cách 2 ngày/ lần. Tháng thứ 3 trở đi thì dùng 10gr yến 3 ngày/ lần. \r\n</p>\r\n<p>Lắc nhẹ trước khi dùng, ngon hơn khi uống lạnh</p>', 269000, 260000, 20, 'giabao-nhansam_left_tra.webp');
INSERT INTO `tbl_sanpham` (`sanpham_id`, `category_id`, `brand_id_lv2`, `brand_id`, `sanpham_name`, `sanpham_chitiet`, `sanpham_mota`, `sanpham_gia`, `sanpham_giakhuyenmai`, `sanpham_soluong`, `hinh`) VALUES
(354, 3, '22', 2, 'Gia Bảo - Nhân Sâm - 6 Hũ', '<p>- Nước yến giúp ăn ngon, ngủ ngon,hồi phục sức khỏe nên được doanh nghiệp TIẾN THỊNH PHÁT cho ra đời dòng sản phẩm 6 hũ yến sào nguyên chất Nhân Sâm Yến sào Gia Bảo, dinh dưỡng với công dụng tuyệt vời.</p>\r\n<br>\r\n<p>Thương hiệu  : Gia Bảo </p><hr>  <p>Sản xuất tại  : Việt Nam</p><hr> <p>Loại sản phẩm :\r\n  Yến sào</p><hr> <p>Bổ sung : Nhân Sâm</p><hr> <p>Thành phần    Yến Tươi: 30% ,  Nước tinh khiết: 68%, Nhân Sân: 10%, Tảo biển: 2%, Lượng đường : ít đường.</p><hr>\r\n<p>Thể tích : 420 ml</p><hr>\r\n<p>Đóng gói  : Hộp.</p><hr>\r\n<p>Số lượng  : Hộp 6 hũ </p><hr>\r\n<p class=\"text-danger\">Lưu ý : Không sử dụng sản phẩm khi hết hạn ,nên sử dụng một lần khi mở nắp.</p>\r\n\r\n', '<h2 class=\"text-danger\">2 -Cung cấp dinh dưỡng dành cho người bị tiểu đường</h2> <p>- Hiện nay trên thị trường có khá nhiều dòng sản phẩm nước yến trong đó phân chia làm hai nhóm chính: nước yến có bổ sung đường và nước yến không đường.</p> <p>- Nước yến không đường không chất béo được khuyên dùng cho bệnh nhân tiểu đường bởi chúng giúp kiểm soát lượng đường trong máu, cũng như cải thiện tình trạng bệnh đáng kể.</p><p>Hộp 6 hũ tổ yến chưng sẵn Nhân Sâm Gia Bảo  420 ml được sản xuất,nhằm giúp người tiểu đường tăng cường sức khỏe,bồi bổ khí huyết và nâng cao sức đề kháng.</p> <h2 class=\"text-danger\">Công dụng:</h2>\r\n<p>- Kích thích tiêu hóa, giúp ăn uống ngon miệng </p>\r\n<p>- Cải thiện hệ miễn dịch, tăng sức đề kháng cho cơ thể</p> \r\n <p>- Bổ phế, long đờm, giảm ho</p>\r\n <p>- Ngăn ngừa các nguy cơ mắc bệnh xương khớp</p>\r\n <p>- Chống lão hóa, làm đẹp da</p>\r\n<p>- Tốt cho mẹ bầu và thai nhi: cung cấp các dinh dưỡng cần thiết ngăn ngừa và giảm triệu chứng ốm nghén, giảm trạng thái mệt mỏi, căng thẳng, stress</p>\r\n<h2 class=\"text-danger\">Hướng Dẫn Sử Dụng:</h2>\r\n <p>- Bảo quản nơi thoáng mát, dùng trực tiếp sau khi mở nắp.</p>\r\n<p>- Cách dùng: </p>\r\n <p>Trẻ em: Từ 12 tháng trở lên, ngày uống 1 hủ</p>\r\n <p>Phụ nữ có thai: Thai kỳ từ tháng thứ 4 và thai kỳ phải ổn định, ngày uống 1 hủ</p>\r\n<p>Nên ăn yến sào vào lúc sáng sớm, bụng đói và trước bữa ăn sáng khoảng 30 phút. Hoặc có thể dùng trước khi đi ngủ khoảng 1 tiếng. </p>\r\n<p>Người lớn tuổi: Ít bệnh nền, chỉ nên sử dụng yến sào 3 lần/ tuần, mỗi lần 1 hủ. Nếu sức khỏe yếu kém, cơ thể không còn khả năng hoạt động nhiều có thể sử dụng mỗi ngày với liều lượng 2 hủ trong tháng đầu tiên. Sang tháng thứ 2 thì dùng cách 2 ngày/ lần. Tháng thứ 3 trở đi thì dùng 10gr yến 3 ngày/ lần. \r\n</p>\r\n<p>Lắc nhẹ trước khi dùng, ngon hơn khi uống lạnh</p>', 269000, 260000, 99, 'giabao-saffron_6c_tra.webp'),
(401, 4, '33', 3, 'HERANEST - Đông Trùng- Hộp lớn.', '<p>- Nước yến giúp ăn ngon, ngủ ngon,hồi phục sức khỏe nên được doanh nghiệp TIẾN THỊNH PHÁT cho ra đời dòng sản phẩm 6 hũ yến sào nguyên chất HERANEST - Đông Trùng, dinh dưỡng với công dụng tuyệt vời.</p>\n<br>\n<p>Thương hiệu  : HERANEST - Đông Trùng </p><hr>  <p>Sản xuất tại  : Việt Nam</p><hr> <p>Loại sản phẩm :\n  Yến sào</p><hr> <p>Bổ sung : Hạt chia</p><hr> <p>Thành phần    Yến Tươi: 20% ,Hạt chia: 10%,  Nước tinh khiết: 68%, Đường phèn: 10%, Tảo biển: 2%, Lượng đường : Không đường.</p><hr>\n<p>Thể tích : 420ml</p><hr>\n<p>Đóng gói  : Hộp.</p><hr>\n<p>Số lượng  : Hộp 6 hũ </p><hr>\n<p class=\"text-danger\">Lưu ý : Không sử dụng sản phẩm khi hết hạn ,nên sử dụng một lần khi mở nắp.</p>\n<br>\n', '<h2 class=\"text-danger\">2 -Cung cấp dinh dưỡng dành cho người bị tiểu đường</h2><p>- Hiện nay trên thị trường có khá nhiều dòng sản phẩm nước yến trong đó phân chia làm hai nhóm chính: nước yến có bổ sung đường và nước yến không đường.</p><p>- Nước yến không đường không chất béo được khuyên dùng cho bệnh nhân tiểu đường bởi chúng giúp kiểm soát lượng đường trong máu, cũng như cải thiện tình trạng bệnh đáng kể.</p><p>Hộp 6 hũ tổ yến chưng sẵn HERANEST - Đông Trùng không đường 420 ml được sản xuất,nhằm giúp người tiểu đường tăng cường sức khỏe,bồi bổ khí huyết và nâng cao sức đề kháng.</p> <p>TIẾN THỊNH PHÁT group chuyên sản xuất kinh doanh ngành hàng thực phẩm dinh dưỡng , đặt biệt là mặt hàng nước yến sào HERANEST, Gia Bảo, SALANESST,là sản phẩm phù hợp cho mọi đối tượng, giúp tăng cường sức khỏe,giảm mệt mỏi,chống lão hóa,tăng sức đề kháng.Với phương pháp chế biến cổ truyền trên dây chuyền đạt chuẩn an toàn thực phẩm,chora sản phẩm chất lượng cao.</p><h2 class=\"text-danger\">Công dụng:</h2>\r\n <p>-Tăng cường sức đề kháng và hệ miễn dịch</p>\r\n<p>--Giúp cơ thể khỏe mạnh, hạn chế suy nhược, hạn chế suy dinh dưỡng ở trẻ em </p>\r\n<p>- Bổ sung năng lượng tốt cho cơ thể, hỗ trợ tái tạo tế bào, tăng cường sự đàn hồi và sức mạnh các mô cơ </p>\r\n <p>Kích thích hệ tiêu hóa, tăng cường khả năng hấp thu dưỡng chất</p>\r\n<p>- Cải thiện trí nhớ, tốt cho hệ thần kinh, đặc biệt hữu ích với người già </p>\r\n <p>- Cải thiện chức năng gan thận</p>\r\n <p>- Giải nhiệt và đào thải độc tố</p>\r\n<p>- Làm sạch cơ quan hô hấp </p>\r\n<p>- Hỗ trợ ngăn ngừa và điều trị các bệnh tim mạch, mỡ máu, xơ vữa động mạch, tiểu đường, huyết áp, đột quỵ,.. </p>\r\n<p>- Tăng cường sinh lý</p><h2 class=\"text-danger\">Hướng Dẫn Sử Dụng:</h2>\r\n<p>- Bảo quản nơi thoáng mát, dùng trực tiếp sau khi mở nắp. </p>\r\n <p>- Cách dùng:</p>\r\n<p>Trẻ em: Từ 12 tháng trở lên, ngày uống 1 hủ </p>\r\n<p>Phụ nữ có thai: Thai kỳ từ tháng thứ 4 và thai kỳ phải ổn định, ngày uống 1 hủ </p>\r\n <p>Người lớn tuổi: Ít bệnh nền, chỉ nên sử dụng yến sào 3 lần/ tuần, mỗi lần 1 hủ. Nếu sức khỏe yếu kém, cơ thể không còn khả năng hoạt động nhiều có thể sử dụng mỗi ngày với liều lượng 2 hủ trong tháng đầu tiên. Sang tháng thứ 2 thì dùng cách 2 ngày/ lần. Tháng thứ 3 trở đi thì dùng 10gr yến 3 ngày/ lần.</p>\r\n <p>Nên ăn yến sào vào lúc sáng sớm, bụng đói và trước bữa ăn sáng khoảng 30 phút. Hoặc có thể dùng trước khi đi ngủ khoảng 1 tiếng.</p>\r\n<p>Lắc nhẹ trước khi dùng, ngon hơn khi uống lạnh</p>', 269000, 260000, 10, 'dongtrung_front_tra.webp'),
(406, 4, '33', 3, 'HERANEST - Đông Trùng - Hộp lớn.', '<p>- Nước yến giúp ăn ngon, ngủ ngon,hồi phục sức khỏe nên được doanh nghiệp TIẾN THỊNH PHÁT cho ra đời dòng sản phẩm 6 hũ yến sào nguyên chất HERANEST - Đông Trùng, dinh dưỡng với công dụng tuyệt vời.</p>\r\n<br>\r\n<p>Thương hiệu  : HERANEST - Đông Trùng </p><hr>  <p>Sản xuất tại  : Việt Nam</p><hr> <p>Loại sản phẩm :\r\n  Yến sào</p><hr> <p>Bổ sung : Hạt chia</p><hr> <p>Thành phần    Yến Tươi: 35% ,Hạt chia: 10%,  Nước tinh khiết: 68%, Đường phèn: 10%, Tảo biển: 2%, Lượng đường : Không đường.</p><hr>\r\n<p>Thể tích : 420ml</p><hr>\r\n<p>Đóng gói  : Hộp.</p><hr>\r\n<p>Số lượng  : Hộp 6 hũ </p><hr>\r\n<p class=\"text-danger\">Lưu ý : Không sử dụng sản phẩm khi hết hạn ,nên sử dụng một lần khi mở nắp.</p>\r\n<br>\r\n', '<h2 class=\"text-danger\">2 -Cung cấp dinh dưỡng dành cho người bị tiểu đường</h2><p>- Hiện nay trên thị trường có khá nhiều dòng sản phẩm nước yến trong đó phân chia làm hai nhóm chính: nước yến có bổ sung đường và nước yến không đường.</p><p>- Nước yến không đường không chất béo được khuyên dùng cho bệnh nhân tiểu đường bởi chúng giúp kiểm soát lượng đường trong máu, cũng như cải thiện tình trạng bệnh đáng kể.</p><p>Hộp 6 hũ tổ yến chưng sẵn HERANEST - Đông Trùng 420 ml được sản xuất,nhằm giúp người tiểu đường tăng cường sức khỏe,bồi bổ khí huyết và nâng cao sức đề kháng.</p> <p>TIẾN THỊNH PHÁT group chuyên sản xuất kinh doanh ngành hàng thực phẩm dinh dưỡng , đặt biệt là mặt hàng nước yến sào HERANEST, Gia Bảo, SALANESST,là sản phẩm phù hợp cho mọi đối tượng, giúp tăng cường sức khỏe,giảm mệt mỏi,chống lão hóa,tăng sức đề kháng.Với phương pháp chế biến cổ truyền trên dây chuyền đạt chuẩn an toàn thực phẩm,chora sản phẩm chất lượng cao.</p><h2 class=\"text-danger\">Công dụng:</h2>\r\n <p>-Tăng cường sức đề kháng và hệ miễn dịch</p>\r\n<p>--Giúp cơ thể khỏe mạnh, hạn chế suy nhược, hạn chế suy dinh dưỡng ở trẻ em </p>\r\n<p>- Bổ sung năng lượng tốt cho cơ thể, hỗ trợ tái tạo tế bào, tăng cường sự đàn hồi và sức mạnh các mô cơ </p>\r\n-  <p>Kích thích hệ tiêu hóa, tăng cường khả năng hấp thu dưỡng chất</p>\r\n<p>- Cải thiện trí nhớ, tốt cho hệ thần kinh, đặc biệt hữu ích với người già </p>\r\n <p>- Cải thiện chức năng gan thận</p>\r\n <p>- Giải nhiệt và đào thải độc tố</p>\r\n<p>- Làm sạch cơ quan hô hấp </p>\r\n<p>- Hỗ trợ ngăn ngừa và điều trị các bệnh tim mạch, mỡ máu, xơ vữa động mạch, tiểu đường, huyết áp, đột quỵ,.. </p>\r\n<p>- Tăng cường sinh lý</p><h2 class=\"text-danger\">Hướng Dẫn Sử Dụng:</h2>\r\n<p>- Bảo quản nơi thoáng mát, dùng trực tiếp sau khi mở nắp. </p>\r\n <p>- Cách dùng:</p>\r\n<p>Trẻ em: Từ 12 tháng trở lên, ngày uống 1 hủ </p>\r\n<p>Phụ nữ có thai: Thai kỳ từ tháng thứ 4 và thai kỳ phải ổn định, ngày uống 1 hủ </p>\r\n <p>Người lớn tuổi: Ít bệnh nền, chỉ nên sử dụng yến sào 3 lần/ tuần, mỗi lần 1 hủ. Nếu sức khỏe yếu kém, cơ thể không còn khả năng hoạt động nhiều có thể sử dụng mỗi ngày với liều lượng 2 hủ trong tháng đầu tiên. Sang tháng thứ 2 thì dùng cách 2 ngày/ lần. Tháng thứ 3 trở đi thì dùng 10gr yến 3 ngày/ lần.</p>\r\n <p>Nên ăn yến sào vào lúc sáng sớm, bụng đói và trước bữa ăn sáng khoảng 30 phút. Hoặc có thể dùng trước khi đi ngủ khoảng 1 tiếng.</p>\r\n<p>Lắc nhẹ trước khi dùng, ngon hơn khi uống lạnh</p>', 269000, 260000, 10, 'dongtrung_right_tra.webp'),
(421, 4, '13', 1, 'SALANEST - Đông Trùng - 6 lọ .', '<p>- Nước yến giúp ăn ngon, ngủ ngon,hồi phục sức khỏe nên được doanh nghiệp TIẾN THỊNH PHÁT cho ra đời dòng sản phẩm 6 hũ yến sào nguyên chất SALANEST - Đông Trùng, dinh dưỡng với công dụng tuyệt vời.</p>\r\n<br>\r\n<p>Thương hiệu  : SALANEST - Đông Trùng </p><hr>  <p>Sản xuất tại  : Việt Nam</p><hr> <p>Loại sản phẩm :\r\n  Yến sào</p><hr> <p>Bổ sung : Hạt chia</p><hr> <p>Thành phần    Yến Tươi: 20% ,Hạt chia: 10%,  Nước tinh khiết: 68%, Đường phèn: 10%, Tảo biển: 2%, Lượng đường : Không đường.</p><hr>\r\n<p>Thể tích : 420ml</p><hr>\r\n<p>Đóng gói  : Hộp.</p><hr>\r\n<p>Số lượng  : Hộp 6 hũ </p><hr>\r\n<p class=\"text-danger\">Lưu ý : Không sử dụng sản phẩm khi hết hạn ,nên sử dụng một lần khi mở nắp.</p>\r\n<br>\r\n', '<h2 class=\"text-danger\">2 -Cung cấp dinh dưỡng dành cho người bị tiểu đường</h2> <p>- Hiện nay trên thị trường có khá nhiều dòng sản phẩm nước yến trong đó phân chia làm hai nhóm chính: nước yến có bổ sung đường và nước yến không đường.</p> <p>- Nước yến không đường không chất béo được khuyên dùng cho bệnh nhân tiểu đường bởi chúng giúp kiểm soát lượng đường trong máu, cũng như cải thiện tình trạng bệnh đáng kể.</p> <p>Hộp 6 hũ tổ yến chưng sẵn SALANEST - Đông Trùng 420 ml được sản xuất,nhằm giúp người tiểu đường tăng cường sức khỏe,bồi bổ khí huyết và nâng cao sức đề kháng.</p> <h2 class=\"text-danger\">Công dụng:</h2>\r\n <p>-Tăng cường sức đề kháng và hệ miễn dịch</p>\r\n<p>--Giúp cơ thể khỏe mạnh, hạn chế suy nhược, hạn chế suy dinh dưỡng ở trẻ em </p>\r\n<p>- Bổ sung năng lượng tốt cho cơ thể, hỗ trợ tái tạo tế bào, tăng cường sự đàn hồi và sức mạnh các mô cơ </p>\r\n-  <p>Kích thích hệ tiêu hóa, tăng cường khả năng hấp thu dưỡng chất</p>\r\n<p>- Cải thiện trí nhớ, tốt cho hệ thần kinh, đặc biệt hữu ích với người già </p>\r\n <p>- Cải thiện chức năng gan thận</p>\r\n <p>- Giải nhiệt và đào thải độc tố</p>\r\n<p>- Làm sạch cơ quan hô hấp </p>\r\n<p>- Hỗ trợ ngăn ngừa và điều trị các bệnh tim mạch, mỡ máu, xơ vữa động mạch, tiểu đường, huyết áp, đột quỵ,.. </p>\r\n<p>- Tăng cường sinh lý</p>\r\n<h2 class=\"text-danger\">Hướng Dẫn Sử Dụng:</h2>\r\n<p>- Bảo quản nơi thoáng mát, dùng trực tiếp sau khi mở nắp. </p>\r\n <p>- Cách dùng:</p>\r\n<p>Trẻ em: Từ 12 tháng trở lên, ngày uống 1 hủ </p>\r\n<p>Phụ nữ có thai: Thai kỳ từ tháng thứ 4 và thai kỳ phải ổn định, ngày uống 1 hủ </p>\r\n <p>Người lớn tuổi: Ít bệnh nền, chỉ nên sử dụng yến sào 3 lần/ tuần, mỗi lần 1 hủ. Nếu sức khỏe yếu kém, cơ thể không còn khả năng hoạt động nhiều có thể sử dụng mỗi ngày với liều lượng 2 hủ trong tháng đầu tiên. Sang tháng thứ 2 thì dùng cách 2 ngày/ lần. Tháng thứ 3 trở đi thì dùng 10gr yến 3 ngày/ lần.</p>\r\n <p>Nên ăn yến sào vào lúc sáng sớm, bụng đói và trước bữa ăn sáng khoảng 30 phút. Hoặc có thể dùng trước khi đi ngủ khoảng 1 tiếng.</p>\r\n<p>Lắc nhẹ trước khi dùng, ngon hơn khi uống lạnh</p>', 259000, 250000, 99, 'yen-sao-salanest-dong-trung-7.webp'),
(422, 4, '13', 1, 'SALANEST - Đông Trùng - Hộp Lớn .', '<p>- Nước yến giúp ăn ngon, ngủ ngon,hồi phục sức khỏe nên được doanh nghiệp TIẾN THỊNH PHÁT cho ra đời dòng sản phẩm 6 hũ yến sào nguyên chất hạt chia SALANEST - Đông Trùng, dinh dưỡng với công dụng tuyệt vời.</p>\r\n<br>\r\n<p>Thương hiệu  : SALANEST - Đông Trùng </p><hr>  <p>Sản xuất tại  : Việt Nam</p><hr> <p>Loại sản phẩm :\r\n  Yến sào</p><hr> <p>Bổ sung : Hạt chia</p><hr> <p>Thành phần    Yến Tươi: 20% ,Hạt chia: 10%,  Nước tinh khiết: 68%, Đường phèn: 10%, Tảo biển: 2%, Lượng đường : Không đường.</p><hr>\r\n<p>Thể tích : 420ml</p><hr>\r\n<p>Đóng gói  : Hộp.</p><hr>\r\n<p>Số lượng  : Hộp 6 hũ </p><hr>\r\n<p class=\"text-danger\">Lưu ý : Không sử dụng sản phẩm khi hết hạn ,nên sử dụng một lần khi mở nắp.</p>\r\n<br>\r\n', '<h2 class=\"text-danger\">2 -Cung cấp dinh dưỡng dành cho người bị tiểu đường</h2><p>- Hiện nay trên thị trường có khá nhiều dòng sản phẩm nước yến trong đó phân chia làm hai nhóm chính: nước yến có bổ sung đường và nước yến không đường.</p><p>- Nước yến không đường không chất béo được khuyên dùng cho bệnh nhân tiểu đường bởi chúng giúp kiểm soát lượng đường trong máu, cũng như cải thiện tình trạng bệnh đáng kể.</p><<p>Hộp 6 hũ tổ yến chưng sẵn SALANEST - Đông Trùng 420 ml được sản xuất,nhằm giúp người tiểu đường tăng cường sức khỏe,bồi bổ khí huyết và nâng cao sức đề kháng.</p> <h2 class=\"text-danger\">Công dụng:</h2>\r\n <p>-Tăng cường sức đề kháng và hệ miễn dịch</p>\r\n<p>--Giúp cơ thể khỏe mạnh, hạn chế suy nhược, hạn chế suy dinh dưỡng ở trẻ em </p>\r\n<p>- Bổ sung năng lượng tốt cho cơ thể, hỗ trợ tái tạo tế bào, tăng cường sự đàn hồi và sức mạnh các mô cơ </p>\r\n-  <p>Kích thích hệ tiêu hóa, tăng cường khả năng hấp thu dưỡng chất</p>\r\n<p>- Cải thiện trí nhớ, tốt cho hệ thần kinh, đặc biệt hữu ích với người già </p>\r\n <p>- Cải thiện chức năng gan thận</p>\r\n <p>- Giải nhiệt và đào thải độc tố</p>\r\n<p>- Làm sạch cơ quan hô hấp </p>\r\n<p>- Hỗ trợ ngăn ngừa và điều trị các bệnh tim mạch, mỡ máu, xơ vữa động mạch, tiểu đường, huyết áp, đột quỵ,.. </p>\r\n<p>- Tăng cường sinh lý</p>\r\n<h2 class=\"text-danger\">Hướng Dẫn Sử Dụng:</h2>\r\n<p>- Bảo quản nơi thoáng mát, dùng trực tiếp sau khi mở nắp. </p>\r\n <p>- Cách dùng:</p>\r\n<p>Trẻ em: Từ 12 tháng trở lên, ngày uống 1 hủ </p>\r\n<p>Phụ nữ có thai: Thai kỳ từ tháng thứ 4 và thai kỳ phải ổn định, ngày uống 1 hủ </p>\r\n <p>Người lớn tuổi: Ít bệnh nền, chỉ nên sử dụng yến sào 3 lần/ tuần, mỗi lần 1 hủ. Nếu sức khỏe yếu kém, cơ thể không còn khả năng hoạt động nhiều có thể sử dụng mỗi ngày với liều lượng 2 hủ trong tháng đầu tiên. Sang tháng thứ 2 thì dùng cách 2 ngày/ lần. Tháng thứ 3 trở đi thì dùng 10gr yến 3 ngày/ lần.</p>\r\n <p>Nên ăn yến sào vào lúc sáng sớm, bụng đói và trước bữa ăn sáng khoảng 30 phút. Hoặc có thể dùng trước khi đi ngủ khoảng 1 tiếng.</p>\r\n<p>Lắc nhẹ trước khi dùng, ngon hơn khi uống lạnh</p>', 259000, 250000, 99, 'yen-sao-salanest-dong-trung-6.webp'),
(425, 4, '13', 1, 'SALANEST - Đông Trùng - 6 lọ .', '<p>- Nước yến giúp ăn ngon, ngủ ngon,hồi phục sức khỏe nên được doanh nghiệp TIẾN THỊNH PHÁT cho ra đời dòng sản phẩm 6 hũ yến sào nguyên chất SALANEST - Đông Trùng, dinh dưỡng với công dụng tuyệt vời.</p>\r\n<br>\r\n<p>Thương hiệu  : SALANEST - Đông Trùng </p><hr>  <p>Sản xuất tại  : Việt Nam</p><hr> <p>Loại sản phẩm :\r\n  Yến sào</p><hr> <p>Bổ sung : Hạt chia</p><hr> <p>Thành phần    Yến Tươi: 20% ,Hạt chia: 10%,  Nước tinh khiết: 68%, Đường phèn: 10%, Tảo biển: 2%, Lượng đường : Không đường.</p><hr>\r\n<p>Thể tích : 420ml</p><hr>\r\n<p>Đóng gói  : Hộp.</p><hr>\r\n<p>Số lượng  : Hộp 6 hũ </p><hr>\r\n<p class=\"text-danger\">Lưu ý : Không sử dụng sản phẩm khi hết hạn ,nên sử dụng một lần khi mở nắp.</p>\r\n<br>\r\n', '<h2 class=\"text-danger\">2 -Cung cấp dinh dưỡng dành cho người bị tiểu đường</h2><p>- Hiện nay trên thị trường có khá nhiều dòng sản phẩm nước yến trong đó phân chia làm hai nhóm chính: nước yến có bổ sung đường và nước yến không đường.</p> <p>- Nước yến không đường không chất béo được khuyên dùng cho bệnh nhân tiểu đường bởi chúng giúp kiểm soát lượng đường trong máu, cũng như cải thiện tình trạng bệnh đáng kể.</p><p>Hộp 6 hũ tổ yến chưng sẵn SALANEST - Đông Trùng 420 ml được sản xuất,nhằm giúp người tiểu đường tăng cường sức khỏe,bồi bổ khí huyết và nâng cao sức đề kháng.</p> <h2 class=\"text-danger\">Công dụng:</h2>\r\n <p>-Tăng cường sức đề kháng và hệ miễn dịch</p>\r\n<p>--Giúp cơ thể khỏe mạnh, hạn chế suy nhược, hạn chế suy dinh dưỡng ở trẻ em </p>\r\n<p>- Bổ sung năng lượng tốt cho cơ thể, hỗ trợ tái tạo tế bào, tăng cường sự đàn hồi và sức mạnh các mô cơ </p>\r\n-  <p>Kích thích hệ tiêu hóa, tăng cường khả năng hấp thu dưỡng chất</p>\r\n<p>- Cải thiện trí nhớ, tốt cho hệ thần kinh, đặc biệt hữu ích với người già </p>\r\n <p>- Cải thiện chức năng gan thận</p>\r\n <p>- Giải nhiệt và đào thải độc tố</p>\r\n<p>- Làm sạch cơ quan hô hấp </p>\r\n<p>- Hỗ trợ ngăn ngừa và điều trị các bệnh tim mạch, mỡ máu, xơ vữa động mạch, tiểu đường, huyết áp, đột quỵ,.. </p>\r\n<p>- Tăng cường sinh lý</p>\r\n<h2 class=\"text-danger\">Hướng Dẫn Sử Dụng:</h2>\r\n<p>- Bảo quản nơi thoáng mát, dùng trực tiếp sau khi mở nắp. </p>\r\n <p>- Cách dùng:</p>\r\n<p>Trẻ em: Từ 12 tháng trở lên, ngày uống 1 hủ </p>\r\n<p>Phụ nữ có thai: Thai kỳ từ tháng thứ 4 và thai kỳ phải ổn định, ngày uống 1 hủ </p>\r\n <p>Người lớn tuổi: Ít bệnh nền, chỉ nên sử dụng yến sào 3 lần/ tuần, mỗi lần 1 hủ. Nếu sức khỏe yếu kém, cơ thể không còn khả năng hoạt động nhiều có thể sử dụng mỗi ngày với liều lượng 2 hủ trong tháng đầu tiên. Sang tháng thứ 2 thì dùng cách 2 ngày/ lần. Tháng thứ 3 trở đi thì dùng 10gr yến 3 ngày/ lần.</p>\r\n <p>Nên ăn yến sào vào lúc sáng sớm, bụng đói và trước bữa ăn sáng khoảng 30 phút. Hoặc có thể dùng trước khi đi ngủ khoảng 1 tiếng.</p>\r\n<p>Lắc nhẹ trước khi dùng, ngon hơn khi uống lạnh</p>', 259000, 250000, 99, 'yen-sao-salanest-dong-trung-5.webp'),
(434, 4, '13', 1, 'SALANEST - Đông Trùng - 1 hũ.', '<p>- Nước yến giúp ăn ngon, ngủ ngon,hồi phục sức khỏe nên được doanh nghiệp TIẾN THỊNH PHÁT cho ra đời dòng sản phẩm 6 hũ yến sào nguyên chất SALANEST - Đông Trùng, dinh dưỡng với công dụng tuyệt vời.</p>\r\n<br>\r\n<p>Thương hiệu  : SALANEST - Đông Trùng </p><hr>  <p>Sản xuất tại  : Việt Nam</p><hr> <p>Loại sản phẩm :\r\n  Yến sào</p><hr> <p>Bổ sung : Hạt chia</p><hr> <p>Thành phần    Yến Tươi: 20% ,Hạt chia: 10%,  Nước tinh khiết: 68%, Đường phèn: 10%, Tảo biển: 2%, Lượng đường : Không đường.</p><hr>\r\n<p>Thể tích : 420ml</p><hr>\r\n<p>Đóng gói  : Hộp.</p><hr>\r\n<p>Số lượng  : Hộp 6 hũ </p><hr>\r\n<p class=\"text-danger\">Lưu ý : Không sử dụng sản phẩm khi hết hạn ,nên sử dụng một lần khi mở nắp.</p>\r\n<br>\r\n', '<h2 class=\"text-danger\">2 -Cung cấp dinh dưỡng dành cho người bị tiểu đường</h2><p>- Hiện nay trên thị trường có khá nhiều dòng sản phẩm nước yến trong đó phân chia làm hai nhóm chính: nước yến có bổ sung đường và nước yến không đường.</p><p>- Nước yến không đường không chất béo được khuyên dùng cho bệnh nhân tiểu đường bởi chúng giúp kiểm soát lượng đường trong máu, cũng như cải thiện tình trạng bệnh đáng kể.</p><p>Hộp 6 hũ tổ yến chưng sẵn SALANEST - Đông Trùng 420 ml được sản xuất,nhằm giúp người tiểu đường tăng cường sức khỏe,bồi bổ khí huyết và nâng cao sức đề kháng.</p><h2 class=\"text-danger\">Công dụng:</h2>\r\n <p>-Tăng cường sức đề kháng và hệ miễn dịch</p>\r\n<p>--Giúp cơ thể khỏe mạnh, hạn chế suy nhược, hạn chế suy dinh dưỡng ở trẻ em </p>\r\n<p>- Bổ sung năng lượng tốt cho cơ thể, hỗ trợ tái tạo tế bào, tăng cường sự đàn hồi và sức mạnh các mô cơ </p>\r\n-  <p>Kích thích hệ tiêu hóa, tăng cường khả năng hấp thu dưỡng chất</p>\r\n<p>- Cải thiện trí nhớ, tốt cho hệ thần kinh, đặc biệt hữu ích với người già </p>\r\n <p>- Cải thiện chức năng gan thận</p>\r\n <p>- Giải nhiệt và đào thải độc tố</p>\r\n<p>- Làm sạch cơ quan hô hấp </p>\r\n<p>- Hỗ trợ ngăn ngừa và điều trị các bệnh tim mạch, mỡ máu, xơ vữa động mạch, tiểu đường, huyết áp, đột quỵ,.. </p>\r\n<p>- Tăng cường sinh lý</p>\r\n<h2 class=\"text-danger\">Hướng Dẫn Sử Dụng:</h2>\r\n<p>- Bảo quản nơi thoáng mát, dùng trực tiếp sau khi mở nắp. </p>\r\n <p>- Cách dùng:</p>\r\n<p>Trẻ em: Từ 12 tháng trở lên, ngày uống 1 hủ </p>\r\n<p>Phụ nữ có thai: Thai kỳ từ tháng thứ 4 và thai kỳ phải ổn định, ngày uống 1 hủ </p>\r\n <p>Người lớn tuổi: Ít bệnh nền, chỉ nên sử dụng yến sào 3 lần/ tuần, mỗi lần 1 hủ. Nếu sức khỏe yếu kém, cơ thể không còn khả năng hoạt động nhiều có thể sử dụng mỗi ngày với liều lượng 2 hủ trong tháng đầu tiên. Sang tháng thứ 2 thì dùng cách 2 ngày/ lần. Tháng thứ 3 trở đi thì dùng 10gr yến 3 ngày/ lần.</p>\r\n <p>Nên ăn yến sào vào lúc sáng sớm, bụng đói và trước bữa ăn sáng khoảng 30 phút. Hoặc có thể dùng trước khi đi ngủ khoảng 1 tiếng.</p>\r\n<p>Lắc nhẹ trước khi dùng, ngon hơn khi uống lạnh</p>', 51000, 46000, 99, 'yen-sao-salanest-dong-trung-1.webp'),
(466, 4, '33', 3, 'HERANEST - Đông Trùng- Quà Tặng.', '<p>- Nước yến giúp ăn ngon, ngủ ngon,hồi phục sức khỏe nên được doanh nghiệp TIẾN THỊNH PHÁT cho ra đời dòng sản phẩm 6 hũ yến sào nguyên chất HERANEST - Đông Trùng, dinh dưỡng với công dụng tuyệt vời.</p>\r\n<br>\r\n<p>Thương hiệu  : HERANEST - Đông Trùng </p><hr>  <p>Sản xuất tại  : Việt Nam</p><hr> <p>Loại sản phẩm :\r\n  Yến sào</p><hr> <p>Bổ sung : Hạt chia</p><hr> <p>Thành phần    Yến Tươi: 20% ,Hạt chia: 10%,  Nước tinh khiết: 68%, Đường phèn: 10%, Tảo biển: 2%, Lượng đường : Không đường.</p><hr>\r\n<p>Thể tích : 420ml</p><hr>\r\n<p>Đóng gói  : Hộp.</p><hr>\r\n<p>Số lượng  : Hộp 6 hũ </p><hr>\r\n<p class=\"text-danger\">Lưu ý : Không sử dụng sản phẩm khi hết hạn ,nên sử dụng một lần khi mở nắp.</p>\r\n<br>\r\n', '<h2 class=\"text-danger\">2 -Cung cấp dinh dưỡng dành cho người bị tiểu đường</h2><p>- Hiện nay trên thị trường có khá nhiều dòng sản phẩm nước yến trong đó phân chia làm hai nhóm chính: nước yến có bổ sung đường và nước yến không đường.</p><p>- Nước yến không đường không chất béo được khuyên dùng cho bệnh nhân tiểu đường bởi chúng giúp kiểm soát lượng đường trong máu, cũng như cải thiện tình trạng bệnh đáng kể.</p><p>Hộp 6 hũ tổ yến chưng sẵn HERANEST - Đông Trùng không đường 420 ml được sản xuất,nhằm giúp người tiểu đường tăng cường sức khỏe,bồi bổ khí huyết và nâng cao sức đề kháng.</p> <p>TIẾN THỊNH PHÁT group chuyên sản xuất kinh doanh ngành hàng thực phẩm dinh dưỡng , đặt biệt là mặt hàng nước yến sào HERANEST, Gia Bảo, SALANESST,là sản phẩm phù hợp cho mọi đối tượng, giúp tăng cường sức khỏe,giảm mệt mỏi,chống lão hóa,tăng sức đề kháng.Với phương pháp chế biến cổ truyền trên dây chuyền đạt chuẩn an toàn thực phẩm,chora sản phẩm chất lượng cao.</p><h2 class=\"text-danger\">Công dụng:</h2>\r\n <p>-Tăng cường sức đề kháng và hệ miễn dịch</p>\r\n<p>--Giúp cơ thể khỏe mạnh, hạn chế suy nhược, hạn chế suy dinh dưỡng ở trẻ em </p>\r\n<p>- Bổ sung năng lượng tốt cho cơ thể, hỗ trợ tái tạo tế bào, tăng cường sự đàn hồi và sức mạnh các mô cơ </p>\r\n <p>Kích thích hệ tiêu hóa, tăng cường khả năng hấp thu dưỡng chất</p>\r\n<p>- Cải thiện trí nhớ, tốt cho hệ thần kinh, đặc biệt hữu ích với người già </p>\r\n <p>- Cải thiện chức năng gan thận</p>\r\n <p>- Giải nhiệt và đào thải độc tố</p>\r\n<p>- Làm sạch cơ quan hô hấp </p>\r\n<p>- Hỗ trợ ngăn ngừa và điều trị các bệnh tim mạch, mỡ máu, xơ vữa động mạch, tiểu đường, huyết áp, đột quỵ,.. </p>\r\n<p>- Tăng cường sinh lý</p><h2 class=\"text-danger\">Hướng Dẫn Sử Dụng:</h2>\r\n<p>- Bảo quản nơi thoáng mát, dùng trực tiếp sau khi mở nắp. </p>\r\n <p>- Cách dùng:</p>\r\n<p>Trẻ em: Từ 12 tháng trở lên, ngày uống 1 hủ </p>\r\n<p>Phụ nữ có thai: Thai kỳ từ tháng thứ 4 và thai kỳ phải ổn định, ngày uống 1 hủ </p>\r\n <p>Người lớn tuổi: Ít bệnh nền, chỉ nên sử dụng yến sào 3 lần/ tuần, mỗi lần 1 hủ. Nếu sức khỏe yếu kém, cơ thể không còn khả năng hoạt động nhiều có thể sử dụng mỗi ngày với liều lượng 2 hủ trong tháng đầu tiên. Sang tháng thứ 2 thì dùng cách 2 ngày/ lần. Tháng thứ 3 trở đi thì dùng 10gr yến 3 ngày/ lần.</p>\r\n <p>Nên ăn yến sào vào lúc sáng sớm, bụng đói và trước bữa ăn sáng khoảng 30 phút. Hoặc có thể dùng trước khi đi ngủ khoảng 1 tiếng.</p>\r\n<p>Lắc nhẹ trước khi dùng, ngon hơn khi uống lạnh</p>', 269000, 260000, 10, 'hera-dongtrung_6c_tra.webp'),
(502, 5, '27', 2, 'Gia Bảo - Saffron - 6 Hũ', '<p>- Nước yến giúp ăn ngon, ngủ ngon,hồi phục sức khỏe nên được doanh nghiệp TIẾN THỊNH PHÁT cho ra đời dòng sản phẩm 6 hũ yến sào nguyên chất HERANEST - Táo Đỏ, dinh dưỡng với công dụng tuyệt vời.</p>\r\n<br>\r\n<p>Thương hiệu  : HERANEST - Táo Đỏ </p><hr>  <p>Sản xuất tại  : Việt Nam</p><hr> <p>Loại sản phẩm :\r\n  Yến sào</p><hr> <p>Bổ sung : Hạt chia</p><hr> <p>Thành phần    Yến Tươi: 35% ,Hạt chia: 10%,  Nước tinh khiết: 68%, Đường phèn: 10%, Tảo biển: 2%, Lượng đường : Không đường.</p><hr>\r\n<p>Thể tích : 420ml</p><hr>\r\n<p>Đóng gói  : Hộp.</p><hr>\r\n<p>Số lượng  : Hộp 6 hũ </p><hr>\r\n<p class=\"text-danger\">Lưu ý : Không sử dụng sản phẩm khi hết hạn ,nên sử dụng một lần khi mở nắp.</p>\r\n<br>\r\n', '<h2 class=\"text-danger\">2 -Cung cấp dinh dưỡng dành cho người bị tiểu đường</h2><p>- Hiện nay trên thị trường có khá nhiều dòng sản phẩm nước yến trong đó phân chia làm hai nhóm chính: nước yến có bổ sung đường và nước yến không đường.</p><p>- Nước yến không đường không chất béo được khuyên dùng cho bệnh nhân tiểu đường bởi chúng giúp kiểm soát lượng đường trong máu, cũng như cải thiện tình trạng bệnh đáng kể.</p><p>Hộp 6 hũ tổ yến chưng sẵn HERANEST - Táo Đỏ 420 ml được sản xuất,nhằm giúp người tiểu đường tăng cường sức khỏe,bồi bổ khí huyết và nâng cao sức đề kháng.</p><p>TIẾN THỊNH PHÁT group chuyên sản xuất kinh doanh ngành hàng thực phẩm dinh dưỡng , đặt biệt là mặt hàng nước yến sào HERANEST, Gia Bảo, SALANESST,là sản phẩm phù hợp cho mọi đối tượng, giúp tăng cường sức khỏe,giảm mệt mỏi,chống lão hóa,tăng sức đề kháng.Với phương pháp chế biến cổ truyền trên dây chuyền đạt chuẩn an toàn thực phẩm,chora sản phẩm chất lượng cao.</p><h2 class=\"text-danger\">Công dụng:</h2>\r\n<p>-Tăng cường hoạt động của hệ miễn dịch, giúp nâng cao sức khỏe và phòng ngừa nhiều căn bệnh. </p>\r\n<p>- Cải thiện trí nhớ và giảm stress, đặc biệt hỗ trợ chữa trị chứng mất ngủ, giúp ngủ ngon giấc hơn. </p>\r\n <p>- Tăng cường sức khỏe hệ tim mạch, ngăn ngừa các bệnh liên quan đến tim mạch như xơ vữa động mạch, đột quỵ,…</p>\r\n<p>- Cải thiện hoạt động hệ tiêu hóa, tăng cường khả năng trao đổi chất của cơ thể, giúp cơ thể hấp thu tối đa dưỡng chất trong thực phẩm. </p>\r\n <p>- Tăng cường hoạt động của hệ hô hấp.</p>\r\n <p>- Thanh lọc và đào thải các chất độc hại ra khỏi cơ thể, giảm thiểu những căn bệnh về tim, gan. - - Cải thiện chức năng sinh lý cho cả nam và nữ.</p>\r\n<p>- Ngăn ngừa và ức chế các tế bào ung thư, đặc biệt là ung thư gan và ung thư tuyến tiền liệt, ung thư da. </p>\r\n<p>- Cải thiện thị lực. </p>\r\n<p>- Chữa lành vết thương, chống viêm. </p>\r\n<p>- Với phụ nữ, dùng yến chưng saffron còn có tác dụng giúp da dẻ mịn màng, chống lão hóa, giảm tàn nhang đồng thời hỗ trợ điều hòa kinh nguyệt, làm giảm đau bụng trong ngày hành kinh.</p><h2 class=\"text-danger\">Hướng Dẫn Sử Dụng:</h2>\r\n<p>- Bảo quản nơi thoáng mát, dùng trực tiếp sau khi mở nắp. </p>\r\n<p>- Cách dùng: </p>\r\n<p>Trẻ em: Từ 12 tháng trở lên, ngày uống 1 hủ </p>\r\n<p>Phụ nữ có thai: Thai kỳ từ tháng thứ 4 và thai kỳ phải ổn định, ngày uống 1 hủ </p>\r\n. <p>Người lớn tuổi: Ít bệnh nền, chỉ nên sử dụng yến sào 3 lần/ tuần, mỗi lần 1 hủ. Nếu sức khỏe yếu kém, cơ thể không còn khả năng hoạt động nhiều có thể sử dụng mỗi ngày với liều lượng 2 hủ trong tháng đầu tiên. Sang tháng thứ 2 thì dùng cách 2 ngày/ lần. Tháng thứ 3 trở đi thì dùng 10gr yến 3 ngày/ lần</p>\r\n <p>Nên ăn yến sào vào lúc sáng sớm, bụng đói và trước bữa ăn sáng khoảng 30 phút. Hoặc có thể dùng trước khi đi ngủ khoảng 1 tiếng.</p>\r\n<p>Lắc nhẹ trước khi dùng, ngon hơn khi uống lạnh</p>', 264000, 255000, 10, 'saffron_6c_tra.webp'),
(506, 5, '27', 2, 'Gia Bảo - Saffron - 6 Hũ', '<p>- Nước yến giúp ăn ngon, ngủ ngon,hồi phục sức khỏe nên được doanh nghiệp TIẾN THỊNH PHÁT cho ra đời dòng sản phẩm 6 hũ yến sào nguyên chất Gia Bảo - safron, dinh dưỡng với công dụng tuyệt vời.</p>\r\n<br>\r\n<p>Thương hiệu  : Gia Bảo - safron </p><hr>  <p>Sản xuất tại  : Việt Nam</p><hr> <p>Loại sản phẩm :\r\n  Yến sào</p><hr> <p>Bổ sung : Hạt chia</p><hr> <p>Thành phần    Yến Tươi: 20% ,Hạt chia: 10%,  Nước tinh khiết: 68%, Đường phèn: 10%, Tảo biển: 2%, Lượng đường : Không đường.</p><hr>\r\n<p>Thể tích : 420ml</p><hr>\r\n<p>Đóng gói  : Hộp.</p><hr>\r\n<p>Số lượng  : Hộp 6 hũ </p><hr>\r\n<p class=\"text-danger\">Lưu ý : Không sử dụng sản phẩm khi hết hạn ,nên sử dụng một lần khi mở nắp.</p>\r\n<br>\r\n', '<h2 class=\"text-danger\">2 -Cung cấp dinh dưỡng dành cho người bị tiểu đường</h2><p>- Hiện nay trên thị trường có khá nhiều dòng sản phẩm nước yến trong đó phân chia làm hai nhóm chính: nước yến có bổ sung đường và nước yến không đường.</p><p>- Nước yến không đường không chất béo được khuyên dùng cho bệnh nhân tiểu đường bởi chúng giúp kiểm soát lượng đường trong máu, cũng như cải thiện tình trạng bệnh đáng kể.</p> <p>Hộp 6 hũ tổ yến chưng sẵn Gia Bảo - safron 420 ml được sản xuất,nhằm giúp người tiểu đường tăng cường sức khỏe,bồi bổ khí huyết và nâng cao sức đề kháng.</p> <h2 class=\"text-danger\">Công dụng:</h2>\r\n<p>-Tăng cường hoạt động của hệ miễn dịch, giúp nâng cao sức khỏe và phòng ngừa nhiều căn bệnh. </p>\r\n<p>- Cải thiện trí nhớ và giảm stress, đặc biệt hỗ trợ chữa trị chứng mất ngủ, giúp ngủ ngon giấc hơn. </p>\r\n <p>- Tăng cường sức khỏe hệ tim mạch, ngăn ngừa các bệnh liên quan đến tim mạch như xơ vữa động mạch, đột quỵ,…</p>\r\n<p>- Cải thiện hoạt động hệ tiêu hóa, tăng cường khả năng trao đổi chất của cơ thể, giúp cơ thể hấp thu tối đa dưỡng chất trong thực phẩm. </p>\r\n <p>- Tăng cường hoạt động của hệ hô hấp.</p>\r\n <p>- Thanh lọc và đào thải các chất độc hại ra khỏi cơ thể, giảm thiểu những căn bệnh về tim, gan. - - Cải thiện chức năng sinh lý cho cả nam và nữ.</p>\r\n<p>- Ngăn ngừa và ức chế các tế bào ung thư, đặc biệt là ung thư gan và ung thư tuyến tiền liệt, ung thư da. </p>\r\n<p>- Cải thiện thị lực. </p>\r\n<p>- Chữa lành vết thương, chống viêm. </p>\r\n<p>- Với phụ nữ, dùng yến chưng saffron còn có tác dụng giúp da dẻ mịn màng, chống lão hóa, giảm tàn nhang đồng thời hỗ trợ điều hòa kinh nguyệt, làm giảm đau bụng trong ngày hành kinh.</p>\r\n<h2 class=\"text-danger\">Hướng Dẫn Sử Dụng:</h2>\r\n<p>- Bảo quản nơi thoáng mát, dùng trực tiếp sau khi mở nắp. </p>\r\n<p>- Cách dùng: </p>\r\n<p>Trẻ em: Từ 12 tháng trở lên, ngày uống 1 hủ </p>\r\n<p>Phụ nữ có thai: Thai kỳ từ tháng thứ 4 và thai kỳ phải ổn định, ngày uống 1 hủ </p>\r\n. <p>Người lớn tuổi: Ít bệnh nền, chỉ nên sử dụng yến sào 3 lần/ tuần, mỗi lần 1 hủ. Nếu sức khỏe yếu kém, cơ thể không còn khả năng hoạt động nhiều có thể sử dụng mỗi ngày với liều lượng 2 hủ trong tháng đầu tiên. Sang tháng thứ 2 thì dùng cách 2 ngày/ lần. Tháng thứ 3 trở đi thì dùng 10gr yến 3 ngày/ lần</p>\r\n <p>Nên ăn yến sào vào lúc sáng sớm, bụng đói và trước bữa ăn sáng khoảng 30 phút. Hoặc có thể dùng trước khi đi ngủ khoảng 1 tiếng.</p>\r\n<p>Lắc nhẹ trước khi dùng, ngon hơn khi uống lạnh</p>', 269000, 260000, 10, 'giabao-saffron_6c_tra.webp'),
(541, 5, '17', 1, 'SALANEST-SAFFRON-6 Hũ', '<p>- Nước yến giúp ăn ngon, ngủ ngon,hồi phục sức khỏe nên được doanh nghiệp TIẾN THỊNH PHÁT cho ra đời dòng sản phẩm 6 hũ yến sào nguyên chất SALANEST - Đông Trùng, dinh dưỡng với công dụng tuyệt vời.</p>\r\n<br>\r\n<p>Thương hiệu  : SALANEST - SAFFRON</p><hr>  <p>Sản xuất tại  : Việt Nam</p><hr> <p>Loại sản phẩm :\r\n  Yến sào</p><hr> <p>Bổ sung : Hạt chia</p><hr>  <p> Saffron: 10%</p><hr><p>Thành phần    Yến Tươi: 20% ,  Nước tinh khiết: 68%, Đường phèn: 10%, Tảo biển: 2%, Lượng đường : Không đường.</p><hr>\r\n<p>Thể tích : 420ml</p><hr>\r\n<p>Đóng gói  : Hộp.</p><hr>\r\n<p>Số lượng  : Hộp 6 hũ </p><hr>\r\n<p class=\"text-danger\">Lưu ý : Không sử dụng sản phẩm khi hết hạn ,nên sử dụng một lần khi mở nắp.</p>\r\n<br>\r\n', '<h2 class=\"text-danger\">2 -Cung cấp dinh dưỡng dành cho người bị tiểu đường</h2><p>- Hiện nay trên thị trường có khá nhiều dòng sản phẩm nước yến trong đó phân chia làm hai nhóm chính: nước yến có bổ sung đường và nước yến không đường.</p><p>- Nước yến không đường không chất béo được khuyên dùng cho bệnh nhân tiểu đường bởi chúng giúp kiểm soát lượng đường trong máu, cũng như cải thiện tình trạng bệnh đáng kể.</p><p>Hộp 6 hũ tổ yến chưng sẵn SALANEST - SAFFRON 420 ml được sản xuất,nhằm giúp người tiểu đường tăng cường sức khỏe,bồi bổ khí huyết và nâng cao sức đề kháng.</p><h2 class=\"text-danger\">Công dụng:</h2>\r\n <p>-Tăng cường sức đề kháng và hệ miễn dịch</p>\r\n<p>--Giúp cơ thể khỏe mạnh, hạn chế suy nhược, hạn chế suy dinh dưỡng ở trẻ em </p>\r\n<p>- Bổ sung năng lượng tốt cho cơ thể, hỗ trợ tái tạo tế bào, tăng cường sự đàn hồi và sức mạnh các mô cơ </p>\r\n-  <p>Kích thích hệ tiêu hóa, tăng cường khả năng hấp thu dưỡng chất</p>\r\n<p>- Cải thiện trí nhớ, tốt cho hệ thần kinh, đặc biệt hữu ích với người già </p>\r\n <p>- Cải thiện chức năng gan thận</p>\r\n <p>- Giải nhiệt và đào thải độc tố</p>\r\n<p>- Làm sạch cơ quan hô hấp </p>\r\n<p>- Hỗ trợ ngăn ngừa và điều trị các bệnh tim mạch, mỡ máu, xơ vữa động mạch, tiểu đường, huyết áp, đột quỵ,.. </p>\r\n<p>- Tăng cường sinh lý</p>\r\n<h2 class=\"text-danger\">Hướng Dẫn Sử Dụng:</h2>\r\n<p>- Bảo quản nơi thoáng mát, dùng trực tiếp sau khi mở nắp. </p>\r\n <p>- Cách dùng:</p>\r\n<p>Trẻ em: Từ 12 tháng trở lên, ngày uống 1 hủ </p>\r\n<p>Phụ nữ có thai: Thai kỳ từ tháng thứ 4 và thai kỳ phải ổn định, ngày uống 1 hủ </p>\r\n <p>Người lớn tuổi: Ít bệnh nền, chỉ nên sử dụng yến sào 3 lần/ tuần, mỗi lần 1 hủ. Nếu sức khỏe yếu kém, cơ thể không còn khả năng hoạt động nhiều có thể sử dụng mỗi ngày với liều lượng 2 hủ trong tháng đầu tiên. Sang tháng thứ 2 thì dùng cách 2 ngày/ lần. Tháng thứ 3 trở đi thì dùng 10gr yến 3 ngày/ lần.</p>\r\n <p>Nên ăn yến sào vào lúc sáng sớm, bụng đói và trước bữa ăn sáng khoảng 30 phút. Hoặc có thể dùng trước khi đi ngủ khoảng 1 tiếng.</p>\r\n<p>Lắc nhẹ trước khi dùng, ngon hơn khi uống lạnh</p>', 259000, 250000, 99, 'yen-sao-salanest-saffron-6.webp'),
(542, 5, '17', 1, 'SALANEST-SAFFRON-6 Hũ', '<p>- Nước yến giúp ăn ngon, ngủ ngon,hồi phục sức khỏe nên được doanh nghiệp TIẾN THỊNH PHÁT cho ra đời dòng sản phẩm 6 hũ yến sào nguyên chất SALANEST - Đông Trùng, dinh dưỡng với công dụng tuyệt vời.</p>\r\n<br>\r\n<p>Thương hiệu  : SALANEST - SAFFRON</p><hr>  <p>Sản xuất tại  : Việt Nam</p><hr> <p>Loại sản phẩm :\r\n  Yến sào</p><hr> <p>Bổ sung : Hạt chia</p><hr>  <p> Saffron: 10%</p><hr><p>Thành phần    Yến Tươi: 20% ,  Nước tinh khiết: 68%, Đường phèn: 10%, Tảo biển: 2%, Lượng đường : Không đường.</p><hr>\r\n<p>Thể tích : 420ml</p><hr>\r\n<p>Đóng gói  : Hộp.</p><hr>\r\n<p>Số lượng  : Hộp 6 hũ </p><hr>\r\n<p class=\"text-danger\">Lưu ý : Không sử dụng sản phẩm khi hết hạn ,nên sử dụng một lần khi mở nắp.</p>\r\n<br>\r\n', '<h2 class=\"text-danger\">2 -Cung cấp dinh dưỡng dành cho người bị tiểu đường</h2><p>- Hiện nay trên thị trường có khá nhiều dòng sản phẩm nước yến trong đó phân chia làm hai nhóm chính: nước yến có bổ sung đường và nước yến không đường.</p><p>- Nước yến không đường không chất béo được khuyên dùng cho bệnh nhân tiểu đường bởi chúng giúp kiểm soát lượng đường trong máu, cũng như cải thiện tình trạng bệnh đáng kể.</p><p>Hộp 6 hũ tổ yến chưng sẵn SALANEST - SAFFRON 420 ml được sản xuất,nhằm giúp người tiểu đường tăng cường sức khỏe,bồi bổ khí huyết và nâng cao sức đề kháng.</p><h2 class=\"text-danger\">Công dụng:</h2>\r\n <p>-Tăng cường sức đề kháng và hệ miễn dịch</p>\r\n<p>--Giúp cơ thể khỏe mạnh, hạn chế suy nhược, hạn chế suy dinh dưỡng ở trẻ em </p>\r\n<p>- Bổ sung năng lượng tốt cho cơ thể, hỗ trợ tái tạo tế bào, tăng cường sự đàn hồi và sức mạnh các mô cơ </p>\r\n-  <p>Kích thích hệ tiêu hóa, tăng cường khả năng hấp thu dưỡng chất</p>\r\n<p>- Cải thiện trí nhớ, tốt cho hệ thần kinh, đặc biệt hữu ích với người già </p>\r\n <p>- Cải thiện chức năng gan thận</p>\r\n <p>- Giải nhiệt và đào thải độc tố</p>\r\n<p>- Làm sạch cơ quan hô hấp </p>\r\n<p>- Hỗ trợ ngăn ngừa và điều trị các bệnh tim mạch, mỡ máu, xơ vữa động mạch, tiểu đường, huyết áp, đột quỵ,.. </p>\r\n<p>- Tăng cường sinh lý</p>\r\n<h2 class=\"text-danger\">Hướng Dẫn Sử Dụng:</h2>\r\n<p>- Bảo quản nơi thoáng mát, dùng trực tiếp sau khi mở nắp. </p>\r\n <p>- Cách dùng:</p>\r\n<p>Trẻ em: Từ 12 tháng trở lên, ngày uống 1 hủ </p>\r\n<p>Phụ nữ có thai: Thai kỳ từ tháng thứ 4 và thai kỳ phải ổn định, ngày uống 1 hủ </p>\r\n <p>Người lớn tuổi: Ít bệnh nền, chỉ nên sử dụng yến sào 3 lần/ tuần, mỗi lần 1 hủ. Nếu sức khỏe yếu kém, cơ thể không còn khả năng hoạt động nhiều có thể sử dụng mỗi ngày với liều lượng 2 hủ trong tháng đầu tiên. Sang tháng thứ 2 thì dùng cách 2 ngày/ lần. Tháng thứ 3 trở đi thì dùng 10gr yến 3 ngày/ lần.</p>\r\n <p>Nên ăn yến sào vào lúc sáng sớm, bụng đói và trước bữa ăn sáng khoảng 30 phút. Hoặc có thể dùng trước khi đi ngủ khoảng 1 tiếng.</p>\r\n<p>Lắc nhẹ trước khi dùng, ngon hơn khi uống lạnh</p>', 259000, 250000, 99, 'yen-sao-salanest-saffron-9.webp'),
(556, 5, '27', 2, 'Gia Bảo - Saffron - Quà Tặng', '<p>- Nước yến giúp ăn ngon, ngủ ngon,hồi phục sức khỏe nên được doanh nghiệp TIẾN THỊNH PHÁT cho ra đời dòng sản phẩm 6 hũ yến sào nguyên chất Gia Bảo - safron, dinh dưỡng với công dụng tuyệt vời.</p>\r\n<br>\r\n<p>Thương hiệu  : Gia Bảo - safron </p><hr>  <p>Sản xuất tại  : Việt Nam</p><hr> <p>Loại sản phẩm :\r\n  Yến sào</p><hr> <p>Bổ sung : Hạt chia</p><hr> <p>Thành phần    Yến Tươi: 20% ,Hạt chia: 10%,  Nước tinh khiết: 68%, Đường phèn: 10%, Tảo biển: 2%, Lượng đường : Không đường.</p><hr>\r\n<p>Thể tích : 420ml</p><hr>\r\n<p>Đóng gói  : Hộp.</p><hr>\r\n<p>Số lượng  : Hộp 6 hũ </p><hr>\r\n<p class=\"text-danger\">Lưu ý : Không sử dụng sản phẩm khi hết hạn ,nên sử dụng một lần khi mở nắp.</p>\r\n<br>\r\n', '<h2 class=\"text-danger\">2 -Cung cấp dinh dưỡng dành cho người bị tiểu đường</h2><p>- Hiện nay trên thị trường có khá nhiều dòng sản phẩm nước yến trong đó phân chia làm hai nhóm chính: nước yến có bổ sung đường và nước yến không đường.</p><p>- Nước yến không đường không chất béo được khuyên dùng cho bệnh nhân tiểu đường bởi chúng giúp kiểm soát lượng đường trong máu, cũng như cải thiện tình trạng bệnh đáng kể.</p> <p>Hộp 6 hũ tổ yến chưng sẵn Gia Bảo - safron 420 ml được sản xuất,nhằm giúp người tiểu đường tăng cường sức khỏe,bồi bổ khí huyết và nâng cao sức đề kháng.</p> <h2 class=\"text-danger\">Công dụng:</h2>\r\n<p>-Tăng cường hoạt động của hệ miễn dịch, giúp nâng cao sức khỏe và phòng ngừa nhiều căn bệnh. </p>\r\n<p>- Cải thiện trí nhớ và giảm stress, đặc biệt hỗ trợ chữa trị chứng mất ngủ, giúp ngủ ngon giấc hơn. </p>\r\n <p>- Tăng cường sức khỏe hệ tim mạch, ngăn ngừa các bệnh liên quan đến tim mạch như xơ vữa động mạch, đột quỵ,…</p>\r\n<p>- Cải thiện hoạt động hệ tiêu hóa, tăng cường khả năng trao đổi chất của cơ thể, giúp cơ thể hấp thu tối đa dưỡng chất trong thực phẩm. </p>\r\n <p>- Tăng cường hoạt động của hệ hô hấp.</p>\r\n <p>- Thanh lọc và đào thải các chất độc hại ra khỏi cơ thể, giảm thiểu những căn bệnh về tim, gan. - - Cải thiện chức năng sinh lý cho cả nam và nữ.</p>\r\n<p>- Ngăn ngừa và ức chế các tế bào ung thư, đặc biệt là ung thư gan và ung thư tuyến tiền liệt, ung thư da. </p>\r\n<p>- Cải thiện thị lực. </p>\r\n<p>- Chữa lành vết thương, chống viêm. </p>\r\n<p>- Với phụ nữ, dùng yến chưng saffron còn có tác dụng giúp da dẻ mịn màng, chống lão hóa, giảm tàn nhang đồng thời hỗ trợ điều hòa kinh nguyệt, làm giảm đau bụng trong ngày hành kinh.</p>\r\n<h2 class=\"text-danger\">Hướng Dẫn Sử Dụng:</h2>\r\n<p>- Bảo quản nơi thoáng mát, dùng trực tiếp sau khi mở nắp. </p>\r\n<p>- Cách dùng: </p>\r\n<p>Trẻ em: Từ 12 tháng trở lên, ngày uống 1 hủ </p>\r\n<p>Phụ nữ có thai: Thai kỳ từ tháng thứ 4 và thai kỳ phải ổn định, ngày uống 1 hủ </p>\r\n. <p>Người lớn tuổi: Ít bệnh nền, chỉ nên sử dụng yến sào 3 lần/ tuần, mỗi lần 1 hủ. Nếu sức khỏe yếu kém, cơ thể không còn khả năng hoạt động nhiều có thể sử dụng mỗi ngày với liều lượng 2 hủ trong tháng đầu tiên. Sang tháng thứ 2 thì dùng cách 2 ngày/ lần. Tháng thứ 3 trở đi thì dùng 10gr yến 3 ngày/ lần</p>\r\n <p>Nên ăn yến sào vào lúc sáng sớm, bụng đói và trước bữa ăn sáng khoảng 30 phút. Hoặc có thể dùng trước khi đi ngủ khoảng 1 tiếng.</p>\r\n<p>Lắc nhẹ trước khi dùng, ngon hơn khi uống lạnh</p>', 269000, 260000, 10, 'saffron_front_tra.webp'),
(562, 5, '32', 3, 'HERANEST - SAFFOR - 6 Hũ .', '<p>- Nước yến giúp ăn ngon, ngủ ngon,hồi phục sức khỏe nên được doanh nghiệp TIẾN THỊNH PHÁT cho ra đời dòng sản phẩm 6 hũ yến sào nguyên chất HERANEST - saffor, dinh dưỡng với công dụng tuyệt vời.</p>\r\n<br>\r\n<p>Thương hiệu  : HERANEST - saffor </p><hr>  <p>Sản xuất tại  : Việt Nam</p><hr> <p>Loại sản phẩm :\r\n  Yến sào</p><hr> <p>Bổ sung : Hạt chia</p><hr> <p>Thành phần    Yến Tươi: 20% ,  Nước tinh khiết: 68%, Đường phèn: 10%, Tảo biển: 2%, Lượng đường : Không đường.</p><hr>\r\n<p>Thể tích : 420ml</p><hr>\r\n<p>Đóng gói  : Hộp.</p><hr>\r\n<p>Số lượng  : Hộp 6 hũ </p><hr>\r\n<p class=\"text-danger\">Lưu ý : Không sử dụng sản phẩm khi hết hạn ,nên sử dụng một lần khi mở nắp.</p>\r\n<br>\r\n', '<h2 class=\"text-danger\">2 -Cung cấp dinh dưỡng dành cho người bị tiểu đường</h2><p>- Hiện nay trên thị trường có khá nhiều dòng sản phẩm nước yến trong đó phân chia làm hai nhóm chính: nước yến có bổ sung đường và nước yến không đường.</p><p>- Nước yến không đường không chất béo được khuyên dùng cho bệnh nhân tiểu đường bởi chúng giúp kiểm soát lượng đường trong máu, cũng như cải thiện tình trạng bệnh đáng kể.</p><p>Hộp 6 hũ tổ yến chưng sẵn HERANEST - saffor 420 ml được sản xuất,nhằm giúp người tiểu đường tăng cường sức khỏe,bồi bổ khí huyết và nâng cao sức đề kháng.</p><h2 class=\"text-danger\">Công dụng:</h2>\r\n<p>- Kích thích tiêu hóa, giúp ăn uống ngon miệng </p>\r\n<p>- Cải thiện hệ miễn dịch, tăng sức đề kháng cho cơ thể</p> \r\n <p>- Bổ phế, long đờm, giảm ho</p>\r\n <p>- Ngăn ngừa các nguy cơ mắc bệnh xương khớp</p>\r\n <p>- Chống lão hóa, làm đẹp da</p>\r\n<p>- Tốt cho mẹ bầu và thai nhi: cung cấp các dinh dưỡng cần thiết ngăn ngừa và giảm triệu chứng ốm nghén, giảm trạng thái mệt mỏi, căng thẳng, stress</p>\r\n<h2 class=\"text-danger\">Hướng Dẫn Sử Dụng:</h2>\r\n <p>- Bảo quản nơi thoáng mát, dùng trực tiếp sau khi mở nắp.</p>\r\n<p>- Cách dùng: </p>\r\n <p>Trẻ em: Từ 12 tháng trở lên, ngày uống 1 hủ</p>\r\n <p>Phụ nữ có thai: Thai kỳ từ tháng thứ 4 và thai kỳ phải ổn định, ngày uống 1 hủ</p>\r\n<p>Nên ăn yến sào vào lúc sáng sớm, bụng đói và trước bữa ăn sáng khoảng 30 phút. Hoặc có thể dùng trước khi đi ngủ khoảng 1 tiếng. </p>\r\n<p>Người lớn tuổi: Ít bệnh nền, chỉ nên sử dụng yến sào 3 lần/ tuần, mỗi lần 1 hủ. Nếu sức khỏe yếu kém, cơ thể không còn khả năng hoạt động nhiều có thể sử dụng mỗi ngày với liều lượng 2 hủ trong tháng đầu tiên. Sang tháng thứ 2 thì dùng cách 2 ngày/ lần. Tháng thứ 3 trở đi thì dùng 10gr yến 3 ngày/ lần. \r\n</p>\r\n<p>Lắc nhẹ trước khi dùng, ngon hơn khi uống lạnh</p>', 273000, 265000, 99, 'hera-nhansam_6c_tra.webp'),
(563, 5, '32', 3, 'HERANEST - SAFFOR - Quà Tặng', '<p>- Nước yến giúp ăn ngon, ngủ ngon,hồi phục sức khỏe nên được doanh nghiệp TIẾN THỊNH PHÁT cho ra đời dòng sản phẩm 6 hũ yến sào nguyên chất HERANEST - saffor, dinh dưỡng với công dụng tuyệt vời.</p>\r\n<br>\r\n<p>Thương hiệu  : HERANEST - saffor </p><hr>  <p>Sản xuất tại  : Việt Nam</p><hr> <p>Loại sản phẩm :\r\n  Yến sào</p><hr> <p>Bổ sung : Hạt chia</p><hr> <p>Thành phần    Yến Tươi: 20% ,  Nước tinh khiết: 68%, Đường phèn: 10%, Tảo biển: 2%, Lượng đường : Không đường.</p><hr>\r\n<p>Thể tích : 420ml</p><hr>\r\n<p>Đóng gói  : Hộp.</p><hr>\r\n<p>Số lượng  : Hộp 6 hũ </p><hr>\r\n<p class=\"text-danger\">Lưu ý : Không sử dụng sản phẩm khi hết hạn ,nên sử dụng một lần khi mở nắp.</p>\r\n<br>\r\n', '<h2 class=\"text-danger\">2 -Cung cấp dinh dưỡng dành cho người bị tiểu đường</h2><p>- Hiện nay trên thị trường có khá nhiều dòng sản phẩm nước yến trong đó phân chia làm hai nhóm chính: nước yến có bổ sung đường và nước yến không đường.</p><p>- Nước yến không đường không chất béo được khuyên dùng cho bệnh nhân tiểu đường bởi chúng giúp kiểm soát lượng đường trong máu, cũng như cải thiện tình trạng bệnh đáng kể.</p><p>Hộp 6 hũ tổ yến chưng sẵn HERANEST - saffor 420 ml được sản xuất,nhằm giúp người tiểu đường tăng cường sức khỏe,bồi bổ khí huyết và nâng cao sức đề kháng.</p><h2 class=\"text-danger\">Công dụng:</h2>\r\n<p>- Kích thích tiêu hóa, giúp ăn uống ngon miệng </p>\r\n<p>- Cải thiện hệ miễn dịch, tăng sức đề kháng cho cơ thể</p> \r\n <p>- Bổ phế, long đờm, giảm ho</p>\r\n <p>- Ngăn ngừa các nguy cơ mắc bệnh xương khớp</p>\r\n <p>- Chống lão hóa, làm đẹp da</p>\r\n<p>- Tốt cho mẹ bầu và thai nhi: cung cấp các dinh dưỡng cần thiết ngăn ngừa và giảm triệu chứng ốm nghén, giảm trạng thái mệt mỏi, căng thẳng, stress</p>\r\n<h2 class=\"text-danger\">Hướng Dẫn Sử Dụng:</h2>\r\n <p>- Bảo quản nơi thoáng mát, dùng trực tiếp sau khi mở nắp.</p>\r\n<p>- Cách dùng: </p>\r\n <p>Trẻ em: Từ 12 tháng trở lên, ngày uống 1 hủ</p>\r\n <p>Phụ nữ có thai: Thai kỳ từ tháng thứ 4 và thai kỳ phải ổn định, ngày uống 1 hủ</p>\r\n<p>Nên ăn yến sào vào lúc sáng sớm, bụng đói và trước bữa ăn sáng khoảng 30 phút. Hoặc có thể dùng trước khi đi ngủ khoảng 1 tiếng. </p>\r\n<p>Người lớn tuổi: Ít bệnh nền, chỉ nên sử dụng yến sào 3 lần/ tuần, mỗi lần 1 hủ. Nếu sức khỏe yếu kém, cơ thể không còn khả năng hoạt động nhiều có thể sử dụng mỗi ngày với liều lượng 2 hủ trong tháng đầu tiên. Sang tháng thứ 2 thì dùng cách 2 ngày/ lần. Tháng thứ 3 trở đi thì dùng 10gr yến 3 ngày/ lần. \r\n</p>\r\n<p>Lắc nhẹ trước khi dùng, ngon hơn khi uống lạnh</p>', 273000, 265000, 99, 'hera-nhansam_front_tra.webp'),
(609, 6, '34', 3, 'HERANEST - Hạt Chia - 6 hũ .', '<p>- Nước yến giúp ăn ngon, ngủ ngon,hồi phục sức khỏe nên được doanh nghiệp TIẾN THỊNH PHÁT cho ra đời dòng sản phẩm 6 hũ yến sào nguyên chất HERANEST - Hạt Chia, dinh dưỡng với công dụng tuyệt vời.</p>\r\n<br>\r\n<p>Thương hiệu  : HERANEST - Hạt Chia </p><hr>  <p>Sản xuất tại  : Việt Nam</p><hr> <p>Loại sản phẩm :\r\n  Yến sào</p><hr> <p>Bổ sung : Hạt chia</p><hr> <p>Thành phần    Yến Tươi: 20% ,Hạt chia: 10%,  Nước tinh khiết: 68%, Đường phèn: 10%, Tảo biển: 2%, Lượng đường : Không đường.</p><hr>\r\n<p>Thể tích : 420ml</p><hr>\r\n<p>Đóng gói  : Hộp.</p><hr>\r\n<p>Số lượng  : Hộp 6 hũ </p><hr>\r\n<p class=\"text-danger\">Lưu ý : Không sử dụng sản phẩm khi hết hạn ,nên sử dụng một lần khi mở nắp.</p>\r\n<br>\r\n', '<h2 class=\"text-danger\">2 -Cung cấp dinh dưỡng dành cho người bị tiểu đường</h2><p>- Hiện nay trên thị trường có khá nhiều dòng sản phẩm nước yến trong đó phân chia làm hai nhóm chính: nước yến có bổ sung đường và nước yến không đường.</p> <p>- Nước yến không đường không chất béo được khuyên dùng cho bệnh nhân tiểu đường bởi chúng giúp kiểm soát lượng đường trong máu, cũng như cải thiện tình trạng bệnh đáng kể.</p><p>Hộp 6 hũ tổ yến chưng sẵn HERANEST - Hạt Chia 420 ml được sản xuất,nhằm giúp người tiểu đường tăng cường sức khỏe,bồi bổ khí huyết và nâng cao sức đề kháng.</p><h2 class=\"text-danger\">Công dụng:</h2>\r\n <p>-Bảo vệ và cải thiện sức khỏe hệ tim mạch, làm giảm lượng cholesterol.</p>\r\n <p>- Hỗ trợ giảm cân, chống béo phì nhờ hàm lượng chất xơ cao.</p>\r\n<p>- Bổ sung năng lượng cần thiết cho các hoạt động hàng ngày. </p>\r\n<p>- Làm đẹp da và tóc nhờ omega 6 ALA, đồng thời chống lại sự phát triển của các gốc tự do. </p>\r\n<p>- Hỗ trợ điều trị bệnh tiểu đường type 2.</p>\r\n<h2 class=\"text-danger\">Hướng Dẫn Sử Dụng:</h2>\r\n.<p- Bảo quản nơi thoáng mát, dùng trực tiếp sau khi mở nắp.></p>\r\n- Cách dùng: <p></p>Trẻ em: Từ 12 tháng trở lên, ngày uống 1 hủ <p></p>\r\n<p>Phụ nữ có thai: Thai kỳ từ tháng thứ 4 và thai kỳ phải ổn định, ngày uống 1 hủ </p>\r\n<p>Người lớn tuổi: Ít bệnh nền, chỉ nên sử dụng yến sào 3 lần/ tuần, mỗi lần 1 hủ. Nếu sức khỏe yếu kém, cơ thể không còn khả năng hoạt động nhiều có thể sử dụng mỗi ngày với liều lượng 2 hủ trong tháng đầu tiên. Sang tháng thứ 2 thì dùng cách 2 ngày/ lần. Tháng thứ 3 trở đi thì dùng 10gr yến 3 ngày/ lần. </p>\r\n <p>Nên ăn yến sào vào lúc sáng sớm, bụng đói và trước bữa ăn sáng khoảng 30 phút. Hoặc có thể dùng trước khi đi ngủ khoảng 1 tiếng.</p>\r\n<p>Lắc nhẹ trước khi dùng, ngon hơn khi uống lạnh</p>', 267000, 259000, 99, 'hatchia_front_tra.webp');
INSERT INTO `tbl_sanpham` (`sanpham_id`, `category_id`, `brand_id_lv2`, `brand_id`, `sanpham_name`, `sanpham_chitiet`, `sanpham_mota`, `sanpham_gia`, `sanpham_giakhuyenmai`, `sanpham_soluong`, `hinh`) VALUES
(643, 6, '14', 1, 'SALANEST-HẠT CHIA-6 Hũ', '<p>- Nước yến giúp ăn ngon, ngủ ngon,hồi phục sức khỏe nên được doanh nghiệp TIẾN THỊNH PHÁT cho ra đời dòng sản phẩm 6 hũ yến sào nguyên chất SALANEST - Đông Trùng, dinh dưỡng với công dụng tuyệt vời.</p>\r\n<br>\r\n<p>Thương hiệu  : SALANEST - SAFFRON</p><hr>  <p>Sản xuất tại  : Việt Nam</p><hr> <p>Loại sản phẩm :\r\n  Yến sào</p><hr> <p>Bổ sung : Hạt chia</p><hr>  <p> Hạt Chia: 10%</p><hr><p>Thành phần    Yến Tươi: 20% ,  Nước tinh khiết: 68%, Đường phèn: 10%, Tảo biển: 2%, Lượng đường : Không đường.</p><hr>\r\n<p>Thể tích : 420ml</p><hr>\r\n<p>Đóng gói  : Hộp.</p><hr>\r\n<p>Số lượng  : Hộp 6 hũ </p><hr>\r\n<p class=\"text-danger\">Lưu ý : Không sử dụng sản phẩm khi hết hạn ,nên sử dụng một lần khi mở nắp.</p>\r\n<br>\r\n', '<h2 class=\"text-danger\">2 -Cung cấp dinh dưỡng dành cho người bị tiểu đường</h2><p>- Hiện nay trên thị trường có khá nhiều dòng sản phẩm nước yến trong đó phân chia làm hai nhóm chính: nước yến có bổ sung đường và nước yến không đường.</p><p>- Nước yến không đường không chất béo được khuyên dùng cho bệnh nhân tiểu đường bởi chúng giúp kiểm soát lượng đường trong máu, cũng như cải thiện tình trạng bệnh đáng kể.</p><p>Hộp 6 hũ tổ yến chưng sẵn SALANEST - Hạt Chia 420 ml được sản xuất,nhằm giúp người tiểu đường tăng cường sức khỏe,bồi bổ khí huyết và nâng cao sức đề kháng.</p><h2 class=\"text-danger\">Công dụng:</h2>\r\n <p>-Tăng cường sức đề kháng và hệ miễn dịch</p>\r\n<p>--Giúp cơ thể khỏe mạnh, hạn chế suy nhược, hạn chế suy dinh dưỡng ở trẻ em </p>\r\n<p>- Bổ sung năng lượng tốt cho cơ thể, hỗ trợ tái tạo tế bào, tăng cường sự đàn hồi và sức mạnh các mô cơ </p>\r\n-  <p>Kích thích hệ tiêu hóa, tăng cường khả năng hấp thu dưỡng chất</p>\r\n<p>- Cải thiện trí nhớ, tốt cho hệ thần kinh, đặc biệt hữu ích với người già </p>\r\n <p>- Cải thiện chức năng gan thận</p>\r\n <p>- Giải nhiệt và đào thải độc tố</p>\r\n<p>- Làm sạch cơ quan hô hấp </p>\r\n<p>- Hỗ trợ ngăn ngừa và điều trị các bệnh tim mạch, mỡ máu, xơ vữa động mạch, tiểu đường, huyết áp, đột quỵ,.. </p>\r\n<p>- Tăng cường sinh lý</p>\r\n<h2 class=\"text-danger\">Hướng Dẫn Sử Dụng:</h2>\r\n<p>- Bảo quản nơi thoáng mát, dùng trực tiếp sau khi mở nắp. </p>\r\n <p>- Cách dùng:</p>\r\n<p>Trẻ em: Từ 12 tháng trở lên, ngày uống 1 hủ </p>\r\n<p>Phụ nữ có thai: Thai kỳ từ tháng thứ 4 và thai kỳ phải ổn định, ngày uống 1 hủ </p>\r\n <p>Người lớn tuổi: Ít bệnh nền, chỉ nên sử dụng yến sào 3 lần/ tuần, mỗi lần 1 hủ. Nếu sức khỏe yếu kém, cơ thể không còn khả năng hoạt động nhiều có thể sử dụng mỗi ngày với liều lượng 2 hủ trong tháng đầu tiên. Sang tháng thứ 2 thì dùng cách 2 ngày/ lần. Tháng thứ 3 trở đi thì dùng 10gr yến 3 ngày/ lần.</p>\r\n <p>Nên ăn yến sào vào lúc sáng sớm, bụng đói và trước bữa ăn sáng khoảng 30 phút. Hoặc có thể dùng trước khi đi ngủ khoảng 1 tiếng.</p>\r\n<p>Lắc nhẹ trước khi dùng, ngon hơn khi uống lạnh</p>', 264000, 255000, 99, 'yen-sao-salanest-hat-chia-3.webp'),
(644, 6, '14', 1, 'SALANEST-HẠT CHIA-1 Hũ', '<p>- Nước yến giúp ăn ngon, ngủ ngon,hồi phục sức khỏe nên được doanh nghiệp TIẾN THỊNH PHÁT cho ra đời dòng sản phẩm 1 hũ yến sào nguyên chất SALANEST - Hạt Chia, dinh dưỡng với công dụng tuyệt vời.</p>\r\n<br>\r\n<p>Thương hiệu  : SALANEST - SAFFRON</p><hr>  <p>Sản xuất tại  : Việt Nam</p><hr> <p>Loại sản phẩm :\r\n  Yến sào</p><hr> <p>Bổ sung : Hạt chia</p><hr>  <p> Hạt Chia: 10%</p><hr><p>Thành phần    Yến Tươi: 20% ,  Nước tinh khiết: 68%, Đường phèn: 10%, Tảo biển: 2%, Lượng đường : Không đường.</p><hr>\r\n<p>Thể tích : 70ml</p><hr>\r\n<p>Đóng gói  : Hộp.</p><hr>\r\n<p>Số lượng  : Hộp 1 hũ </p><hr>\r\n<p class=\"text-danger\">Lưu ý : Không sử dụng sản phẩm khi hết hạn ,nên sử dụng một lần khi mở nắp.</p>\r\n<br>\r\n', '<h2 class=\"text-danger\">2 -Cung cấp dinh dưỡng dành cho người bị tiểu đường</h2><p>- Hiện nay trên thị trường có khá nhiều dòng sản phẩm nước yến trong đó phân chia làm hai nhóm chính: nước yến có bổ sung đường và nước yến không đường.</p><p>- Nước yến không đường không chất béo được khuyên dùng cho bệnh nhân tiểu đường bởi chúng giúp kiểm soát lượng đường trong máu, cũng như cải thiện tình trạng bệnh đáng kể.</p><p>Hộp 6 hũ tổ yến chưng sẵn SALANEST - Hạt Chia 420 ml được sản xuất,nhằm giúp người tiểu đường tăng cường sức khỏe,bồi bổ khí huyết và nâng cao sức đề kháng.</p><h2 class=\"text-danger\">Công dụng:</h2>\r\n <p>-Tăng cường sức đề kháng và hệ miễn dịch</p>\r\n<p>--Giúp cơ thể khỏe mạnh, hạn chế suy nhược, hạn chế suy dinh dưỡng ở trẻ em </p>\r\n<p>- Bổ sung năng lượng tốt cho cơ thể, hỗ trợ tái tạo tế bào, tăng cường sự đàn hồi và sức mạnh các mô cơ </p>\r\n-  <p>Kích thích hệ tiêu hóa, tăng cường khả năng hấp thu dưỡng chất</p>\r\n<p>- Cải thiện trí nhớ, tốt cho hệ thần kinh, đặc biệt hữu ích với người già </p>\r\n <p>- Cải thiện chức năng gan thận</p>\r\n <p>- Giải nhiệt và đào thải độc tố</p>\r\n<p>- Làm sạch cơ quan hô hấp </p>\r\n<p>- Hỗ trợ ngăn ngừa và điều trị các bệnh tim mạch, mỡ máu, xơ vữa động mạch, tiểu đường, huyết áp, đột quỵ,.. </p>\r\n<p>- Tăng cường sinh lý</p>\r\n<h2 class=\"text-danger\">Hướng Dẫn Sử Dụng:</h2>\r\n<p>- Bảo quản nơi thoáng mát, dùng trực tiếp sau khi mở nắp. </p>\r\n <p>- Cách dùng:</p>\r\n<p>Trẻ em: Từ 12 tháng trở lên, ngày uống 1 hủ </p>\r\n<p>Phụ nữ có thai: Thai kỳ từ tháng thứ 4 và thai kỳ phải ổn định, ngày uống 1 hủ </p>\r\n <p>Người lớn tuổi: Ít bệnh nền, chỉ nên sử dụng yến sào 3 lần/ tuần, mỗi lần 1 hủ. Nếu sức khỏe yếu kém, cơ thể không còn khả năng hoạt động nhiều có thể sử dụng mỗi ngày với liều lượng 2 hủ trong tháng đầu tiên. Sang tháng thứ 2 thì dùng cách 2 ngày/ lần. Tháng thứ 3 trở đi thì dùng 10gr yến 3 ngày/ lần.</p>\r\n <p>Nên ăn yến sào vào lúc sáng sớm, bụng đói và trước bữa ăn sáng khoảng 30 phút. Hoặc có thể dùng trước khi đi ngủ khoảng 1 tiếng.</p>\r\n<p>Lắc nhẹ trước khi dùng, ngon hơn khi uống lạnh</p>', 64000, 55000, 99, 'yen-sao-salanest-hat-chia-1.webp'),
(657, 6, '24', 2, 'Gia Bảo - Hạt Chia - Quà Tặng', '<p>- Nước yến giúp ăn ngon, ngủ ngon,hồi phục sức khỏe nên được doanh nghiệp TIẾN THỊNH PHÁT cho ra đời dòng sản phẩm 6 hũ yến sào nguyên chất Gia Bảo - safron, dinh dưỡng với công dụng tuyệt vời.</p>\r\n<br>\r\n<p>Thương hiệu  : Gia Bảo - Hạt Chia </p><hr>  <p>Sản xuất tại  : Việt Nam</p><hr> <p>Loại sản phẩm :\r\n  Yến sào</p><hr> <p>Bổ sung : Hạt chia</p><hr> <p>Thành phần    Yến Tươi: 20% ,Hạt chia: 10%,  Nước tinh khiết: 68%, Đường phèn: 10%, Tảo biển: 2%, Lượng đường : Không đường.</p><hr>\r\n<p>Thể tích : 420ml</p><hr>\r\n<p>Đóng gói  : Hộp.</p><hr>\r\n<p>Số lượng  : Hộp 6 hũ </p><hr>\r\n<p class=\"text-danger\">Lưu ý : Không sử dụng sản phẩm khi hết hạn ,nên sử dụng một lần khi mở nắp.</p>\r\n<br>\r\n', '<h2 class=\"text-danger\">2 -Cung cấp dinh dưỡng dành cho người bị tiểu đường</h2><p>- Hiện nay trên thị trường có khá nhiều dòng sản phẩm nước yến trong đó phân chia làm hai nhóm chính: nước yến có bổ sung đường và nước yến không đường.</p><p>- Nước yến không đường không chất béo được khuyên dùng cho bệnh nhân tiểu đường bởi chúng giúp kiểm soát lượng đường trong máu, cũng như cải thiện tình trạng bệnh đáng kể.</p> <p>Hộp 6 hũ tổ yến chưng sẵn Gia Bảo - Hạt Chia 420 ml được sản xuất,nhằm giúp người tiểu đường tăng cường sức khỏe,bồi bổ khí huyết và nâng cao sức đề kháng.</p> <h2 class=\"text-danger\">Công dụng:</h2>\r\n<p>-Tăng cường hoạt động của hệ miễn dịch, giúp nâng cao sức khỏe và phòng ngừa nhiều căn bệnh. </p>\r\n<p>- Cải thiện trí nhớ và giảm stress, đặc biệt hỗ trợ chữa trị chứng mất ngủ, giúp ngủ ngon giấc hơn. </p>\r\n <p>- Tăng cường sức khỏe hệ tim mạch, ngăn ngừa các bệnh liên quan đến tim mạch như xơ vữa động mạch, đột quỵ,…</p>\r\n<p>- Cải thiện hoạt động hệ tiêu hóa, tăng cường khả năng trao đổi chất của cơ thể, giúp cơ thể hấp thu tối đa dưỡng chất trong thực phẩm. </p>\r\n <p>- Tăng cường hoạt động của hệ hô hấp.</p>\r\n <p>- Thanh lọc và đào thải các chất độc hại ra khỏi cơ thể, giảm thiểu những căn bệnh về tim, gan. - - Cải thiện chức năng sinh lý cho cả nam và nữ.</p>\r\n<p>- Ngăn ngừa và ức chế các tế bào ung thư, đặc biệt là ung thư gan và ung thư tuyến tiền liệt, ung thư da. </p>\r\n<p>- Cải thiện thị lực. </p>\r\n<p>- Chữa lành vết thương, chống viêm. </p>\r\n<p>- Với phụ nữ, dùng yến chưng saffron còn có tác dụng giúp da dẻ mịn màng, chống lão hóa, giảm tàn nhang đồng thời hỗ trợ điều hòa kinh nguyệt, làm giảm đau bụng trong ngày hành kinh.</p>\r\n<h2 class=\"text-danger\">Hướng Dẫn Sử Dụng:</h2>\r\n<p>- Bảo quản nơi thoáng mát, dùng trực tiếp sau khi mở nắp. </p>\r\n<p>- Cách dùng: </p>\r\n<p>Trẻ em: Từ 12 tháng trở lên, ngày uống 1 hủ </p>\r\n<p>Phụ nữ có thai: Thai kỳ từ tháng thứ 4 và thai kỳ phải ổn định, ngày uống 1 hủ </p>\r\n. <p>Người lớn tuổi: Ít bệnh nền, chỉ nên sử dụng yến sào 3 lần/ tuần, mỗi lần 1 hủ. Nếu sức khỏe yếu kém, cơ thể không còn khả năng hoạt động nhiều có thể sử dụng mỗi ngày với liều lượng 2 hủ trong tháng đầu tiên. Sang tháng thứ 2 thì dùng cách 2 ngày/ lần. Tháng thứ 3 trở đi thì dùng 10gr yến 3 ngày/ lần</p>\r\n <p>Nên ăn yến sào vào lúc sáng sớm, bụng đói và trước bữa ăn sáng khoảng 30 phút. Hoặc có thể dùng trước khi đi ngủ khoảng 1 tiếng.</p>\r\n<p>Lắc nhẹ trước khi dùng, ngon hơn khi uống lạnh</p>', 249000, 240000, 99, 'giabao-hatchia_front_tra.webp'),
(658, 6, '24', 2, 'Gia Bảo - Hạt Chia - 6 Hũ', '<p>- Nước yến giúp ăn ngon, ngủ ngon,hồi phục sức khỏe nên được doanh nghiệp TIẾN THỊNH PHÁT cho ra đời dòng sản phẩm 6 hũ yến sào nguyên chất Gia Bảo - safron, dinh dưỡng với công dụng tuyệt vời.</p>\r\n<br>\r\n<p>Thương hiệu  : Gia Bảo - Hạt Chia </p><hr>  <p>Sản xuất tại  : Việt Nam</p><hr> <p>Loại sản phẩm :\r\n  Yến sào</p><hr> <p>Bổ sung : Hạt chia</p><hr> <p>Thành phần    Yến Tươi: 20% ,Hạt chia: 10%,  Nước tinh khiết: 68%, Đường phèn: 10%, Tảo biển: 2%, Lượng đường : Không đường.</p><hr>\r\n<p>Thể tích : 420ml</p><hr>\r\n<p>Đóng gói  : Hộp.</p><hr>\r\n<p>Số lượng  : Hộp 6 hũ </p><hr>\r\n<p class=\"text-danger\">Lưu ý : Không sử dụng sản phẩm khi hết hạn ,nên sử dụng một lần khi mở nắp.</p>\r\n<br>\r\n', '<h2 class=\"text-danger\">2 -Cung cấp dinh dưỡng dành cho người bị tiểu đường</h2><p>- Hiện nay trên thị trường có khá nhiều dòng sản phẩm nước yến trong đó phân chia làm hai nhóm chính: nước yến có bổ sung đường và nước yến không đường.</p><p>- Nước yến không đường không chất béo được khuyên dùng cho bệnh nhân tiểu đường bởi chúng giúp kiểm soát lượng đường trong máu, cũng như cải thiện tình trạng bệnh đáng kể.</p> <p>Hộp 6 hũ tổ yến chưng sẵn Gia Bảo - Hạt Chia 420 ml được sản xuất,nhằm giúp người tiểu đường tăng cường sức khỏe,bồi bổ khí huyết và nâng cao sức đề kháng.</p> <h2 class=\"text-danger\">Công dụng:</h2>\r\n<p>-Tăng cường hoạt động của hệ miễn dịch, giúp nâng cao sức khỏe và phòng ngừa nhiều căn bệnh. </p>\r\n<p>- Cải thiện trí nhớ và giảm stress, đặc biệt hỗ trợ chữa trị chứng mất ngủ, giúp ngủ ngon giấc hơn. </p>\r\n <p>- Tăng cường sức khỏe hệ tim mạch, ngăn ngừa các bệnh liên quan đến tim mạch như xơ vữa động mạch, đột quỵ,…</p>\r\n<p>- Cải thiện hoạt động hệ tiêu hóa, tăng cường khả năng trao đổi chất của cơ thể, giúp cơ thể hấp thu tối đa dưỡng chất trong thực phẩm. </p>\r\n <p>- Tăng cường hoạt động của hệ hô hấp.</p>\r\n <p>- Thanh lọc và đào thải các chất độc hại ra khỏi cơ thể, giảm thiểu những căn bệnh về tim, gan. - - Cải thiện chức năng sinh lý cho cả nam và nữ.</p>\r\n<p>- Ngăn ngừa và ức chế các tế bào ung thư, đặc biệt là ung thư gan và ung thư tuyến tiền liệt, ung thư da. </p>\r\n<p>- Cải thiện thị lực. </p>\r\n<p>- Chữa lành vết thương, chống viêm. </p>\r\n<p>- Với phụ nữ, dùng yến chưng saffron còn có tác dụng giúp da dẻ mịn màng, chống lão hóa, giảm tàn nhang đồng thời hỗ trợ điều hòa kinh nguyệt, làm giảm đau bụng trong ngày hành kinh.</p>\r\n<h2 class=\"text-danger\">Hướng Dẫn Sử Dụng:</h2>\r\n<p>- Bảo quản nơi thoáng mát, dùng trực tiếp sau khi mở nắp. </p>\r\n<p>- Cách dùng: </p>\r\n<p>Trẻ em: Từ 12 tháng trở lên, ngày uống 1 hủ </p>\r\n<p>Phụ nữ có thai: Thai kỳ từ tháng thứ 4 và thai kỳ phải ổn định, ngày uống 1 hủ </p>\r\n. <p>Người lớn tuổi: Ít bệnh nền, chỉ nên sử dụng yến sào 3 lần/ tuần, mỗi lần 1 hủ. Nếu sức khỏe yếu kém, cơ thể không còn khả năng hoạt động nhiều có thể sử dụng mỗi ngày với liều lượng 2 hủ trong tháng đầu tiên. Sang tháng thứ 2 thì dùng cách 2 ngày/ lần. Tháng thứ 3 trở đi thì dùng 10gr yến 3 ngày/ lần</p>\r\n <p>Nên ăn yến sào vào lúc sáng sớm, bụng đói và trước bữa ăn sáng khoảng 30 phút. Hoặc có thể dùng trước khi đi ngủ khoảng 1 tiếng.</p>\r\n<p>Lắc nhẹ trước khi dùng, ngon hơn khi uống lạnh</p>', 249000, 240000, 99, 'giabao-hatchia_6c_tra.webp'),
(665, 6, '34', 3, 'HERANEST - Hạt Chia - Quà Tặng.', '<p>- Nước yến giúp ăn ngon, ngủ ngon,hồi phục sức khỏe nên được doanh nghiệp TIẾN THỊNH PHÁT cho ra đời dòng sản phẩm 6 hũ yến sào nguyên chất HERANEST - Hạt Chia, dinh dưỡng với công dụng tuyệt vời.</p>\r\n<br>\r\n<p>Thương hiệu  : HERANEST - Hạt Chia </p><hr>  <p>Sản xuất tại  : Việt Nam</p><hr> <p>Loại sản phẩm :\r\n  Yến sào</p><hr> <p>Bổ sung : Hạt chia</p><hr> <p>Thành phần    Yến Tươi: 20% ,Hạt chia: 10%,  Nước tinh khiết: 68%, Đường phèn: 10%, Tảo biển: 2%, Lượng đường : Không đường.</p><hr>\r\n<p>Thể tích : 420ml</p><hr>\r\n<p>Đóng gói  : Hộp.</p><hr>\r\n<p>Số lượng  : Hộp 6 hũ </p><hr>\r\n<p class=\"text-danger\">Lưu ý : Không sử dụng sản phẩm khi hết hạn ,nên sử dụng một lần khi mở nắp.</p>\r\n<br>\r\n', '<h2 class=\"text-danger\">2 -Cung cấp dinh dưỡng dành cho người bị tiểu đường</h2><p>- Hiện nay trên thị trường có khá nhiều dòng sản phẩm nước yến trong đó phân chia làm hai nhóm chính: nước yến có bổ sung đường và nước yến không đường.</p> <p>- Nước yến không đường không chất béo được khuyên dùng cho bệnh nhân tiểu đường bởi chúng giúp kiểm soát lượng đường trong máu, cũng như cải thiện tình trạng bệnh đáng kể.</p><p>Hộp 6 hũ tổ yến chưng sẵn HERANEST - Hạt Chia 420 ml được sản xuất,nhằm giúp người tiểu đường tăng cường sức khỏe,bồi bổ khí huyết và nâng cao sức đề kháng.</p><h2 class=\"text-danger\">Công dụng:</h2>\r\n <p>-Bảo vệ và cải thiện sức khỏe hệ tim mạch, làm giảm lượng cholesterol.</p>\r\n <p>- Hỗ trợ giảm cân, chống béo phì nhờ hàm lượng chất xơ cao.</p>\r\n<p>- Bổ sung năng lượng cần thiết cho các hoạt động hàng ngày. </p>\r\n<p>- Làm đẹp da và tóc nhờ omega 6 ALA, đồng thời chống lại sự phát triển của các gốc tự do. </p>\r\n<p>- Hỗ trợ điều trị bệnh tiểu đường type 2.</p>\r\n<h2 class=\"text-danger\">Hướng Dẫn Sử Dụng:</h2>\r\n.<p- Bảo quản nơi thoáng mát, dùng trực tiếp sau khi mở nắp.></p>\r\n- Cách dùng: <p></p>Trẻ em: Từ 12 tháng trở lên, ngày uống 1 hủ <p></p>\r\n<p>Phụ nữ có thai: Thai kỳ từ tháng thứ 4 và thai kỳ phải ổn định, ngày uống 1 hủ </p>\r\n<p>Người lớn tuổi: Ít bệnh nền, chỉ nên sử dụng yến sào 3 lần/ tuần, mỗi lần 1 hủ. Nếu sức khỏe yếu kém, cơ thể không còn khả năng hoạt động nhiều có thể sử dụng mỗi ngày với liều lượng 2 hủ trong tháng đầu tiên. Sang tháng thứ 2 thì dùng cách 2 ngày/ lần. Tháng thứ 3 trở đi thì dùng 10gr yến 3 ngày/ lần. </p>\r\n <p>Nên ăn yến sào vào lúc sáng sớm, bụng đói và trước bữa ăn sáng khoảng 30 phút. Hoặc có thể dùng trước khi đi ngủ khoảng 1 tiếng.</p>\r\n<p>Lắc nhẹ trước khi dùng, ngon hơn khi uống lạnh</p>', 267000, 259000, 99, 'hera-hatchia_6c_tra.webp'),
(745, 7, '15', 1, 'SALANEST-KHÔNG ĐƯỜNG-1 Hũ', '<p>- Nước yến giúp ăn ngon, ngủ ngon,hồi phục sức khỏe nên được doanh nghiệp TIẾN THỊNH PHÁT cho ra đời dòng sản phẩm 1 hũ yến sào nguyên chất SALANEST - Không Đường, dinh dưỡng với công dụng tuyệt vời.</p>\r\n<br>\r\n<p>Thương hiệu  : SALANEST - SAFFRON</p><hr>  <p>Sản xuất tại  : Việt Nam</p><hr> <p>Loại sản phẩm :\r\n  Yến sào</p><hr>   <p> Hạt Chia: 10%</p><hr><p>Thành phần    Yến Tươi: 20% ,  Nước tinh khiết: 68%, Đường phèn: 10%, Tảo biển: 2%, Lượng đường : Không đường.</p><hr>\r\n<p>Thể tích : 70ml</p><hr>\r\n<p>Đóng gói  : Hộp.</p><hr>\r\n<p>Số lượng  : Hộp 1 hũ </p><hr>\r\n<p class=\"text-danger\">Lưu ý : Không sử dụng sản phẩm khi hết hạn ,nên sử dụng một lần khi mở nắp.</p>\r\n<br>\r\n', '<h2 class=\"text-danger\">2 -Cung cấp dinh dưỡng dành cho người bị tiểu đường</h2><p>- Hiện nay trên thị trường có khá nhiều dòng sản phẩm nước yến trong đó phân chia làm hai nhóm chính: nước yến có bổ sung đường và nước yến không đường.</p><p>- Nước yến không đường không chất béo được khuyên dùng cho bệnh nhân tiểu đường bởi chúng giúp kiểm soát lượng đường trong máu, cũng như cải thiện tình trạng bệnh đáng kể.</p><p>Hộp 1 hũ tổ yến chưng sẵn SALANEST - Hạt Chia 70 ml được sản xuất,nhằm giúp người tiểu đường tăng cường sức khỏe,bồi bổ khí huyết và nâng cao sức đề kháng.</p><h2 class=\"text-danger\">Công dụng:</h2>\r\n <p>-Tăng cường sức đề kháng và hệ miễn dịch</p>\r\n<p>--Giúp cơ thể khỏe mạnh, hạn chế suy nhược, hạn chế suy dinh dưỡng ở trẻ em </p>\r\n<p>- Bổ sung năng lượng tốt cho cơ thể, hỗ trợ tái tạo tế bào, tăng cường sự đàn hồi và sức mạnh các mô cơ </p>\r\n-  <p>Kích thích hệ tiêu hóa, tăng cường khả năng hấp thu dưỡng chất</p>\r\n<p>- Cải thiện trí nhớ, tốt cho hệ thần kinh, đặc biệt hữu ích với người già </p>\r\n <p>- Cải thiện chức năng gan thận</p>\r\n <p>- Giải nhiệt và đào thải độc tố</p>\r\n<p>- Làm sạch cơ quan hô hấp </p>\r\n<p>- Hỗ trợ ngăn ngừa và điều trị các bệnh tim mạch, mỡ máu, xơ vữa động mạch, tiểu đường, huyết áp, đột quỵ,.. </p>\r\n<p>- Tăng cường sinh lý</p>\r\n<h2 class=\"text-danger\">Hướng Dẫn Sử Dụng:</h2>\r\n<p>- Bảo quản nơi thoáng mát, dùng trực tiếp sau khi mở nắp. </p>\r\n <p>- Cách dùng:</p>\r\n<p>Trẻ em: Từ 12 tháng trở lên, ngày uống 1 hủ </p>\r\n<p>Phụ nữ có thai: Thai kỳ từ tháng thứ 4 và thai kỳ phải ổn định, ngày uống 1 hủ </p>\r\n <p>Người lớn tuổi: Ít bệnh nền, chỉ nên sử dụng yến sào 3 lần/ tuần, mỗi lần 1 hủ. Nếu sức khỏe yếu kém, cơ thể không còn khả năng hoạt động nhiều có thể sử dụng mỗi ngày với liều lượng 2 hủ trong tháng đầu tiên. Sang tháng thứ 2 thì dùng cách 2 ngày/ lần. Tháng thứ 3 trở đi thì dùng 10gr yến 3 ngày/ lần.</p>\r\n <p>Nên ăn yến sào vào lúc sáng sớm, bụng đói và trước bữa ăn sáng khoảng 30 phút. Hoặc có thể dùng trước khi đi ngủ khoảng 1 tiếng.</p>\r\n<p>Lắc nhẹ trước khi dùng, ngon hơn khi uống lạnh</p>', 64000, 55000, 99, 'yen-sao-salanest-dong-trung-khong-duong-1.webp'),
(746, 7, '15', 1, 'SALANEST-KHÔNG ĐƯỜNG-6 Hũ', '<p>- Nước yến giúp ăn ngon, ngủ ngon,hồi phục sức khỏe nên được doanh nghiệp TIẾN THỊNH PHÁT cho ra đời dòng sản phẩm 1 hũ yến sào nguyên chất SALANEST - Không Đường, dinh dưỡng với công dụng tuyệt vời.</p>\r\n<br>\r\n<p>Thương hiệu  : SALANEST - SAFFRON</p><hr>  <p>Sản xuất tại  : Việt Nam</p><hr> <p>Loại sản phẩm :\r\n  Yến sào</p><hr>   <p> Hạt Chia: 10%</p><hr><p>Thành phần    Yến Tươi: 20% ,  Nước tinh khiết: 68%, Đường phèn: 10%, Tảo biển: 2%, Lượng đường : Không đường.</p><hr>\r\n<p>Thể tích : 420ml</p><hr>\r\n<p>Đóng gói  : Hộp.</p><hr>\r\n<p>Số lượng  : Hộp 6 hũ </p><hr>\r\n<p class=\"text-danger\">Lưu ý : Không sử dụng sản phẩm khi hết hạn ,nên sử dụng một lần khi mở nắp.</p>\r\n<br>\r\n', '<h2 class=\"text-danger\">2 -Cung cấp dinh dưỡng dành cho người bị tiểu đường</h2><p>- Hiện nay trên thị trường có khá nhiều dòng sản phẩm nước yến trong đó phân chia làm hai nhóm chính: nước yến có bổ sung đường và nước yến không đường.</p><p>- Nước yến không đường không chất béo được khuyên dùng cho bệnh nhân tiểu đường bởi chúng giúp kiểm soát lượng đường trong máu, cũng như cải thiện tình trạng bệnh đáng kể.</p><p>Hộp 6 hũ tổ yến chưng sẵn SALANEST - Không Đường 420 ml được sản xuất,nhằm giúp người tiểu đường tăng cường sức khỏe,bồi bổ khí huyết và nâng cao sức đề kháng.</p><h2 class=\"text-danger\">Công dụng:</h2>\r\n <p>-Tăng cường sức đề kháng và hệ miễn dịch</p>\r\n<p>--Giúp cơ thể khỏe mạnh, hạn chế suy nhược, hạn chế suy dinh dưỡng ở trẻ em </p>\r\n<p>- Bổ sung năng lượng tốt cho cơ thể, hỗ trợ tái tạo tế bào, tăng cường sự đàn hồi và sức mạnh các mô cơ </p>\r\n-  <p>Kích thích hệ tiêu hóa, tăng cường khả năng hấp thu dưỡng chất</p>\r\n<p>- Cải thiện trí nhớ, tốt cho hệ thần kinh, đặc biệt hữu ích với người già </p>\r\n <p>- Cải thiện chức năng gan thận</p>\r\n <p>- Giải nhiệt và đào thải độc tố</p>\r\n<p>- Làm sạch cơ quan hô hấp </p>\r\n<p>- Hỗ trợ ngăn ngừa và điều trị các bệnh tim mạch, mỡ máu, xơ vữa động mạch, tiểu đường, huyết áp, đột quỵ,.. </p>\r\n<p>- Tăng cường sinh lý</p>\r\n<h2 class=\"text-danger\">Hướng Dẫn Sử Dụng:</h2>\r\n<p>- Bảo quản nơi thoáng mát, dùng trực tiếp sau khi mở nắp. </p>\r\n <p>- Cách dùng:</p>\r\n<p>Trẻ em: Từ 12 tháng trở lên, ngày uống 1 hủ </p>\r\n<p>Phụ nữ có thai: Thai kỳ từ tháng thứ 4 và thai kỳ phải ổn định, ngày uống 1 hủ </p>\r\n <p>Người lớn tuổi: Ít bệnh nền, chỉ nên sử dụng yến sào 3 lần/ tuần, mỗi lần 1 hủ. Nếu sức khỏe yếu kém, cơ thể không còn khả năng hoạt động nhiều có thể sử dụng mỗi ngày với liều lượng 2 hủ trong tháng đầu tiên. Sang tháng thứ 2 thì dùng cách 2 ngày/ lần. Tháng thứ 3 trở đi thì dùng 10gr yến 3 ngày/ lần.</p>\r\n <p>Nên ăn yến sào vào lúc sáng sớm, bụng đói và trước bữa ăn sáng khoảng 30 phút. Hoặc có thể dùng trước khi đi ngủ khoảng 1 tiếng.</p>\r\n<p>Lắc nhẹ trước khi dùng, ngon hơn khi uống lạnh</p>', 249000, 235000, 99, 'yen-sao-salanest-dong-trung-khong-duong-2.webp'),
(803, 8, '36', 3, 'HERANEST - Táo Đỏ - Hộp lớn.', '<p>- Nước yến giúp ăn ngon, ngủ ngon,hồi phục sức khỏe nên được doanh nghiệp TIẾN THỊNH PHÁT cho ra đời dòng sản phẩm 6 hũ yến sào nguyên chất HERANEST - Táo Đỏ, dinh dưỡng với công dụng tuyệt vời.</p>\r\n<br>\r\n<p>Thương hiệu  : HERANEST - Táo Đỏ </p><hr>  <p>Sản xuất tại  : Việt Nam</p><hr> <p>Loại sản phẩm :\r\n  Yến sào</p><hr> <p>Bổ sung : Hạt chia</p><hr> <p>Thành phần    Yến Tươi: 20% ,Hạt chia: 10%,  Nước tinh khiết: 68%, Đường phèn: 10%, Tảo biển: 2%, Lượng đường : Không đường.</p><hr>\r\n<p>Thể tích : 420ml</p><hr>\r\n<p>Đóng gói  : Hộp.</p><hr>\r\n<p>Số lượng  : Hộp 6 hũ </p><hr>\r\n<p class=\"text-danger\">Lưu ý : Không sử dụng sản phẩm khi hết hạn ,nên sử dụng một lần khi mở nắp.</p>\r\n<br>\r\n', '<h2 class=\"text-danger\">2 -Cung cấp dinh dưỡng dành cho người bị tiểu đường</h2><p>- Hiện nay trên thị trường có khá nhiều dòng sản phẩm nước yến trong đó phân chia làm hai nhóm chính: nước yến có bổ sung đường và nước yến không đường.</p><p>- Nước yến không đường không chất béo được khuyên dùng cho bệnh nhân tiểu đường bởi chúng giúp kiểm soát lượng đường trong máu, cũng như cải thiện tình trạng bệnh đáng kể.</p><p>Hộp 6 hũ tổ yến chưng sẵn HERANEST - Táo Đỏ 420 ml được sản xuất,nhằm giúp người tiểu đường tăng cường sức khỏe,bồi bổ khí huyết và nâng cao sức đề kháng.</p><h2 class=\"text-danger\">Công dụng:</h2>\r\n <p>-Bảo vệ và cải thiện sức khỏe hệ tim mạch, làm giảm lượng cholesterol.</p>\r\n <p>- Hỗ trợ giảm cân, chống béo phì nhờ hàm lượng chất xơ cao.</p>\r\n<p>- Bổ sung năng lượng cần thiết cho các hoạt động hàng ngày. </p>\r\n<p>- Làm đẹp da và tóc nhờ omega 6 ALA, đồng thời chống lại sự phát triển của các gốc tự do. </p>\r\n<p>- Hỗ trợ điều trị bệnh tiểu đường type 2.</p>\r\n<h2 class=\"text-danger\">Hướng Dẫn Sử Dụng:</h2>\r\n.<p- Bảo quản nơi thoáng mát, dùng trực tiếp sau khi mở nắp.></p>\r\n- Cách dùng: <p></p>Trẻ em: Từ 12 tháng trở lên, ngày uống 1 hủ <p></p>\r\n<p>Phụ nữ có thai: Thai kỳ từ tháng thứ 4 và thai kỳ phải ổn định, ngày uống 1 hủ </p>\r\n<p>Người lớn tuổi: Ít bệnh nền, chỉ nên sử dụng yến sào 3 lần/ tuần, mỗi lần 1 hủ. Nếu sức khỏe yếu kém, cơ thể không còn khả năng hoạt động nhiều có thể sử dụng mỗi ngày với liều lượng 2 hủ trong tháng đầu tiên. Sang tháng thứ 2 thì dùng cách 2 ngày/ lần. Tháng thứ 3 trở đi thì dùng 10gr yến 3 ngày/ lần. </p>\r\n <p>Nên ăn yến sào vào lúc sáng sớm, bụng đói và trước bữa ăn sáng khoảng 30 phút. Hoặc có thể dùng trước khi đi ngủ khoảng 1 tiếng.</p>\r\n<p>Lắc nhẹ trước khi dùng, ngon hơn khi uống lạnh</p>', 264000, 255000, 10, 'taodo_front_tra.webp'),
(817, 8, '36', 3, 'HERANEST - Táo Đỏ - 6 hũ .', '<p>- Nước yến giúp ăn ngon, ngủ ngon,hồi phục sức khỏe nên được doanh nghiệp TIẾN THỊNH PHÁT cho ra đời dòng sản phẩm 6 hũ yến sào nguyên chất HERANEST - Táo Đỏ, dinh dưỡng với công dụng tuyệt vời.</p>\r\n<br>\r\n<p>Thương hiệu  : HERANEST - Táo Đỏ </p><hr>  <p>Sản xuất tại  : Việt Nam</p><hr> <p>Loại sản phẩm :\r\n  Yến sào</p><hr> <p>Bổ sung : Hạt chia</p><hr> <p>Thành phần    Yến Tươi: 35% ,Hạt chia: 10%,  Nước tinh khiết: 68%, Đường phèn: 10%, Tảo biển: 2%, Lượng đường : Không đường.</p><hr>\r\n<p>Thể tích : 420ml</p><hr>\r\n<p>Đóng gói  : Hộp.</p><hr>\r\n<p>Số lượng  : Hộp 6 hũ </p><hr>\r\n<p class=\"text-danger\">Lưu ý : Không sử dụng sản phẩm khi hết hạn ,nên sử dụng một lần khi mở nắp.</p>\r\n<br>\r\n', '<h2 class=\"text-danger\">2 -Cung cấp dinh dưỡng dành cho người bị tiểu đường</h2><p>- Hiện nay trên thị trường có khá nhiều dòng sản phẩm nước yến trong đó phân chia làm hai nhóm chính: nước yến có bổ sung đường và nước yến không đường.</p> <p>- Nước yến không đường không chất béo được khuyên dùng cho bệnh nhân tiểu đường bởi chúng giúp kiểm soát lượng đường trong máu, cũng như cải thiện tình trạng bệnh đáng kể.</p><p>Hộp 6 hũ tổ yến chưng sẵn HERANEST - Táo Đỏ không đường 420 ml được sản xuất,nhằm giúp người tiểu đường tăng cường sức khỏe,bồi bổ khí huyết và nâng cao sức đề kháng.</p><h2 class=\"text-danger\">Công dụng:</h2>\r\n<p>1. Yến sào đối với người lớn: </p>\r\n <p>- Giảm căng thẳng mệt mỏi, ngủ ngon, sâu giấc</p>\r\n<p>- Cải thiện về làn da, ngăn ngừa lão hóa </p>\r\n<p>- Hỗ trợ việc cải thiện hệ hô hấp, giảm huyết áp, cải thiện chức năng tim </p>\r\n <p>- Điều hòa lưu thông máu trong cơ thể</p>\r\n <p>- Cải thiện thị lực, giúp sáng mắt</p>\r\n <p>- Điều trị rối loạn tiêu hóa, tăng cường hệ miễn dịch</p>\r\n <p>- Cải thiện trí não hiệu quả</p>\r\n <p>- Tăng cường chức năng sinh lý</p>\r\n<p>- Ngăn ngừa chứng đãng trí ở người cao tuổi </p>\r\n <p>2. Yến sào đối với trẻ em:</p>\r\n <p>- Tăng cường khả năng hấp thu thức ăn, tạo cảm giác ngon miệng cho trẻ khi ăn</p>\r\n <p>- Hỗ trợ chống còi xương và suy dinh dưỡng ở trẻ nhỏ</p>\r\n <p>- Tăng cường sức đề kháng, hỗ trợ điều trị các bệnh về đường hô hấp hiệu quả</p>\r\n <p>- Kích thích phát triển não bộ, tăng cường trí nhớ, giúp trẻ có giấc ngủ ngon.</p>\r\n<p>- Sản phẩm hoàn toàn phù hợp với những trẻ em từ 12 tháng tuổi trở lên.</p>\r\n<h2 class=\"text-danger\">Hướng Dẫn Sử Dụng:</h2>\r\n <p>- Bảo quản nơi thoáng mát, dùng trực tiếp sau khi mở nắp.</p>\r\n <p>- Cách dùng:</p>\r\n <p>Trẻ em: Từ 12 tháng trở lên, ngày uống 1 hủ</p>\r\n<p>Phụ nữ có thai: Thai kỳ từ tháng thứ 4 và thai kỳ phải ổn định, ngày uống 1 hủ <p></p>\r\nNgười lớn tuổi: Ít bệnh nền, chỉ nên sử dụng yến sào 3 lần/ tuần, mỗi lần 1 hủ. Nếu sức khỏe yếu kém, cơ thể không còn khả năng hoạt động nhiều có thể sử dụng mỗi ngày với liều lượng 2 hủ trong tháng đầu tiên. Sang tháng thứ 2 thì dùng cách 2 ngày/ lần. Tháng thứ 3 trở đi thì dùng 10gr yến 3 ngày/ lần. </p>\r\n <p>Nên ăn yến sào vào lúc sáng sớm, bụng đói và trước bữa ăn sáng khoảng 30 phút. Hoặc có thể dùng trước khi đi ngủ khoảng 1 tiếng.</p>\r\n<p>Lắc nhẹ trước khi dùng, ngon hơn khi uống lạnh</p>', 265000, 255000, 10, 'taodo_6c_tra.webp'),
(818, 8, '36', 3, 'HERANEST - Táo Đỏ - Hộp lớn .', '<p>- Nước yến giúp ăn ngon, ngủ ngon,hồi phục sức khỏe nên được doanh nghiệp TIẾN THỊNH PHÁT cho ra đời dòng sản phẩm 6 hũ yến sào nguyên chất HERANEST - Táo Đỏ, dinh dưỡng với công dụng tuyệt vời.</p>\r\n<br>\r\n<p>Thương hiệu  : HERANEST - Táo Đỏ </p><hr>  <p>Sản xuất tại  : Việt Nam</p><hr> <p>Loại sản phẩm :\r\n  Yến sào</p><hr> <p>Bổ sung : Hạt chia</p><hr> <p>Thành phần    Yến Tươi: 35% ,Hạt chia: 10%,  Nước tinh khiết: 68%, Đường phèn: 10%, Tảo biển: 2%, Lượng đường : Không đường.</p><hr>\r\n<p>Thể tích : 420ml</p><hr>\r\n<p>Đóng gói  : Hộp.</p><hr>\r\n<p>Số lượng  : Hộp 6 hũ </p><hr>\r\n<p class=\"text-danger\">Lưu ý : Không sử dụng sản phẩm khi hết hạn ,nên sử dụng một lần khi mở nắp.</p>\r\n<br>\r\n', '<h2 class=\"text-danger\">2 -Cung cấp dinh dưỡng dành cho người bị tiểu đường</h2><p>- Hiện nay trên thị trường có khá nhiều dòng sản phẩm nước yến trong đó phân chia làm hai nhóm chính: nước yến có bổ sung đường và nước yến không đường.</p><p>- Nước yến không đường không chất béo được khuyên dùng cho bệnh nhân tiểu đường bởi chúng giúp kiểm soát lượng đường trong máu, cũng như cải thiện tình trạng bệnh đáng kể.</p><p>Hộp 6 hũ tổ yến chưng sẵn HERANEST - Táo Đỏ 420 ml được sản xuất,nhằm giúp người tiểu đường tăng cường sức khỏe,bồi bổ khí huyết và nâng cao sức đề kháng.</p><h2 class=\"text-danger\">Công dụng:</h2>\r\n<p>1. Yến sào đối với người lớn: </p>\r\n <p>- Giảm căng thẳng mệt mỏi, ngủ ngon, sâu giấc</p>\r\n<p>- Cải thiện về làn da, ngăn ngừa lão hóa </p>\r\n<p>- Hỗ trợ việc cải thiện hệ hô hấp, giảm huyết áp, cải thiện chức năng tim </p>\r\n <p>- Điều hòa lưu thông máu trong cơ thể</p>\r\n <p>- Cải thiện thị lực, giúp sáng mắt</p>\r\n <p>- Điều trị rối loạn tiêu hóa, tăng cường hệ miễn dịch</p>\r\n <p>- Cải thiện trí não hiệu quả</p>\r\n <p>- Tăng cường chức năng sinh lý</p>\r\n<p>- Ngăn ngừa chứng đãng trí ở người cao tuổi </p>\r\n <p>2. Yến sào đối với trẻ em:</p>\r\n <p>- Tăng cường khả năng hấp thu thức ăn, tạo cảm giác ngon miệng cho trẻ khi ăn</p>\r\n <p>- Hỗ trợ chống còi xương và suy dinh dưỡng ở trẻ nhỏ</p>\r\n <p>- Tăng cường sức đề kháng, hỗ trợ điều trị các bệnh về đường hô hấp hiệu quả</p>\r\n <p>- Kích thích phát triển não bộ, tăng cường trí nhớ, giúp trẻ có giấc ngủ ngon.</p>\r\n<p>- Sản phẩm hoàn toàn phù hợp với những trẻ em từ 12 tháng tuổi trở lên.</p>\r\n<h2 class=\"text-danger\">Hướng Dẫn Sử Dụng:</h2>\r\n <p>- Bảo quản nơi thoáng mát, dùng trực tiếp sau khi mở nắp.</p>\r\n <p>- Cách dùng:</p>\r\n <p>Trẻ em: Từ 12 tháng trở lên, ngày uống 1 hủ</p>\r\n<p>Phụ nữ có thai: Thai kỳ từ tháng thứ 4 và thai kỳ phải ổn định, ngày uống 1 hủ <p></p>\r\nNgười lớn tuổi: Ít bệnh nền, chỉ nên sử dụng yến sào 3 lần/ tuần, mỗi lần 1 hủ. Nếu sức khỏe yếu kém, cơ thể không còn khả năng hoạt động nhiều có thể sử dụng mỗi ngày với liều lượng 2 hủ trong tháng đầu tiên. Sang tháng thứ 2 thì dùng cách 2 ngày/ lần. Tháng thứ 3 trở đi thì dùng 10gr yến 3 ngày/ lần. </p>\r\n <p>Nên ăn yến sào vào lúc sáng sớm, bụng đói và trước bữa ăn sáng khoảng 30 phút. Hoặc có thể dùng trước khi đi ngủ khoảng 1 tiếng.</p>\r\n<p>Lắc nhẹ trước khi dùng, ngon hơn khi uống lạnh</p>', 265000, 255000, 10, 'taodo_front_tra.webp'),
(821, 8, '26', 2, 'Gia Bảo - Táo Đỏ - Quà Tặng', '<p>- Nước yến giúp ăn ngon, ngủ ngon,hồi phục sức khỏe nên được doanh nghiệp TIẾN THỊNH PHÁT cho ra đời dòng sản phẩm 6 hũ yến sào nguyên chất Gia Bảo - Táo Đỏ, dinh dưỡng với công dụng tuyệt vời.</p>\r\n<br>\r\n<p>Thương hiệu  : Gia Bảo - Hạt Chia </p><hr>  <p>Sản xuất tại  : Việt Nam</p><hr> <p>Loại sản phẩm :\r\n  Yến sào</p><hr> <p>Bổ sung : Hạt chia</p><hr> <p>Thành phần    Yến Tươi: 20% ,Táo: 10%,  Nước tinh khiết: 68%, Đường phèn: 10%, Tảo biển: 2%, Lượng đường : Không đường.</p><hr>\r\n<p>Thể tích : 420ml</p><hr>\r\n<p>Đóng gói  : Hộp.</p><hr>\r\n<p>Số lượng  : Hộp 6 hũ </p><hr>\r\n<p class=\"text-danger\">Lưu ý : Không sử dụng sản phẩm khi hết hạn ,nên sử dụng một lần khi mở nắp.</p>\r\n<br>\r\n', '<h2 class=\"text-danger\">2 -Cung cấp dinh dưỡng dành cho người bị tiểu đường</h2><p>- Hiện nay trên thị trường có khá nhiều dòng sản phẩm nước yến trong đó phân chia làm hai nhóm chính: nước yến có bổ sung đường và nước yến không đường.</p><p>- Nước yến không đường không chất béo được khuyên dùng cho bệnh nhân tiểu đường bởi chúng giúp kiểm soát lượng đường trong máu, cũng như cải thiện tình trạng bệnh đáng kể.</p> <p>Hộp 6 hũ tổ yến chưng sẵn Gia Bảo - Táo Đỏ 420 ml được sản xuất,nhằm giúp người tiểu đường tăng cường sức khỏe,bồi bổ khí huyết và nâng cao sức đề kháng.</p> <h2 class=\"text-danger\">Công dụng:</h2>\r\n<p>-Tăng cường hoạt động của hệ miễn dịch, giúp nâng cao sức khỏe và phòng ngừa nhiều căn bệnh. </p>\r\n<p>- Cải thiện trí nhớ và giảm stress, đặc biệt hỗ trợ chữa trị chứng mất ngủ, giúp ngủ ngon giấc hơn. </p>\r\n <p>- Tăng cường sức khỏe hệ tim mạch, ngăn ngừa các bệnh liên quan đến tim mạch như xơ vữa động mạch, đột quỵ,…</p>\r\n<p>- Cải thiện hoạt động hệ tiêu hóa, tăng cường khả năng trao đổi chất của cơ thể, giúp cơ thể hấp thu tối đa dưỡng chất trong thực phẩm. </p>\r\n <p>- Tăng cường hoạt động của hệ hô hấp.</p>\r\n <p>- Thanh lọc và đào thải các chất độc hại ra khỏi cơ thể, giảm thiểu những căn bệnh về tim, gan. - - Cải thiện chức năng sinh lý cho cả nam và nữ.</p>\r\n<p>- Ngăn ngừa và ức chế các tế bào ung thư, đặc biệt là ung thư gan và ung thư tuyến tiền liệt, ung thư da. </p>\r\n<p>- Cải thiện thị lực. </p>\r\n<p>- Chữa lành vết thương, chống viêm. </p>\r\n<p>- Với phụ nữ, dùng yến chưng saffron còn có tác dụng giúp da dẻ mịn màng, chống lão hóa, giảm tàn nhang đồng thời hỗ trợ điều hòa kinh nguyệt, làm giảm đau bụng trong ngày hành kinh.</p>\r\n<h2 class=\"text-danger\">Hướng Dẫn Sử Dụng:</h2>\r\n<p>- Bảo quản nơi thoáng mát, dùng trực tiếp sau khi mở nắp. </p>\r\n<p>- Cách dùng: </p>\r\n<p>Trẻ em: Từ 12 tháng trở lên, ngày uống 1 hủ </p>\r\n<p>Phụ nữ có thai: Thai kỳ từ tháng thứ 4 và thai kỳ phải ổn định, ngày uống 1 hủ </p>\r\n. <p>Người lớn tuổi: Ít bệnh nền, chỉ nên sử dụng yến sào 3 lần/ tuần, mỗi lần 1 hủ. Nếu sức khỏe yếu kém, cơ thể không còn khả năng hoạt động nhiều có thể sử dụng mỗi ngày với liều lượng 2 hủ trong tháng đầu tiên. Sang tháng thứ 2 thì dùng cách 2 ngày/ lần. Tháng thứ 3 trở đi thì dùng 10gr yến 3 ngày/ lần</p>\r\n <p>Nên ăn yến sào vào lúc sáng sớm, bụng đói và trước bữa ăn sáng khoảng 30 phút. Hoặc có thể dùng trước khi đi ngủ khoảng 1 tiếng.</p>\r\n<p>Lắc nhẹ trước khi dùng, ngon hơn khi uống lạnh</p>', 249000, 240000, 99, 'taodo_front_tra.webp'),
(860, 8, '26', 2, 'Gia Bảo - Táo Đỏ - 6 Hũ', '<p>- Nước yến giúp ăn ngon, ngủ ngon,hồi phục sức khỏe nên được doanh nghiệp TIẾN THỊNH PHÁT cho ra đời dòng sản phẩm 6 hũ yến sào nguyên chất Gia Bảo - Táo Đỏ, dinh dưỡng với công dụng tuyệt vời.</p>\r\n<br>\r\n<p>Thương hiệu  : Gia Bảo - Hạt Chia </p><hr>  <p>Sản xuất tại  : Việt Nam</p><hr> <p>Loại sản phẩm :\r\n  Yến sào</p><hr> <p>Bổ sung : Hạt chia</p><hr> <p>Thành phần    Yến Tươi: 20% ,Táo: 10%,  Nước tinh khiết: 68%, Đường phèn: 10%, Tảo biển: 2%, Lượng đường : Không đường.</p><hr>\r\n<p>Thể tích : 420ml</p><hr>\r\n<p>Đóng gói  : Hộp.</p><hr>\r\n<p>Số lượng  : Hộp 6 hũ </p><hr>\r\n<p class=\"text-danger\">Lưu ý : Không sử dụng sản phẩm khi hết hạn ,nên sử dụng một lần khi mở nắp.</p>\r\n<br>\r\n', '<h2 class=\"text-danger\">2 -Cung cấp dinh dưỡng dành cho người bị tiểu đường</h2><p>- Hiện nay trên thị trường có khá nhiều dòng sản phẩm nước yến trong đó phân chia làm hai nhóm chính: nước yến có bổ sung đường và nước yến không đường.</p><p>- Nước yến không đường không chất béo được khuyên dùng cho bệnh nhân tiểu đường bởi chúng giúp kiểm soát lượng đường trong máu, cũng như cải thiện tình trạng bệnh đáng kể.</p> <p>Hộp 6 hũ tổ yến chưng sẵn Gia Bảo - Táo Đỏ 420 ml được sản xuất,nhằm giúp người tiểu đường tăng cường sức khỏe,bồi bổ khí huyết và nâng cao sức đề kháng.</p> <h2 class=\"text-danger\">Công dụng:</h2>\r\n<p>-Tăng cường hoạt động của hệ miễn dịch, giúp nâng cao sức khỏe và phòng ngừa nhiều căn bệnh. </p>\r\n<p>- Cải thiện trí nhớ và giảm stress, đặc biệt hỗ trợ chữa trị chứng mất ngủ, giúp ngủ ngon giấc hơn. </p>\r\n <p>- Tăng cường sức khỏe hệ tim mạch, ngăn ngừa các bệnh liên quan đến tim mạch như xơ vữa động mạch, đột quỵ,…</p>\r\n<p>- Cải thiện hoạt động hệ tiêu hóa, tăng cường khả năng trao đổi chất của cơ thể, giúp cơ thể hấp thu tối đa dưỡng chất trong thực phẩm. </p>\r\n <p>- Tăng cường hoạt động của hệ hô hấp.</p>\r\n <p>- Thanh lọc và đào thải các chất độc hại ra khỏi cơ thể, giảm thiểu những căn bệnh về tim, gan. - - Cải thiện chức năng sinh lý cho cả nam và nữ.</p>\r\n<p>- Ngăn ngừa và ức chế các tế bào ung thư, đặc biệt là ung thư gan và ung thư tuyến tiền liệt, ung thư da. </p>\r\n<p>- Cải thiện thị lực. </p>\r\n<p>- Chữa lành vết thương, chống viêm. </p>\r\n<p>- Với phụ nữ, dùng yến chưng saffron còn có tác dụng giúp da dẻ mịn màng, chống lão hóa, giảm tàn nhang đồng thời hỗ trợ điều hòa kinh nguyệt, làm giảm đau bụng trong ngày hành kinh.</p>\r\n<h2 class=\"text-danger\">Hướng Dẫn Sử Dụng:</h2>\r\n<p>- Bảo quản nơi thoáng mát, dùng trực tiếp sau khi mở nắp. </p>\r\n<p>- Cách dùng: </p>\r\n<p>Trẻ em: Từ 12 tháng trở lên, ngày uống 1 hủ </p>\r\n<p>Phụ nữ có thai: Thai kỳ từ tháng thứ 4 và thai kỳ phải ổn định, ngày uống 1 hủ </p>\r\n. <p>Người lớn tuổi: Ít bệnh nền, chỉ nên sử dụng yến sào 3 lần/ tuần, mỗi lần 1 hủ. Nếu sức khỏe yếu kém, cơ thể không còn khả năng hoạt động nhiều có thể sử dụng mỗi ngày với liều lượng 2 hủ trong tháng đầu tiên. Sang tháng thứ 2 thì dùng cách 2 ngày/ lần. Tháng thứ 3 trở đi thì dùng 10gr yến 3 ngày/ lần</p>\r\n <p>Nên ăn yến sào vào lúc sáng sớm, bụng đói và trước bữa ăn sáng khoảng 30 phút. Hoặc có thể dùng trước khi đi ngủ khoảng 1 tiếng.</p>\r\n<p>Lắc nhẹ trước khi dùng, ngon hơn khi uống lạnh</p>', 249000, 240000, 99, 'taodo_6c_tra.webp');

--
-- Chỉ mục cho các bảng đã đổ
--

--
-- Chỉ mục cho bảng `tbl_admin`
--
ALTER TABLE `tbl_admin`
  ADD PRIMARY KEY (`adminId`);

--
-- Chỉ mục cho bảng `tbl_baiviet`
--
ALTER TABLE `tbl_baiviet`
  ADD PRIMARY KEY (`baiviet_id`);

--
-- Chỉ mục cho bảng `tbl_brand`
--
ALTER TABLE `tbl_brand`
  ADD PRIMARY KEY (`brand_id`);

--
-- Chỉ mục cho bảng `tbl_brand_lv2`
--
ALTER TABLE `tbl_brand_lv2`
  ADD PRIMARY KEY (`id`);

--
-- Chỉ mục cho bảng `tbl_cart`
--
ALTER TABLE `tbl_cart`
  ADD PRIMARY KEY (`cartId`),
  ADD KEY `productId` (`productId`);

--
-- Chỉ mục cho bảng `tbl_category`
--
ALTER TABLE `tbl_category`
  ADD PRIMARY KEY (`category_id`);

--
-- Chỉ mục cho bảng `tbl_customer`
--
ALTER TABLE `tbl_customer`
  ADD PRIMARY KEY (`id`);

--
-- Chỉ mục cho bảng `tbl_order`
--
ALTER TABLE `tbl_order`
  ADD PRIMARY KEY (`id`),
  ADD KEY `productId` (`productId`,`customer_id`),
  ADD KEY `customer_id` (`customer_id`);

--
-- Chỉ mục cho bảng `tbl_sanpham`
--
ALTER TABLE `tbl_sanpham`
  ADD PRIMARY KEY (`sanpham_id`),
  ADD KEY `category_id` (`category_id`,`brand_id`),
  ADD KEY `brand_id` (`brand_id`);

--
-- AUTO_INCREMENT cho các bảng đã đổ
--

--
-- AUTO_INCREMENT cho bảng `tbl_admin`
--
ALTER TABLE `tbl_admin`
  MODIFY `adminId` int(10) NOT NULL AUTO_INCREMENT, AUTO_INCREMENT=4;

--
-- AUTO_INCREMENT cho bảng `tbl_baiviet`
--
ALTER TABLE `tbl_baiviet`
  MODIFY `baiviet_id` int(11) NOT NULL AUTO_INCREMENT, AUTO_INCREMENT=9;

--
-- AUTO_INCREMENT cho bảng `tbl_brand`
--
ALTER TABLE `tbl_brand`
  MODIFY `brand_id` int(50) UNSIGNED NOT NULL AUTO_INCREMENT, AUTO_INCREMENT=25;

--
-- AUTO_INCREMENT cho bảng `tbl_brand_lv2`
--
ALTER TABLE `tbl_brand_lv2`
  MODIFY `id` int(11) NOT NULL AUTO_INCREMENT, AUTO_INCREMENT=21;

--
-- AUTO_INCREMENT cho bảng `tbl_cart`
--
ALTER TABLE `tbl_cart`
  MODIFY `cartId` int(11) NOT NULL AUTO_INCREMENT, AUTO_INCREMENT=224;

--
-- AUTO_INCREMENT cho bảng `tbl_category`
--
ALTER TABLE `tbl_category`
  MODIFY `category_id` int(11) UNSIGNED NOT NULL AUTO_INCREMENT, AUTO_INCREMENT=14;

--
-- AUTO_INCREMENT cho bảng `tbl_customer`
--
ALTER TABLE `tbl_customer`
  MODIFY `id` int(11) UNSIGNED NOT NULL AUTO_INCREMENT, AUTO_INCREMENT=58;

--
-- AUTO_INCREMENT cho bảng `tbl_order`
--
ALTER TABLE `tbl_order`
  MODIFY `id` int(11) NOT NULL AUTO_INCREMENT, AUTO_INCREMENT=110;

--
-- AUTO_INCREMENT cho bảng `tbl_sanpham`
--
ALTER TABLE `tbl_sanpham`
  MODIFY `sanpham_id` int(11) UNSIGNED NOT NULL AUTO_INCREMENT, AUTO_INCREMENT=861;

--
-- Các ràng buộc cho các bảng đã đổ
--

--
-- Các ràng buộc cho bảng `tbl_cart`
--
ALTER TABLE `tbl_cart`
  ADD CONSTRAINT `tbl_cart_ibfk_1` FOREIGN KEY (`productId`) REFERENCES `tbl_sanpham` (`sanpham_id`);

--
-- Các ràng buộc cho bảng `tbl_order`
--
ALTER TABLE `tbl_order`
  ADD CONSTRAINT `tbl_order_ibfk_1` FOREIGN KEY (`customer_id`) REFERENCES `tbl_customer` (`id`),
  ADD CONSTRAINT `tbl_order_ibfk_2` FOREIGN KEY (`productId`) REFERENCES `tbl_sanpham` (`sanpham_id`) ON DELETE CASCADE ON UPDATE NO ACTION;

--
-- Các ràng buộc cho bảng `tbl_sanpham`
--
ALTER TABLE `tbl_sanpham`
  ADD CONSTRAINT `tbl_sanpham_ibfk_1` FOREIGN KEY (`category_id`) REFERENCES `tbl_category` (`category_id`) ON DELETE CASCADE ON UPDATE NO ACTION,
  ADD CONSTRAINT `tbl_sanpham_ibfk_2` FOREIGN KEY (`brand_id`) REFERENCES `tbl_brand` (`brand_id`) ON DELETE CASCADE ON UPDATE NO ACTION;
COMMIT;

/*!40101 SET CHARACTER_SET_CLIENT=@OLD_CHARACTER_SET_CLIENT */;
/*!40101 SET CHARACTER_SET_RESULTS=@OLD_CHARACTER_SET_RESULTS */;
/*!40101 SET COLLATION_CONNECTION=@OLD_COLLATION_CONNECTION */;
