-- phpMyAdmin SQL Dump
-- version 5.2.0
-- https://www.phpmyadmin.net/
--
-- Máy chủ: 127.0.0.1
-- Thời gian đã tạo: Th10 19, 2022 lúc 10:02 AM
-- Phiên bản máy phục vụ: 10.4.24-MariaDB
-- Phiên bản PHP: 7.4.29

SET SQL_MODE = "NO_AUTO_VALUE_ON_ZERO";
START TRANSACTION;
SET time_zone = "+00:00";


/*!40101 SET @OLD_CHARACTER_SET_CLIENT=@@CHARACTER_SET_CLIENT */;
/*!40101 SET @OLD_CHARACTER_SET_RESULTS=@@CHARACTER_SET_RESULTS */;
/*!40101 SET @OLD_COLLATION_CONNECTION=@@COLLATION_CONNECTION */;
/*!40101 SET NAMES utf8mb4 */;

--
-- Cơ sở dữ liệu: `ttpnew`
--

-- --------------------------------------------------------

--
-- Cấu trúc bảng cho bảng `tbl_admin`
--

CREATE TABLE `tbl_admin` (
  `adminId` int(10) NOT NULL,
  `adminUser` varchar(255) NOT NULL,
  `adminPass` varchar(255) NOT NULL
) ENGINE=InnoDB DEFAULT CHARSET=utf8mb4;

--
-- Đang đổ dữ liệu cho bảng `tbl_admin`
--

INSERT INTO `tbl_admin` (`adminId`, `adminUser`, `adminPass`) VALUES
(1, 'admin', 'fbcca76ea3278ea7478efe26fbcc425a'),
(3, 'admin', '73278a4a86960eeb576a8fd4c9ec6997');

-- --------------------------------------------------------

--
-- Cấu trúc bảng cho bảng `tbl_baiviet`
--

CREATE TABLE `tbl_baiviet` (
  `baiviet_id` int(11) NOT NULL,
  `baiviet_name` varchar(255) NOT NULL,
  `baiviet_title` varchar(255) NOT NULL,
  `baiviet_noidung` text NOT NULL,
  `baiviet_date` date NOT NULL,
  `baiviet_luotxem` int(11) NOT NULL,
  `baiviet_img` varchar(150) NOT NULL
) ENGINE=InnoDB DEFAULT CHARSET=utf8mb4;

--
-- Đang đổ dữ liệu cho bảng `tbl_baiviet`
--

INSERT INTO `tbl_baiviet` (`baiviet_id`, `baiviet_name`, `baiviet_title`, `baiviet_noidung`, `baiviet_date`, `baiviet_luotxem`, `baiviet_img`) VALUES
(1, 'QUÁ TRÌNH HÌNH THÀNH VÀ PHÁT TRIỂN CÔNG TY TNHH SX TM NXK TIẾN THỊNH PHÁT', 'CÔNG TY TNHH SX TM NXK NƯỚC GIẢI KHÁT TIẾN THỊNH PHÁT', '<h1 style=\"text-align: center;\" class=\"text-danger\"><span style=\"font-size:28px;\"><strong>CÔNG TY TNHH SX TM NXK NƯỚC GIẢI KHÁT TIẾN THỊNH PHÁT</strong></span></h1>\r\n<div class=\"clear20\"></div>\r\n                <p style=\"text-align: center;\"><span style=\"font-size:18px;\"><a href=\"http://salanest.com/\">http://salanest.com/</a></span>\r\n                </p>\r\n<div class=\"clear20\"></div>\r\n                <p style=\"text-align: center;\"><span style=\"font-size:18px;\">Hotline : (028)36 221 286</span>\r\n                </p>\r\n                <p style=\"text-align: justify;\"><span style=\"font-size:16px;\"><strong class=\"text-danger\">- QUÁ TRÌNH PHÁT TRIỂN CÔNG TY CÔNG TY TNHH SX TM XNK NGK TIẾN THỊNH PHÁT</strong> được hình từ công ty <strong>TNHH SX NGK TIẾN THỊNH PHÁT</strong> thành lập vào 2015 phát triển lĩnh vực ngành hàng nội thất và phát triển kênh bán lẻ sản phẩm nhập khẩu. Qua quá trình vận hành phát triển những năm sau. Công ty có bước tiến mới về ngành hàng tiêu dùng và bắt đầu khai phá thị trường nước uống có cồn. chính thức bắt tay họp tác với các nhãn hàng bia, rượu nhập khẩu. Một lần nữa Tiến Thịnh Phát cho ra đời Showroom Rượu đầu tiên tại khu vực quận Gò Vấp năm 2016 . Mang tên Thương Hiệu “<strong>Thế giới rượu 365</strong>“ hoặc động 02 năm tăng trưởng không cao và nhận định thị trường hạn hẹp không được phát triển mạnh mẽ.</span>\r\n                </p>\r\n<div class=\"clear20\"></div>\r\n                <p style=\"text-align: justify;\"><span style=\"font-size:16px;\">Bắt đầu tìm hiểu thông tin và nghiên cứu thêm những sản phẩm cùng phân khúc trong lĩnh vực sức khỏe và làm đẹp. Tiến Thịnh Phát một lần nữa chuyển đổi mô hình phát triển qua lĩnh vực sản xuất sản phẩm yến sào. Trong quá trình phát triển sản phẩm trong đầu năm 2017 gặp nhiều vấn đề khó khăn như việc tìm kiếm khách hàng , phát triển hệ thống sale , làm Marketing sản phẩm. Với sự tìm hiểu và đồng hành phát triển ngành hàng yến sào, Tiến Thịnh Phát vận dụng cơ chế từ trước và cho ra đời showroom “<strong>Yến Sào 365</strong>“ bên cạnh “<strong>Thế giới rượu 365</strong>\".</span>\r\n                </p><div class=\"clear20\"></div>\r\n                <p style=\"text-align: justify;\"><span style=\"font-size:16px;\">Trong những lần thay đổi cơ chế Tiến Thịnh Phát lại cho thấy sự phát triển bền vừng và gắn liền cùng với thương hiệu được tạo ra sản phẩm chủ lực tại thời điểm phát triển. Công ty luôn đi cùng khách hàng, am hiểu và chia sẻ từ khách hàng về sản phẩm yến sào chất lượng không pha tạp chất, từ đó công ty cho ra đời sản phẩm yến sào \"<strong>Nước yến sào SALANEST\"</strong> và \"<strong>tổ yến sào Salanest\"</strong> hai sản phẩm chủ lực và phát triển định hình thương hiệu đến ngày hôm nay.</span>\r\n                </p><div class=\"clear20\"></div>\r\n                <p style=\"text-align: justify;\"><span style=\"font-size:16px;\">Trong quá trình phát triển, một lần nữa sự thay đổi về cơ cấu, chúng tôi quyết định thành lập <strong>CÔNG TY TNHH SX TM XNK NGK TIẾN THỊNH PHÁT</strong>. Đây được xem là lời khẳng định sản phẩm đủ cung ứng tại thị trường Việt Nam và xuất khẩu ra nước ngoài. <strong>Công Ty SX TM XNK NGK TIẾN THỊNH PHÁT </strong>không ngừng phát triển, mang đến thị trường Việt và quốc tế những sản phẩm yến tinh khiết nhất. Chuyên cung cấp: yến thô, yến sơ chế, yến tinh chế, yến tươi đóng thố, yến hủ chưng sẵn nhiều vị khác nhau (đường phèn, táo đỏ, hạt chia, hạt sen, long nhãn, đông trùng hạ thảo, tứ vị, gừng, hương dứa thiên nhiên) phù hợp cho trẻ nhỏ, ăn kiêng dành cho người tiểu đường và người ít ăn ngọt.</span>\r\n                </p>\r\n           <div class=\"clear20\"></div>\r\n                <p style=\"text-align: justify;\"><span style=\"font-size:16px;\"><strong class=\"text-danger\">Công Ty SX TM XNK NGK TIẾN THINH PHÁT </strong>còn cung cấp mỹ phẩm làm đẹp từ yến sào, nhận hợp đồng gia công yến hủ chưng sẵn theo yêu cầu khách hàng để xuất khẩu quốc tế. <strong>Công Ty SX TM XNK NGK TIẾN THINH PHÁT </strong>cam kết: </span>\r\n                </p>\r\n                <ul>\r\n                    <li style=\"text-align: justify;\"><span style=\"font-size:16px;\">100% yến sào nguyên chất từ thiên nhiên.</span>\r\n                    </li>\r\n                    <li style=\"text-align: justify;\"><span style=\"font-size:16px;\">Nguồn yến hoàn toàn của Việt Nam</span>\r\n                    </li>\r\n                    <li style=\"text-align: justify;\"><span style=\"font-size:16px;\">Nói không hóa chất trong quá trình chế biến </span>\r\n                    </li>\r\n                    <li style=\"text-align: justify;\"><span style=\"font-size:16px;\">Tất cả các sản phẩm được chọn lọc kỹ lưỡng. </span>\r\n                    </li>\r\n                </ul>\r\n                <p style=\"text-align: justify;\"><span style=\"font-size:16px;\"><strong>Thương hiệu Công Ty SX TM XNK NGK TIẾN THỊNH PHÁT</strong> được xây dựng trên phương châm “<span style=\"color:#FF0000;\"><strong>Sản phẩm thật, Sản Phẩm Sạch, Chất lượng vàng</strong></span>” góp phần\r\n                    nâng cao sức khoẻ cho cộng đồng.</span>\r\n                </p>\r\n                <p style=\"text-align: justify;\"><span style=\"font-size:16px;\">Trong quá trình phát triển sản phẩm Tiến Thịnh Phát đã đạt được những thành tưu như:</span>\r\n                </p>\r\n            <img src=\"img/kinh-nghiem-di-thue-van-phong-2.webp\" alt=\"van phong cong ty\" width=\"80%\">\r\n<div class=\"clear20\"></div>\r\n                <ul>\r\n                    <li style=\"text-align: justify;\"><span style=\"font-size:16px;\">Trong năm 2017 : Tiến thịnh phát đã cho ra thị trường 10.000 yến các loại.</span>\r\n                    </li>\r\n                    <li style=\"text-align: justify;\"><span style=\"font-size:16px;\">Mùa tết 2017 -2018 trong 03 ngày làm việc. tỷ lệ đơn hàng lẻ về công ty trên 1.800 Hộp.</span>\r\n                    </li>\r\n                    <li style=\"text-align: justify;\"><span style=\"font-size:16px;\">Thị trường 2018 - 2019 : Công ty tăng trưởng 50% doanh số bán hàng và đạt dung lượng sản phẩn được bán ra thị trường khắp cả nước và mọi vùng miền tổ quốc trong năm 2018 : gần 17.000 sản phẩm các loại. </span>\r\n                    </li>\r\n                    <li style=\"text-align: justify;\"><span style=\"font-size:16px;\">Trong 10 tháng đầu năm 2019: doanh số sản phẩm tăng vượt bậc, đã bán được 14.000 sản phẩm. Công ty định hướng chiến lượt cuối năm 2019 đạt doanh số 22.000 sản phẩm các loại.</span>\r\n                    </li>\r\n                </ul>\r\n                <p style=\"text-align: justify;\"><span style=\"font-size:16px;\">Trong thời gian phát triển công ty định hinh phát triển Online và Marketing online và chưa phát triển kênh GT và MT tại thị trường Việt Nam.</span>\r\n                </p>\r\n                <p style=\"text-align:center\"><img alt=\"\" height=\"512\" src=\"img/nam-thuan-phat-building-truong-cong-dinh-cho-thue-van-phong-quan-tan-binh-vlook.vn-bia.webp\" width=\"362\" />\r\n                </p>', '2022-09-28', 1234, 'kinh-nghiem-di-thue-van-phong-2.webp'),
(2, 'QUÁ TRÌNH THANH TOÁN VÀ ĐỔI TRẢ CÔNG TY  TIẾN THỊNH PHÁT GROUP.', ' - CÔNG TY TIẾN THỊNH PHÁT GROUP - THƯỚNG DẪN PHƯƠNG THỨC THANH TOÁN .Nhằm tạo sự khác biệt về quyền lợi cho khách hàng khi đến mua hàng tại SALANEST, chúng tôi áp dụng chính sách hỗ trợ đổi trả hàng như sau:\r\n', ' <h2 class=\"text-danger\" style=\"text-align: center;\"><strong>-HƯỚNG DẪN PHƯƠNG THỨC THANH TOÁN</strong></h2>\r\n<ul>\r\n<div class=\"clear20\"></div>\r\n                                <li>Nhằm tạo sự khác biệt về quyền lợi cho khách hàng khi đến mua hàng tại SALANEST, chúng tôi áp dụng chính sách hỗ trợ đổi trả hàng như sau:</li>\r\n                               <li> Đối với khách hàng tại khu vực HỒ CHÍ MINH, Quý khách có thể trực tiếp liên hệ đổi/ trả hàng tại văn phòng của Vua Yến ở địa chỉ: 180 Nguyễn Thị Búp , Phường Tân Chánh Hiệp , Quận 12 , Thành Phố HỒ CHÍ MINH .</li>\r\n                             <li>SALANEST sẽ thực hiện tất cả các yêu cầu vận chuyển cho khách hàng trên phạm vi toàn quốc</li>\r\n                                <li>Thời gian phục vụ từ 9h00 đến 20h00 từ thứ Hai đến thứ Bảy, không tính Chủ Nhật và các ngày lễ Tết.</li> <li>Các sản phẩm thực hiện đổi trả phải còn nguyên vẹn, không có dấu hiệu sử dụng và phải còn tem, mác. Ngoài ra, để thực hiện đổi trả hàng khách hàng phải còn giữ hóa đơn mua hàng tại salanest.com</li><li>Chúng tôi sẽ thực hiện các bước tiếp theo để kiểm tra chất lượng sản phẩm và tiến hành đổi/ trả hàng hoặc hoàn tiền theo yêu cầu của quý khách và thực hiện theo đúng quy định tại mục II của chính sách này.</li></ul>\r\n\r\n\r\n <h2 class=\"text-danger\">A. Các trường hợp đổi trả hàng</h2>\r\n<div class=\"clear20\"></div>\r\n                            <ol>\r\n                                <li>Đổi hàng theo nhu cầu khách hàng</li>\r\n                            </ol>   \r\n                                <p>Tất cả các mặt hàng mua từ https://salanest.com đều có thể hoàn trả trong vòng 7 ngày kể từ ngày nhận hàng. Chúng tôi chỉ chấp nhận đổi trả cho các sản phẩm còn nguyên điều kiện ban đầu, và còn hóa đơn mua hàng tại https://salanest.com và sản phẩm chưa qua sử dụng, bao gồm:</p>\r\n                                <li>Còn nguyên đóng gói và bao bì không bị rách móp.</li>\r\n                                <li>Tem/ phiếu bảo hành, tem thương hiệu, các quà tặng kèm theo ( nếu có) v.v… phải còn đầy đủ và nguyên vẹn.</li>\r\n                                <li>Không bị dơ bẩn, trầy xước, bể vỡ, hư hỏng, có mùi lạ hoặc có dấu hiệu đã qua sử dụng.</li>\r\n                         \r\n                            <p>Lưu ý: Những sản phẩm đổi trả hàng không đáp ứng các điều kiện nêu trên sẽ được tự động chuyển hoàn về địa chỉ đăng kí theo thông tin đơn hàng của quý khách.</p>\r\n             <div class=\"clear20\"></div>           <h3 class=\"text-danger\"> Đổi trả không vì lý do chủ quan từ khách hàng.</h3> \r\n \r\n                            <p>SALANEST khuyến khích quý khách hàng phải kiểm tra tình trạng bên ngoài của thùng hàng và sản phẩm trước khi thanh toán để đảm bảo rằng hàng hóa được giao đúng theo đơn đặt hàng và tình trạng bên ngoài không bị tác động. Nếu gặp trường hợp này, Quý khách vui lòng từ chối nhận hàng và báo ngay cho bộ phận hỗ trợ khách hàng để chúng tôi có phương án xử lí kịp thời. (Xin lưu ý những bước kiểm tra sâu hơn như dùng thử sản phẩm chỉ có thể được chấp nhận sau khi đơn hàng được thanh toán đầy đủ).</p>\r\n <img src=\"img/momo-upload-api-210330100757-637526956774717557.webp\" alt=\"hinh-thuc-thanh-toan\" title=\"thanh toán online\" width=\"30%\">\r\n                            <p>Trong trường hợp khách hàng đã thanh toán, nhận hàng và sau đó phát hiện hàng hóa bị bể vỡ, sai nội dung hoặc thiếu hàng, xin vui lòng liên hệ ngay với bộ phận hỗ trợ khách hàng của Vua Yến để được chúng tôi hỗ trợ các bước tiếp theo như đổi/ trả hàng hoặc gửi sản phẩm còn thiếu đến khách hàng…</p><p>Chú ý: Sau 48h kể từ ngày quý khách nhận được hàng, SALANEST có quyền từ chối hỗ trợ cho những khiếu nại theo nội dung như trên.</p><div class=\"clear20\"></div>\r\n<h2 class=\"text-danger\">B. Phương thức hoàn tiền</h2><ul><p>- Tùy theo lí do hoàn trả sản phẩm, SALANEST sẽ có những phương thức hoàn thiện với chi tiết sau:</p> <li> Đổi trả theo nhu cầu khách hàng: Trường hợp này sẽ hoàn tiền lại cho khách hàng (sau khi đã trừ phí xử lý đơn hàng).</li>\r\n <li> Đổi trả không vì lý do chủ quan: Khách sẽ được đổi mới sản phẩm, đổi sản phẩm mới cùng loại, và khách hàng có thể hoàn tiền mặt nếu muốn. Liên hệ, thắc mắc, khiếu nại về vấn đề đổi trả hàng Xin quý khách vui lòng liên hệ với chúng tôi.</li></ul>\r\n<p>Địa chỉ: 180 Nguyễn Thị Búp, Phường Tân Chánh Hiệp,  Quận 12, Thành Phố Hồ Chí Minh.</p>\r\n        <img src=\"img/visa-all.webp\" alt=\"hinh-thuc-thanh-toan\" title=\"thanh toán online\" width=\"30%\">\r\n<div class=\"clear20\"></div>\r\n<p>Điện thoại: (+84)47 28 38 38.</p><p class=\"clwhite\">Email: ttpsalanest@gmail.com.</p>', '2022-10-12', 123, 'chinhsachdoitra.webp'),
(3, 'HƯỚNG DẪN VẬN CHUYỂN GIAO HÀNG CÔNG TY TIẾN THỊNH PHÁT GROUP.', ' - CÔNG TY TIẾN THỊNH PHÁT GROUP thực hiện vận chuyển giao hàng & Liên kết các đơn vị vận chuyển.', ' <div class=\"clear20\"></div><h2 class=\"text-danger\" style=\"text-align: center;\"><strong>-HƯỚNG DẪN VẬN CHUYỂN GIAO HÀNG.</strong></h2><div class=\"clear20\"></div>\r\n<ul>\r\n                                <li>TIẾN THỊNH PHÁT GROUP giao hàng đến tận nơi tại tất cả các tỉnh thành toàn quốc. Tất cả hàng hóa vận chuyển đến nơi của khách hàng sẽ được đóng gói cẩn thận, đúng quy cách và bao gồm các chứng từ liên quan như: Đơn đặt hàng, Phiếu xuất kho, Phiếu bảo hành, Hóa đơn VAT, Hướng dẫn sử dụng…</li>\r\n            <img src=\"img/chinhsachdoitra\r\n.webp\" alt=\"chinh-sach-doi-tra-hang\" title=\"chính sách đổi trả hàng\" width=\"50%\">\r\n\r\n           <div class=\"clear20\"></div>                     <h3 class=\"text-danger\">KHÁCH HÀNG Ở CÁC TỈNH THÀNH KHÁC</h3>\r\n          <div class=\"clear20\"></div>                     <li>– Tùy vào từng đơn hàng và địa điểm, SALNEST GROUP có thể miễn phí giao hàng hoặc tính phí hỗ trợ theo thỏa thuận với mức phí thấp nhất.</li>\r\n\r\n                   <li>SALANEST :– Thời gian giao hàng: Từ 24 đến 72 giờ kể từ khi nhận được thông tin xác nhận đặt hàng.</li>\r\n                                <h3 class=\"text-danger\">KHÁCH HÀNG NỘI THÀNH THÀNH PHỐ HỒ CHÍ MINH</h3>\r\n                                <li>Thời gian phục vụ từ 9h00 đến 20h00 từ thứ Hai đến thứ Bảy, không tính Chủ Nhật và các ngày lễ Tết.</li>\r\n                                                  <img src=\"img/van-chuyen-car.webp\" alt=\"chinhsachdoitrahang\" title=\"chính sách đổi trả hàng\" width=\"60%\">\r\n                   <li>– Thời gian giao hàng: Từ 30 phút đến 2 giờ kể từ khi nhận được thông tin xác nhận đặt hàng<strong>.Lưu ý:</strong> Đối với các đơn hàng cần đặt trước thì thời gian giao hàng có thể lâu hơn.</li>\r\n                               \r\n                            </ul>\r\n                        </div>\r\n                        <h2 class=\"text-danger\" style=\"text-align:center;\">Cám ơn Quý khách đã chọn mua sản phẩm của SALANEST GROUP . !</h2>\r\n\r\n ', '2022-07-19', 1390, 'van-chuyen-car.webp'),
(4, 'CÔNG TY TIẾN THỊNH PHÁT GROUP.CHÍNH SÁCH BẢO MẬT THÔNG TIN KHÁCH HÀNG.', 'CÔNG TY TIẾN THỊNH PHÁT GROUP thực hiện CHÍNH SÁCH BẢO MẬT THÔNG TIN KHÁCH HÀNG (Xem chi tiết tại điều 68 đến Điều 73 Nghị định 52/2013/NĐ-CP)', '<ul><h3 class=\"text-danger\">1- MỤC ĐÍCH VÀ PHẠM VI THU THẬP THÔNG TIN</h3>\r\n                                <ul><p>- TIẾN THỊNH PHÁT GROUP không bán, chia sẻ hay trao đổi thông tin cá nhân của khách hàng thu thập trên trang web cho một bên thứ ba nào khác.</p>\r\n                                <p>- Thông tin cá nhân thu thập được sẽ chỉ được sử dụng trong nội bộ công ty. Khi quý khách đăng ký đặt hàng tại https://salanest.com/\r\nThông tin cá nhân mà chúng tôi thu thập bao gồm:</p>\r\n<div class=\"clear10\"></div>\r\n<p>– Tên người liên hệ cá nhân hoặc Công ty</p>\r\n<div class=\"clear10\"></div>\r\n<li>– Số điện thoại:</li>\r\n<li>– Email: </li>\r\n<li>– Địa chỉ giao hàng:</li>\r\n<li>– Thông tin Công ty bao gồm tên giao dịch đầy đủ, địa chỉ, Mã số thuế:</li>\r\n<li>– Địa chỉ giao dịch:</li>\r\n<div class=\"clear10\"></div>\r\n<p>- Những thông tin trên sẽ được sử dụng cho một hoặc tất cả các mục đích sau đây:</p>\r\n<div class=\"clear10\"></div>\r\n<p>– Thông báo về việc giao hàng và hỗ trợ khách hàng</p>\r\n    <img src=\"img/bao-mat-thong-tin-khach-hang-thiet-bi.webp\" alt=\"hình ảnh bao mat thong tin\" title=\"bao mat thong tin\" width=\"60%\">\r\n<div class=\"clear10\"></div>\r\n<p>– Cung cấp thông tin liên quan đến sản phẩm</p>\r\n<p>– Xử lý đơn đặt hàng và cung cấp dịch vụ và thông tin qua trang web của chúng tôi theo yêu cầu của quý khách</p>\r\n<p>– Ngoài ra, chúng tôi sẽ sử dụng thông tin quý khách cung cấp để hỗ trợ quản lý tài khoản khách hàng; xác nhận và thực hiện các giao dịch tài chính liên quan đến các khoản thanh toán trực tuyến của quý khách.</p><div class=\"clear10\"></div>\r\n<p>- Chi tiết đơn hàng của quý khách sẽ được chúng tôi lưu trữ nhưng vì lý do bảo mật, quý khách không thể yêu cầu thông tin đó từ chúng tôi. Tuy nhiên, quý khách có thể kiểm tra thông tin đó bằng cách đăng nhập vào tài khoản riêng của mình trên trang web. Tại đó, quý khách có thể theo dõi đầy đủ chi tiết của các đơn hàng đã hoàn tất, những đơn hàng mở và những đơn hàng sắp được giao cũng như quản lý thông tin về địa chỉ, thông tin về ngân hàng và những bản tin mà quý khách đã đăng ký nhận. Quý khách cần bảo đảm là thông tin được truy cập một cách bí mật và không làm lộ cho một bên thứ ba không có quyền. Chúng tôi sẽ không chịu trách nhiệm đối với việc sử dụng sai mật khẩu trừ khi đó là lỗi của chúng tôi.</p></ul>\r\n             <div class=\"clear10\"></div>                   \r\n<h3 class=\"text-danger\">2- PHẠM VI SỬ DỤNG THÔNG TIN</h3><div class=\"clear10\"></div>\r\n<ul>\r\n    <p>- Chúng tôi có thể chia sẻ tên, số điện thoại và địa chỉ của quý khách cho dịch vụ chuyển phát nhanh để có thể giao hàng cho quý khách. Khi quý khách đăng ký làm thành viên trên trang web https://salanest.com/ chúng tôi cũng sẽ sử dụng thông tin cá nhân của quý khách để gửi các thông tin khuyến mãi/tiếp thị. Quý khách có thể hủy nhận các thông tin đó bất kỳ lúc nào bằng cách sử dụng chức năng hủy đăng ký trong các thông báo quảng cáo.</p>\r\n<div class=\"clear10\"></div></ul>\r\n<h3 class=\"text-danger\">3- THỜI GIAN LƯU TRỮ THÔNG TIN</h3>\r\n<ul>\r\n<p>CÔNG TY TIẾN THỊNH PHÁT GROUP sẽ lưu trữ các Thông tin cá nhân do khách hàng cung cấp trên các hệ thống nội bộ của chúng tôi trong quá trình cung cấp dịch vụ cho khách hàng hoặc cho đến khi hoàn thành mục đích thu thập hoặc khi Khách hàng có yêu cầu hủy các thông tin đã cung cấp.</p>\r\n<div class=\"clear10\"></div>\r\n</ul>\r\n<h3 class=\"text-danger\">4- CAM KẾT BẢO MẬT THÔNG TIN CÁ NHÂN KHÁCH HÀNG</h3>\r\n<ul>\r\n<div class=\"clear10\"></div>\r\n<p>Chúng tôi rất quan tâm đến quyền riêng tư của quý khách khi quý khách sử dụng những dịch vụ của chúng tôi.Chúng tôi cũng hiểu rằng quý khách sẽ rất quan tâm đến việc những thông tin mà quý khách cũng cấp cho chúng tôi có được bảo mật an toàn hay không. Và chúng tôi luôn muốn quý khách sẽ thật yên tâm và tin tưởng khi tham gia các dịch vụ của chúng tôi. Vì vậy chúng tôi cam kết sẽ khiến quý khách có những trải nghiệm tuyệt vời nhất khi mua sắm hàng của chúng tôi với sự tin tưởng hoàn toàn.</p><div class=\"clear10\"></div>\r\n<li>Chúng tôi tạo ra chính sách bảo mật này để chứng minh cho cam kết về sự an toàn bảo mật với quý khách hàng. Qua Chính sách bảo mật thông tin này, chúng tôi muốn quý khách hiểu được về việc chúng tôi thu thập thông tin khách hàng, việc sử dụng và chia sẻ thông tin cũng như việc bảo mật thông tin khách hàng của chúng tôi.\r\n</li>\r\n</ul>\r\n<p>Chân thành cảm ơn quý khách hàng đã tin tưởng chọn chúng tôi là đơn vị đối tác cung cấp</p><div class=\"clear10\"></div>\r\n<h3 class=\"text-danger\">5- ĐỊA CHỈ CỦA ĐƠN VỊ THU THẬP VÀ QUẢN LÝ THÔNG TIN CÁ NHÂN\r\nCÔNG TY TIẾN THỊNH PHÁT GROUP.</h3><div class=\"clear10\"></div>\r\n<p>Địa chỉ: 180 Nguyễn Thị Búp, Phường Tân Chánh Hiệp,  Quận 12, Thành Phố Hồ Chí Minh.</p>\r\n<p>Điện thoại: (+84)47 28 38 38.</p><p class=\"clwhite\">Email: ttpsalanest@gmail.com.</p>\r\n', '2022-06-12', 1980, 'bao-mat-thong-tin-khach-hang-thiet-bi.webp'),
(5, 'TOP 9 CÔNG DỤNG CỦA YẾN SÀO.', '- Đối với yến sào ngoài công dụng bổ sung nhiều chất dinh dưỡng cho cơ thể nó còn mang lại khá nhiều lợi ích khác. Hãy cùng Tiến Thịnh Phát group tìm hiểu rõ hơn vể Yến Sào.', '\r\n  <h2 class=\"text-danger\">1-Tổng quan về yến sào</h2>\r\n<p>-Về món yến sào, từ “sào” ở đây có nghĩa là tổ chim; còn từ “yến” mang ý nghĩa chỉ tên một loài chim yến. Loài chim yến thường có tập tính xây tổ bằng chính nước bọt của mình, chúng sẽ kết hợp nước bọt với những vật liệu khác như lông chim, cỏ, rêu để xây dựng nên những tổ chim bền vững.</p>\r\n<br>\r\n <h2 class=\"text-danger\">2-9 công dụng chính của yến sào</h2>\r\n <p>- Theo những nhận định của Đông y, yến sào rất tốt cho hệ hô hấp. Những tác dụng từ yến sào có thể kể đến như bổ phế, dưỡng âm, tiêu đàm, trừ ho, định suyễn. Đặc biệt, khi ăn yến sào kết hợp cùng với vài lát gừng tươi sẽ có thể làm sạch phổi và các cơ quan hô hấp khác; từ đó có thể ngăn ngừa các triệu chứng cảm cúm, ho.</p><br>\r\n                                <h2 class=\"text-danger\">3 -Hỗ trợ tiêu hóa, kích thích ăn uống</h2>\r\n<p>–Theo nghiên cứu của các chuyên gia dinh dưỡng, Cr và một số nguyên tố quý hiếm khác có tác dụng tích cực trong việc thúc đẩy tiêu hóa, kích thích vị giác, tăng cường khả năng chuyển hóa cũng như hấp thụ các chất dinh dưỡng. Qua đó giúp người bệnh ăn uống ngon miệng và có một sức khỏe tốt hơn.</p><br>\r\n<h2 class=\"text-danger\">4- Tốt cho hệ thần kinh, cải thiện trí nhớ.</h2>\r\n<p>–Đây là một trong những công dụng được đánh giá cao của yến sào đối với hệ thần kinh. Một phần là nhờ một số vi chất dinh dưỡng chứa trong tổ yến như Mn, Cu, Zn, Br có tác dụng an thần, xoa dịu căng thẳng thần kinh, giúp bộ não hoạt động hiệu quả và nhạy bén tốt hơn.</p><br>\r\n<img src=\"img/yen-to-tinh-che-50gr0363_530x530.webp\" alt=\"yen-to-tinh-che\" title=\"Yến tôt tinh chế.\" style=\"text-align:center\">\r\n<h2 class=\"text-danger\">5. Tăng cường hệ miễn dịch</h2>\r\n<p>– Nhờ việc chứa sẵn trong mình 18 loại axit amin cùng nhiều vitamin và khoáng chất thiết yếu, nếu ăn yến sào thường xuyên sẽ giúp tăng cường hệ miễn dịch, nâng cao hiệu quả sức đề kháng. Qua đó cơ thể sẽ phòng chống lại các tác nhân gây hại cho sức khỏe, ngăn ngừa được nguy cơ bị bệnh tật.</p><br>\r\n<h2 class=\"text-danger\">6. Bổ huyết</h2>\r\n\r\n<p>- Công dụng bổ huyết từ yến sào cũng là một trong những lợi ích mà được nhiều người biết đến. Việc ăn yến sào có thể giúp làm tăng lưu lượng máu trong cơ thể nhờ chứa nhiều Protein và Fe.</p>\r\n<p>– Đây là hai dưỡng chất quan trọng tham gia vào quá trình tái tạo tế bào hồng cầu, tạo máu cho cơ thể. Sắt cũng là vật liệu để cơ thể tổng hợp hemoglobin giúp tăng khả năng vận chuyển oxy cung cấp cho các tế bào hoạt động tốt hơn.</p><br>\r\n<h2 class=\"text-danger\">7.  Kích thích sự phát triển đối với trẻ nhỏ</h2>\r\n</li>\r\n<p>– Trẻ nhỏ có nhu cầu dinh dưỡng rất lớn để phát triển toàn diện về thể chất cũng như trí tuệ. Tổ yến là một trong ít những thực phẩm có thể đáp ứng được phần lớn nhu cầu dưỡng chất hàng ngày để bé khỏe mạnh và có đủ năng lượng học tập, vui chơi.</p><br>\r\n<h2 class=\"text-danger\">7.  Kích thích sự phát triển đối với trẻ nhỏ</h2>\r\n\r\n<p>– Yến sào cũng có tác dụng tích cực trong việc thanh lọc máu, hỗ trợ gan đào thải độc tố. Đặc biệt, những người thường xuyên sử dụng bia rượu và hút thuốc lá thì nên ăn yến sào để bảo vệ các tế bào gan.</p>\r\n\r\n<p>– Ngoài ra, chúng tôi sẽ sử dụng thông tin quý khách cung cấp để hỗ trợ quản lý tài khoản khách hàng; xác nhận và thực hiện các giao dịch tài chính liên quan đến các khoản thanh toán trực tuyến của quý khách.</p>\r\n<p>- Trên thực tế, nhiều phụ huynh thường cho con ăn yến sào để con có được sự phát triển vượt trội so với các bạn cùng lứa tuổi.</p></ul><br>\r\n  <h2 class=\"text-danger\">8.Lợi ích cho gan</h2>                              \r\n    <li>- Chúng tôi có thể chia sẻ tên, số điện thoại và địa chỉ của quý khách cho dịch vụ chuyển phát nhanh để có thể giao hàng cho quý khách. Khi quý khách đăng ký làm thành viên trên trang web https://salanest.com/ chúng tôi cũng sẽ sử dụng thông tin cá nhân của quý khách để gửi các thông tin khuyến mãi/tiếp thị. Quý khách có thể hủy nhận các thông tin đó bất kỳ lúc nào bằng cách sử dụng chức năng hủy đăng ký trong các thông báo quảng cáo.</li><br>\r\n  <h2 class=\"text-danger\">9.Có ích cho hệ xương khớp</h2>\r\n\r\n<p> Ngoài protein hay axit amin, yến sào còn cung cấp nhiều canxi và Phenylalanine. Những chất này còn giúp hệ xương khớp phát triển toàn diện và chắc khỏe. Qua đó giảm thiểu được nguy cơ mắc các bệnh lý về xương khớp như loãng xương, thoái hóa khớp, viêm khớp.</p>\r\n<p>Bên cạnh đó, yến sào còn chứa glucosamine- một chất đóng vai trò quan trọng trong quá trình tái tạo, phục hồi tổn thương ở sụn, giúp xương khớp luôn vận hành trơn tru.</p><br>\r\n\r\n<h3 class=\"text-danger\">* Một vài lưu ý khi sử dụng yến sào.</h3>\r\n<p>Trước khi sử dụng yến sào, bạn cũng cần lưu ý quá trình làm sạch yến để tránh làm hao hụt chất dinh dưỡng có trong nó. Trong quá trình làm sạch lông yến sào nên tránh không ngâm yến vào nước nóng vì nó sẽ làm tan yến và mất đi các thành phần dinh dưỡng trong yến sào.</p>\r\n<p>Nhiều bạn vẫn nhầm lẫn rằng nếu rửa yến sào bằng các chất như cồn, rượu hay dầu ăn,.. sẽ giúp làm sạch yến. Tuy nhiên bạn không nên sử dụng những chất tẩy rửa vì nó sẽ làm mất hẳn đi hương vị của yến. Cách tốt nhất để rửa sạch là chỉ cần dùng nước sạch.</p>\r\n<p>Đối với việc bảo quản yến sáo, không nên bảo quản quá lâu vì có thể dẫn đến hiện trạng nấm mốc, biến chất gây ảnh hưởng đến sức khỏe của người sử dụng. Nếu bạn mua yến sào mà vẫn chưa sử dụng ngay thì sau khi làm sạch yến bạn nên vắt khô rồi bỏ vào ngăn mát của tủ lạnh, thời gian bảo quan tối đa là 1 tuần. Không nên phơi yến sào ngoài nắng vì nó sẽ làm mất đi các chất dinh dưỡng thiết yếu có sẵn trong nó.</p>\r\n<h3 class=\"text-danger\">* Yến sào có mấy loại?.</h3>\r\n<p>Trên thực tế yến sào có rất nhiều loại, lý do là bởi xuất xứ và điều kiện khí hậu môi trường xung quanh tổ chim. Chính vì thế mà yến sào được phân chia theo rất nhiều tiêu chí với giá thành và chất lượng cũng khác nhau.</p>\r\n<img src=\"img/yen-to-tinh-che-50gr0363_530x530.webp\" alt=\"yen-to-tinh-che\" title=\"Yến tôt tinh chế.\" ', '2022-06-12', 1980, 'yen-to-tinh-che-50gr0363_530x530.webp'),
(8, 'QUÁ TRÌNH THANH TOÁN VÀ ĐỔI TRẢ CÔNG TY TIẾN THỊNH PHÁT GROUP.', '-HƯỚNG DẪN PHƯƠNG THỨC THANH TOÁN', '<p>21213</p>', '2022-10-13', 123, '105ffef860.jpg'),
(10, 'CHÍNH SÁCH XỬ LÝ KHIẾU NẠI', 'chính sách khiếu nại.', '<p><span>- Tiếp nhận mọi khiếu nại của kh&aacute;ch h&agrave;ng li&ecirc;n quan đến việc sử dụng dịch vụ của c&ocirc;ng ty.</span></p>\r\n<p><span>- Tất cả mọi trường hơp bảo h&agrave;nh, qu&yacute; kh&aacute;ch c&oacute; thể li&ecirc;n hệ với ch&uacute;ng t&ocirc;i để l&agrave;m thủ tục bảo h&agrave;nh.</span></p>\r\n<p><span>- Thời gian giải quyết khiếu nại trong thời hạn tối đa l&agrave; 03 (ba) ng&agrave;y l&agrave;m việc kể từ khi nhận được khiếu nại của của kh&aacute;ch h&agrave;ng. Trong trường hợp bất khả kh&aacute;ng 2 b&ecirc;n sẽ tự thương lượng.</span></p>', '2022-10-12', 972, 'chinh-sach-giai-quyet-khieu-nai.jpg');

-- --------------------------------------------------------

--
-- Cấu trúc bảng cho bảng `tbl_brand`
--

CREATE TABLE `tbl_brand` (
  `brand_id` int(50) UNSIGNED NOT NULL,
  `brand_name` varchar(255) NOT NULL
) ENGINE=InnoDB DEFAULT CHARSET=utf8mb4;

--
-- Đang đổ dữ liệu cho bảng `tbl_brand`
--

INSERT INTO `tbl_brand` (`brand_id`, `brand_name`) VALUES
(1, 'SALANEST'),
(2, 'GIA BẢO'),
(3, 'HERA NEST'),
(4, 'YẾN TỔ');

-- --------------------------------------------------------

--
-- Cấu trúc bảng cho bảng `tbl_brand_country`
--

CREATE TABLE `tbl_brand_country` (
  `brand_id` int(20) NOT NULL,
  `brand_name` varchar(200) NOT NULL
) ENGINE=InnoDB DEFAULT CHARSET=utf8mb4;

--
-- Đang đổ dữ liệu cho bảng `tbl_brand_country`
--

INSERT INTO `tbl_brand_country` (`brand_id`, `brand_name`) VALUES
(1, 'Ô Long'),
(2, 'Trà Xanh'),
(3, 'Nước yến'),
(4, 'Nước Suối'),
(5, 'Nước Tăng Lực');

-- --------------------------------------------------------

--
-- Cấu trúc bảng cho bảng `tbl_brand_lv2`
--

CREATE TABLE `tbl_brand_lv2` (
  `id` int(11) NOT NULL,
  `brand_id` int(100) NOT NULL,
  `brand_id_lv2` int(11) NOT NULL,
  `brand_name_lv2` varchar(255) NOT NULL
) ENGINE=InnoDB DEFAULT CHARSET=utf8mb4;

--
-- Đang đổ dữ liệu cho bảng `tbl_brand_lv2`
--

INSERT INTO `tbl_brand_lv2` (`id`, `brand_id`, `brand_id_lv2`, `brand_name_lv2`) VALUES
(1, 1, 11, 'Đường Phèn'),
(2, 1, 12, 'Nhân Sâm'),
(3, 1, 13, 'Đông Trùng'),
(4, 1, 15, 'Saffron'),
(5, 1, 18, 'KIDS'),
(6, 2, 21, 'Đường Phèn'),
(7, 2, 22, 'Nhân Sâm'),
(8, 2, 23, 'Đông Trùng'),
(9, 2, 24, 'Hạt Chia'),
(10, 2, 25, 'Không Đường'),
(11, 2, 26, 'Táo Đỏ'),
(12, 2, 27, 'Saffron'),
(13, 3, 31, 'Đường Phèn'),
(14, 3, 32, 'Nhân Sâm'),
(15, 3, 33, 'Đông Trùng'),
(16, 3, 34, 'Hạt Chia'),
(17, 3, 35, 'Không Đường'),
(18, 3, 36, 'Táo Đỏ'),
(19, 3, 37, 'Saffron'),
(20, 4, 41, 'Yến Tinh Chế'),
(21, 4, 42, 'Yến Rút Long'),
(22, 4, 43, 'Yến Thô'),
(23, 4, 44, 'Chân Yến Tinh Chế'),
(24, 4, 45, 'Chân Yến Thô'),
(25, 4, 46, 'Hồng Yến Thô');

-- --------------------------------------------------------

--
-- Cấu trúc bảng cho bảng `tbl_cart`
--

CREATE TABLE `tbl_cart` (
  `cartId` int(11) NOT NULL,
  `productId` int(11) UNSIGNED NOT NULL,
  `sessionId` varchar(255) NOT NULL,
  `productName` varchar(255) NOT NULL,
  `price` varchar(255) NOT NULL,
  `quantity` int(11) NOT NULL,
  `img` varchar(255) NOT NULL
) ENGINE=InnoDB DEFAULT CHARSET=utf8mb4;

-- --------------------------------------------------------

--
-- Cấu trúc bảng cho bảng `tbl_category`
--

CREATE TABLE `tbl_category` (
  `category_id` int(11) UNSIGNED NOT NULL,
  `category_name` varchar(50) NOT NULL
) ENGINE=InnoDB DEFAULT CHARSET=utf8;

--
-- Đang đổ dữ liệu cho bảng `tbl_category`
--

INSERT INTO `tbl_category` (`category_id`, `category_name`) VALUES
(1, 'Yến sào chưng đường phèn'),
(8, 'Yến chưng KID'),
(2, 'Yến chưng nhân sâm'),
(3, 'Yến chưng đông trùng hạ thảo'),
(7, 'Yến chưng Saffron'),
(4, 'Yến chưng hạt chia'),
(5, 'Yến chưng không đường'),
(6, 'Yến sào Táo Đỏ'),
(9, 'Yến Tinh Chế'),
(10, 'Yến Rút Lông'),
(11, 'Yến Thô'),
(12, 'Chân Yến Tinh Chế'),
(13, 'Chân Yến Thô'),
(14, 'Hồng Yến Thô');

-- --------------------------------------------------------

--
-- Cấu trúc bảng cho bảng `tbl_contact`
--

CREATE TABLE `tbl_contact` (
  `contact_id` int(10) NOT NULL,
  `yourname` varchar(255) NOT NULL,
  `tel` varchar(11) NOT NULL,
  `youremail` varchar(255) NOT NULL,
  `message` text NOT NULL
) ENGINE=InnoDB DEFAULT CHARSET=utf8mb4;

-- --------------------------------------------------------

--
-- Cấu trúc bảng cho bảng `tbl_customer`
--

CREATE TABLE `tbl_customer` (
  `id` int(11) UNSIGNED NOT NULL,
  `name` varchar(100) NOT NULL,
  `address` varchar(100) NOT NULL,
  `zipcode` varchar(255) NOT NULL,
  `email` varchar(100) NOT NULL,
  `password` varchar(100) NOT NULL
) ENGINE=InnoDB DEFAULT CHARSET=utf8;

-- --------------------------------------------------------

--
-- Cấu trúc bảng cho bảng `tbl_order`
--

CREATE TABLE `tbl_order` (
  `id` int(11) NOT NULL,
  `productId` int(100) UNSIGNED NOT NULL,
  `productName` varchar(255) NOT NULL,
  `quantity` int(40) NOT NULL,
  `price` varchar(255) NOT NULL,
  `img` varchar(255) NOT NULL,
  `customer_id` int(20) UNSIGNED NOT NULL,
  `status` int(11) NOT NULL DEFAULT 0,
  `date_order` timestamp NOT NULL DEFAULT current_timestamp()
) ENGINE=InnoDB DEFAULT CHARSET=utf8mb4;

-- --------------------------------------------------------

--
-- Cấu trúc bảng cho bảng `tbl_sanpham`
--

CREATE TABLE `tbl_sanpham` (
  `sanpham_id` int(11) UNSIGNED NOT NULL,
  `category_id` int(11) UNSIGNED NOT NULL,
  `brand_id_lv2` varchar(20) NOT NULL,
  `brand_id` int(11) UNSIGNED NOT NULL,
  `sanpham_name` varchar(255) NOT NULL,
  `sanpham_chitiet` text NOT NULL,
  `sanpham_mota` text NOT NULL,
  `sanpham_gia` int(50) NOT NULL,
  `sanpham_giakhuyenmai` int(50) NOT NULL,
  `sanpham_soluong` int(50) NOT NULL,
  `hinh` varchar(255) NOT NULL
) ENGINE=InnoDB DEFAULT CHARSET=utf8mb4;

--
-- Đang đổ dữ liệu cho bảng `tbl_sanpham`
--

INSERT INTO `tbl_sanpham` (`sanpham_id`, `category_id`, `brand_id_lv2`, `brand_id`, `sanpham_name`, `sanpham_chitiet`, `sanpham_mota`, `sanpham_gia`, `sanpham_giakhuyenmai`, `sanpham_soluong`, `hinh`) VALUES
(1, 1, '21', 2, 'Gia Bảo - Đường Phèn Hộp - Tiết kiệm', '<p>- Nước yến giúp ăn ngon, ngủ ngon,hồi phục sức khỏe nên được doanh nghiệp TIẾN THỊNH PHÁT cho ra đời dòng sản phẩm 6 hũ yến sào nguyên chất hạt chia Yến sào Gia Bảo-Đường Phèn, dinh dưỡng với công dụng tuyệt vời.</p>\n<br>\n<p>Thương hiệu  : Gia Bảo </p><hr>  <p>Sản xuất tại  : Việt Nam</p><hr> <p>Loại sản phẩm :\n  Yến sào</p><hr> <p>Bổ sung : Hạt chia</p><hr> <p>Thành phần    Yến Tươi: 30% ,  Nước tinh khiết: 68%, Đường phèn: 10%, Tảo biển: 2%, Lượng đường : ít đường.</p><hr>\n<p>Thể tích : 420 ml</p><hr>\n<p>Đóng gói  : Hộp.</p><hr>\n<p>Số lượng  : Hộp 6 hũ </p><hr>\n<p class=\"text-danger\">Lưu ý : Không sử dụng sản phẩm khi hết hạn ,nên sử dụng một lần khi mở nắp.</p>\n<br>\n', '<h2 class=\"text-danger\">2 -Cung cấp dinh dưỡng dành cho người bị tiểu đường</h2><br> <p>- Hiện nay trên thị trường có khá nhiều dòng sản phẩm nước yến trong đó phân chia làm hai nhóm chính: nước yến có bổ sung đường và nước yến không đường.</p><br> <p>- Nước yến không đường không chất béo được khuyên dùng cho bệnh nhân tiểu đường bởi chúng giúp kiểm soát lượng đường trong máu, cũng như cải thiện tình trạng bệnh đáng kể.</p><br> <p>Hộp 6 hũ tổ yến chưng sẵn hạt chia HERANEST không đường 420 ml được sản xuất,nhằm giúp người tiểu đường tăng cường sức khỏe,bồi bổ khí huyết và nâng cao sức đề kháng.</p><br> <p>TIẾN THỊNH PHÁT group chuyên sản xuất kinh doanh ngành hàng thực phẩm dinh dưỡng , đặt biệt là mặt hàng nước yến sào HERANEST, Gia Bảo, SALANESST,là sản phẩm phù hợp cho mọi đối tượng, giúp tăng cường sức khỏe,giảm mệt mỏi,chống lão hóa,tăng sức đề kháng.Với phương pháp chế biến cổ truyền trên dây chuyền đạt chuẩn an toàn thực phẩm,chora sản phẩm chất lượng cao.</p>', 239000, 230000, 20, 'yen-sao-gia-bao-duong-phen-10.webp'),
(2, 1, '21', 2, 'Gia Bảo - Đường Phèn - 6 Hũ', '<p>- Nước yến giúp ăn ngon, ngủ ngon,hồi phục sức khỏe nên được doanh nghiệp TIẾN THỊNH PHÁT cho ra đời dòng sản phẩm 6 hũ yến sào nguyên chất GIA BẢO -Đường phèn, dinh dưỡng với công dụng tuyệt vời.</p>\r\n<br>\r\n<p>Thương hiệu  : GIA BẢO </p><hr>  <p>Sản xuất tại  : Việt Nam</p><hr> <p>Loại sản phẩm :\r\n  Yến sào</p><hr> <p>Bổ sung : Hạt chia</p><hr> <p>Thành phần    Yến Tươi: 20% ,  Nước tinh khiết: 68%, Đường phèn: 10%, Tảo biển: 2%, Lượng đường : ít đường.</p><hr>\r\n<p>Thể tích : 420ml</p><hr>\r\n<p>Đóng gói  : Hộp.</p><hr>\r\n<p>Số lượng  : Hộp 6 hũ </p><hr>\r\n<p class=\"text-danger\">Lưu ý : Không sử dụng sản phẩm khi hết hạn ,nên sử dụng một lần khi mở nắp.</p>\r\n<br>\r\n', '<h2 class=\"text-danger\">2 -Cung cấp dinh dưỡng dành cho người bị tiểu đường</h2><br> <p>- Hiện nay trên thị trường có khá nhiều dòng sản phẩm nước yến trong đó phân chia làm hai nhóm chính: nước yến có bổ sung đường và nước yến không đường.</p><br> <p>- Nước yến không đường không chất béo được khuyên dùng cho bệnh nhân tiểu đường bởi chúng giúp kiểm soát lượng đường trong máu, cũng như cải thiện tình trạng bệnh đáng kể.</p><br> <p>Hộp 6 hũ tổ yến chưng sẵn Gia Bảo - Đường Phèn không đường 420 ml được sản xuất,nhằm giúp người tiểu đường tăng cường sức khỏe,bồi bổ khí huyết và nâng cao sức đề kháng.</p><br> <p>TIẾN THỊNH PHÁT group chuyên sản xuất kinh doanh ngành hàng thực phẩm dinh dưỡng , đặt biệt là mặt hàng nước yến sào HERANEST, Gia Bảo, SALANESST,là sản phẩm phù hợp cho mọi đối tượng, giúp tăng cường sức khỏe,giảm mệt mỏi,chống lão hóa,tăng sức đề kháng.Với phương pháp chế biến cổ truyền trên dây chuyền đạt chuẩn an toàn thực phẩm,chora sản phẩm chất lượng cao.</p>', 239000, 230000, 20, 'yen-sao-gia-bao-duong-phen-3.webp'),
(302, 7, '27', 2, 'Gia Bảo - Saffron - 6 Hũ', '<p>- Nước yến giúp ăn ngon, ngủ ngon,hồi phục sức khỏe nên được doanh nghiệp TIẾN THỊNH PHÁT cho ra đời dòng sản phẩm 6 hũ yến sào nguyên chất HERANEST - Táo Đỏ, dinh dưỡng với công dụng tuyệt vời.</p>\r\n<br>\r\n<p>Thương hiệu  : HERANEST - Táo Đỏ </p><hr>  <p>Sản xuất tại  : Việt Nam</p><hr> <p>Loại sản phẩm :\r\n  Yến sào</p><hr> <p>Bổ sung : Hạt chia</p><hr> <p>Thành phần    Yến Tươi: 35% ,Hạt chia: 10%,  Nước tinh khiết: 68%, Đường phèn: 10%, Tảo biển: 2%, Lượng đường : Không đường.</p><hr>\r\n<p>Thể tích : 420ml</p><hr>\r\n<p>Đóng gói  : Hộp.</p><hr>\r\n<p>Số lượng  : Hộp 6 hũ </p><hr>\r\n<p class=\"text-danger\">Lưu ý : Không sử dụng sản phẩm khi hết hạn ,nên sử dụng một lần khi mở nắp.</p>\r\n<br>\r\n', '<h2 class=\"text-danger\">2 -Cung cấp dinh dưỡng dành cho người bị tiểu đường</h2><br> <p>- Hiện nay trên thị trường có khá nhiều dòng sản phẩm nước yến trong đó phân chia làm hai nhóm chính: nước yến có bổ sung đường và nước yến không đường.</p><br> <p>- Nước yến không đường không chất béo được khuyên dùng cho bệnh nhân tiểu đường bởi chúng giúp kiểm soát lượng đường trong máu, cũng như cải thiện tình trạng bệnh đáng kể.</p><br> <p>Hộp 6 hũ tổ yến chưng sẵn HERANEST - Táo Đỏ 420 ml được sản xuất,nhằm giúp người tiểu đường tăng cường sức khỏe,bồi bổ khí huyết và nâng cao sức đề kháng.</p><br> <p>TIẾN THỊNH PHÁT group chuyên sản xuất kinh doanh ngành hàng thực phẩm dinh dưỡng , đặt biệt là mặt hàng nước yến sào HERANEST, Gia Bảo, SALANESST,là sản phẩm phù hợp cho mọi đối tượng, giúp tăng cường sức khỏe,giảm mệt mỏi,chống lão hóa,tăng sức đề kháng.Với phương pháp chế biến cổ truyền trên dây chuyền đạt chuẩn an toàn thực phẩm,chora sản phẩm chất lượng cao.</p>', 264000, 255000, 10, 'saffron_6c_tra.webp'),
(303, 6, '36', 3, 'HERANEST - Táo Đỏ - Hộp lớn.', '<p>- Nước yến giúp ăn ngon, ngủ ngon,hồi phục sức khỏe nên được doanh nghiệp TIẾN THỊNH PHÁT cho ra đời dòng sản phẩm 6 hũ yến sào nguyên chất HERANEST - Táo Đỏ, dinh dưỡng với công dụng tuyệt vời.</p>\r\n<br>\r\n<p>Thương hiệu  : HERANEST - Táo Đỏ </p><hr>  <p>Sản xuất tại  : Việt Nam</p><hr> <p>Loại sản phẩm :\r\n  Yến sào</p><hr> <p>Bổ sung : Hạt chia</p><hr> <p>Thành phần    Yến Tươi: 20% ,Hạt chia: 10%,  Nước tinh khiết: 68%, Đường phèn: 10%, Tảo biển: 2%, Lượng đường : Không đường.</p><hr>\r\n<p>Thể tích : 420ml</p><hr>\r\n<p>Đóng gói  : Hộp.</p><hr>\r\n<p>Số lượng  : Hộp 6 hũ </p><hr>\r\n<p class=\"text-danger\">Lưu ý : Không sử dụng sản phẩm khi hết hạn ,nên sử dụng một lần khi mở nắp.</p>\r\n<br>\r\n', '<h2 class=\"text-danger\">2 -Cung cấp dinh dưỡng dành cho người bị tiểu đường</h2><br> <p>- Hiện nay trên thị trường có khá nhiều dòng sản phẩm nước yến trong đó phân chia làm hai nhóm chính: nước yến có bổ sung đường và nước yến không đường.</p><br> <p>- Nước yến không đường không chất béo được khuyên dùng cho bệnh nhân tiểu đường bởi chúng giúp kiểm soát lượng đường trong máu, cũng như cải thiện tình trạng bệnh đáng kể.</p><br> <p>Hộp 6 hũ tổ yến chưng sẵn HERANEST - Táo Đỏ 420 ml được sản xuất,nhằm giúp người tiểu đường tăng cường sức khỏe,bồi bổ khí huyết và nâng cao sức đề kháng.</p><br> <p>TIẾN THỊNH PHÁT group chuyên sản xuất kinh doanh ngành hàng thực phẩm dinh dưỡng , đặt biệt là mặt hàng nước yến sào HERANEST, Gia Bảo, SALANESST,là sản phẩm phù hợp cho mọi đối tượng, giúp tăng cường sức khỏe,giảm mệt mỏi,chống lão hóa,tăng sức đề kháng.Với phương pháp chế biến cổ truyền trên dây chuyền đạt chuẩn an toàn thực phẩm,chora sản phẩm chất lượng cao.</p>', 264000, 255000, 10, 'taodo_front_tra.webp'),
(306, 3, '33', 3, 'HERANEST - Đông Trùng - Hộp lớn.', '<p>- Nước yến giúp ăn ngon, ngủ ngon,hồi phục sức khỏe nên được doanh nghiệp TIẾN THỊNH PHÁT cho ra đời dòng sản phẩm 6 hũ yến sào nguyên chất HERANEST - Đông Trùng, dinh dưỡng với công dụng tuyệt vời.</p>\r\n<br>\r\n<p>Thương hiệu  : HERANEST - Đông Trùng </p><hr>  <p>Sản xuất tại  : Việt Nam</p><hr> <p>Loại sản phẩm :\r\n  Yến sào</p><hr> <p>Bổ sung : Hạt chia</p><hr> <p>Thành phần    Yến Tươi: 35% ,Hạt chia: 10%,  Nước tinh khiết: 68%, Đường phèn: 10%, Tảo biển: 2%, Lượng đường : Không đường.</p><hr>\r\n<p>Thể tích : 420ml</p><hr>\r\n<p>Đóng gói  : Hộp.</p><hr>\r\n<p>Số lượng  : Hộp 6 hũ </p><hr>\r\n<p class=\"text-danger\">Lưu ý : Không sử dụng sản phẩm khi hết hạn ,nên sử dụng một lần khi mở nắp.</p>\r\n<br>\r\n', '<h2 class=\"text-danger\">2 -Cung cấp dinh dưỡng dành cho người bị tiểu đường</h2><br> <p>- Hiện nay trên thị trường có khá nhiều dòng sản phẩm nước yến trong đó phân chia làm hai nhóm chính: nước yến có bổ sung đường và nước yến không đường.</p><br> <p>- Nước yến không đường không chất béo được khuyên dùng cho bệnh nhân tiểu đường bởi chúng giúp kiểm soát lượng đường trong máu, cũng như cải thiện tình trạng bệnh đáng kể.</p><br> <p>Hộp 6 hũ tổ yến chưng sẵn HERANEST - Đông Trùng 420 ml được sản xuất,nhằm giúp người tiểu đường tăng cường sức khỏe,bồi bổ khí huyết và nâng cao sức đề kháng.</p><br> <p>TIẾN THỊNH PHÁT group chuyên sản xuất kinh doanh ngành hàng thực phẩm dinh dưỡng , đặt biệt là mặt hàng nước yến sào HERANEST, Gia Bảo, SALANESST,là sản phẩm phù hợp cho mọi đối tượng, giúp tăng cường sức khỏe,giảm mệt mỏi,chống lão hóa,tăng sức đề kháng.Với phương pháp chế biến cổ truyền trên dây chuyền đạt chuẩn an toàn thực phẩm,chora sản phẩm chất lượng cao.</p>', 269000, 260000, 10, 'dongtrung_right_tra.webp'),
(203, 2, '32', 3, 'HERANEST -Nhân Sâm - 6 Hũ.', '<p>- Nước yến giúp ăn ngon, ngủ ngon,hồi phục sức khỏe nên được doanh nghiệp TIẾN THỊNH PHÁT cho ra đời dòng sản phẩm 6 hũ yến sào nguyên chất HERANEST -Nhân Sâm, dinh dưỡng với công dụng tuyệt vời.</p>\r\n<br>\r\n<p>Thương hiệu  : HERANEST -Nhân Sâm </p><hr>  <p>Sản xuất tại  : Việt Nam</p><hr> <p>Loại sản phẩm :\r\n  Yến sào</p><hr> <p>Bổ sung : Nhân sâm </p><hr> <p>Thành phần    Yến Tươi: 30% ,Hạt chia: 10%,  Nước tinh khiết: 68%, Đường phèn: 10%, Tảo biển: 2%, Lượng đường : Không đường.</p><hr>\r\n<p>Thể tích : 420ml</p><hr>\r\n<p>Đóng gói  : Hộp.</p><hr>\r\n<p>Số lượng  : Hộp 6 hũ </p><hr>\r\n<p class=\"text-danger\">Lưu ý : Không sử dụng sản phẩm khi hết hạn ,nên sử dụng một lần khi mở nắp.</p>\r\n<br>\r\n', '<h2 class=\"text-danger\">2 -Cung cấp dinh dưỡng dành cho người bị tiểu đường</h2><br> <p>- Hiện nay trên thị trường có khá nhiều dòng sản phẩm nước yến trong đó phân chia làm hai nhóm chính: nước yến có bổ sung đường và nước yến không đường.</p><br> <p>- Nước yến không đường không chất béo được khuyên dùng cho bệnh nhân tiểu đường bởi chúng giúp kiểm soát lượng đường trong máu, cũng như cải thiện tình trạng bệnh đáng kể.</p><br> <p>Hộp 6 hũ tổ yến chưng sẵn HERANEST -Nhân Sâm 420 ml được sản xuất,nhằm giúp người tiểu đường tăng cường sức khỏe,bồi bổ khí huyết và nâng cao sức đề kháng.</p><br> <p>TIẾN THỊNH PHÁT group chuyên sản xuất kinh doanh ngành hàng thực phẩm dinh dưỡng , đặt biệt là mặt hàng nước yến sào HERANEST, Gia Bảo, SALANESST,là sản phẩm phù hợp cho mọi đối tượng, giúp tăng cường sức khỏe,giảm mệt mỏi,chống lão hóa,tăng sức đề kháng.Với phương pháp chế biến cổ truyền trên dây chuyền đạt chuẩn an toàn thực phẩm,chora sản phẩm chất lượng cao.</p>', 269000, 260000, 20, 'nhansam_front_tra.webp'),
(304, 3, '33', 3, 'HERANEST - Đông Trùng- Hộp lớn.', '<p>- Nước yến giúp ăn ngon, ngủ ngon,hồi phục sức khỏe nên được doanh nghiệp TIẾN THỊNH PHÁT cho ra đời dòng sản phẩm 6 hũ yến sào nguyên chất HERANEST - Đông Trùng, dinh dưỡng với công dụng tuyệt vời.</p>\n<br>\n<p>Thương hiệu  : HERANEST - Đông Trùng </p><hr>  <p>Sản xuất tại  : Việt Nam</p><hr> <p>Loại sản phẩm :\n  Yến sào</p><hr> <p>Bổ sung : Hạt chia</p><hr> <p>Thành phần    Yến Tươi: 20% ,Hạt chia: 10%,  Nước tinh khiết: 68%, Đường phèn: 10%, Tảo biển: 2%, Lượng đường : Không đường.</p><hr>\n<p>Thể tích : 420ml</p><hr>\n<p>Đóng gói  : Hộp.</p><hr>\n<p>Số lượng  : Hộp 6 hũ </p><hr>\n<p class=\"text-danger\">Lưu ý : Không sử dụng sản phẩm khi hết hạn ,nên sử dụng một lần khi mở nắp.</p>\n<br>\n', '<h2 class=\"text-danger\">2 -Cung cấp dinh dưỡng dành cho người bị tiểu đường</h2><br> <p>- Hiện nay trên thị trường có khá nhiều dòng sản phẩm nước yến trong đó phân chia làm hai nhóm chính: nước yến có bổ sung đường và nước yến không đường.</p><br> <p>- Nước yến không đường không chất béo được khuyên dùng cho bệnh nhân tiểu đường bởi chúng giúp kiểm soát lượng đường trong máu, cũng như cải thiện tình trạng bệnh đáng kể.</p><br> <p>Hộp 6 hũ tổ yến chưng sẵn HERANEST - Đông Trùng không đường 420 ml được sản xuất,nhằm giúp người tiểu đường tăng cường sức khỏe,bồi bổ khí huyết và nâng cao sức đề kháng.</p><br> <p>TIẾN THỊNH PHÁT group chuyên sản xuất kinh doanh ngành hàng thực phẩm dinh dưỡng , đặt biệt là mặt hàng nước yến sào HERANEST, Gia Bảo, SALANESST,là sản phẩm phù hợp cho mọi đối tượng, giúp tăng cường sức khỏe,giảm mệt mỏi,chống lão hóa,tăng sức đề kháng.Với phương pháp chế biến cổ truyền trên dây chuyền đạt chuẩn an toàn thực phẩm,chora sản phẩm chất lượng cao.</p>', 269000, 260000, 10, 'dongtrung_front_tra.webp'),
(3, 1, '31', 3, 'HERANEST - Đường Phèn - 6 hũ .', '<p>- Nước yến giúp ăn ngon, ngủ ngon,hồi phục sức khỏe nên được doanh nghiệp TIẾN THỊNH PHÁT cho ra đời dòng sản phẩm 6 hũ yến sào nguyên chất HERANEST - Đường Phèn, dinh dưỡng với công dụng tuyệt vời.</p>\r\n<br>\r\n<p>Thương hiệu  : HERANEST - Đường Phèn </p><hr>  <p>Sản xuất tại  : Việt Nam</p><hr> <p>Loại sản phẩm :\r\n  Yến sào</p><hr> <p>Bổ sung : Hạt chia</p><hr> <p>Thành phần    Yến Tươi: 20% ,Hạt chia: 10%,  Nước tinh khiết: 68%, Đường phèn: 10%, Tảo biển: 2%, Lượng đường : Không đường.</p><hr>\r\n<p>Thể tích : 420ml</p><hr>\r\n<p>Đóng gói  : Hộp.</p><hr>\r\n<p>Số lượng  : Hộp 6 hũ </p><hr>\r\n<p class=\"text-danger\">Lưu ý : Không sử dụng sản phẩm khi hết hạn ,nên sử dụng một lần khi mở nắp.</p>\r\n<br>\r\n', '<h2 class=\"text-danger\">2 -Cung cấp dinh dưỡng dành cho người bị tiểu đường</h2><br> <p>- Hiện nay trên thị trường có khá nhiều dòng sản phẩm nước yến trong đó phân chia làm hai nhóm chính: nước yến có bổ sung đường và nước yến không đường.</p><br> <p>- Nước yến không đường không chất béo được khuyên dùng cho bệnh nhân tiểu đường bởi chúng giúp kiểm soát lượng đường trong máu, cũng như cải thiện tình trạng bệnh đáng kể.</p><br> <p>Hộp 6 hũ tổ yến chưng sẵn HERANEST - Đường Phèn 420 ml được sản xuất,nhằm giúp người tiểu đường tăng cường sức khỏe,bồi bổ khí huyết và nâng cao sức đề kháng.</p><br> <p>TIẾN THỊNH PHÁT group chuyên sản xuất kinh doanh ngành hàng thực phẩm dinh dưỡng , đặt biệt là mặt hàng nước yến sào HERANEST, Gia Bảo, SALANESST,là sản phẩm phù hợp cho mọi đối tượng, giúp tăng cường sức khỏe,giảm mệt mỏi,chống lão hóa,tăng sức đề kháng.Với phương pháp chế biến cổ truyền trên dây chuyền đạt chuẩn an toàn thực phẩm,chora sản phẩm chất lượng cao.</p>', 239000, 230000, 10, 'duongphen_6c_tra.webp'),
(4, 1, '31', 3, 'HERANEST - Đường Phèn - 6 hũ .', '<p>- Nước yến giúp ăn ngon, ngủ ngon,hồi phục sức khỏe nên được doanh nghiệp TIẾN THỊNH PHÁT cho ra đời dòng sản phẩm 6 hũ yến sào nguyên chất HERANEST - Đường Phèn, dinh dưỡng với công dụng tuyệt vời.</p>\r\n<br>\r\n<p>Thương hiệu  : HERANEST - Đường Phèn </p><hr>  <p>Sản xuất tại  : Việt Nam</p><hr> <p>Loại sản phẩm :\r\n  Yến sào</p><hr> <p>Bổ sung : Hạt chia</p><hr> <p>Thành phần    Yến Tươi: 20% ,Hạt chia: 10%,  Nước tinh khiết: 68%, Đường phèn: 10%, Tảo biển: 2%, Lượng đường : Không đường.</p><hr>\r\n<p>Thể tích : 420ml</p><hr>\r\n<p>Đóng gói  : Hộp.</p><hr>\r\n<p>Số lượng  : Hộp 6 hũ </p><hr>\r\n<p class=\"text-danger\">Lưu ý : Không sử dụng sản phẩm khi hết hạn ,nên sử dụng một lần khi mở nắp.</p>\r\n<br>\r\n', '<h2 class=\"text-danger\">2 -Cung cấp dinh dưỡng dành cho người bị tiểu đường</h2><br> <p>- Hiện nay trên thị trường có khá nhiều dòng sản phẩm nước yến trong đó phân chia làm hai nhóm chính: nước yến có bổ sung đường và nước yến không đường.</p><br> <p>- Nước yến không đường không chất béo được khuyên dùng cho bệnh nhân tiểu đường bởi chúng giúp kiểm soát lượng đường trong máu, cũng như cải thiện tình trạng bệnh đáng kể.</p><br> <p>Hộp 6 hũ tổ yến chưng sẵn HERANEST - Đường Phèn 420 ml được sản xuất,nhằm giúp người tiểu đường tăng cường sức khỏe,bồi bổ khí huyết và nâng cao sức đề kháng.</p><br> <p>TIẾN THỊNH PHÁT group chuyên sản xuất kinh doanh ngành hàng thực phẩm dinh dưỡng , đặt biệt là mặt hàng nước yến sào HERANEST, Gia Bảo, SALANESST,là sản phẩm phù hợp cho mọi đối tượng, giúp tăng cường sức khỏe,giảm mệt mỏi,chống lão hóa,tăng sức đề kháng.Với phương pháp chế biến cổ truyền trên dây chuyền đạt chuẩn an toàn thực phẩm,chora sản phẩm chất lượng cao.</p>', 255000, 250000, 10, 'duongphen_6c_tra.webp'),
(5, 1, '31', 3, 'HERANEST - Đường Phèn - Hộp lớn.', '<p>- Nước yến giúp ăn ngon, ngủ ngon,hồi phục sức khỏe nên được doanh nghiệp TIẾN THỊNH PHÁT cho ra đời dòng sản phẩm 6 hũ yến sào nguyên chất HERANEST - Đường Phèn, dinh dưỡng với công dụng tuyệt vời.</p>\r\n<br>\r\n<p>Thương hiệu  : HERANEST - Đường Phèn </p><hr>  <p>Sản xuất tại  : Việt Nam</p><hr> <p>Loại sản phẩm :\r\n  Yến sào</p><hr> <p>Bổ sung : Hạt chia</p><hr> <p>Thành phần    Yến Tươi: 20% ,Hạt chia: 10%,  Nước tinh khiết: 68%, Đường phèn: 10%, Tảo biển: 2%, Lượng đường : Không đường.</p><hr>\r\n<p>Thể tích : 420ml</p><hr>\r\n<p>Đóng gói  : Hộp.</p><hr>\r\n<p>Số lượng  : Hộp 6 hũ </p><hr>\r\n<p class=\"text-danger\">Lưu ý : Không sử dụng sản phẩm khi hết hạn ,nên sử dụng một lần khi mở nắp.</p>\r\n<br>\r\n', '<h2 class=\"text-danger\">2 -Cung cấp dinh dưỡng dành cho người bị tiểu đường</h2><br> <p>- Hiện nay trên thị trường có khá nhiều dòng sản phẩm nước yến trong đó phân chia làm hai nhóm chính: nước yến có bổ sung đường và nước yến không đường.</p><br> <p>- Nước yến không đường không chất béo được khuyên dùng cho bệnh nhân tiểu đường bởi chúng giúp kiểm soát lượng đường trong máu, cũng như cải thiện tình trạng bệnh đáng kể.</p><br> <p>Hộp 6 hũ tổ yến chưng sẵn HERANEST - Đường Phèn 420 ml được sản xuất,nhằm giúp người tiểu đường tăng cường sức khỏe,bồi bổ khí huyết và nâng cao sức đề kháng.</p><br> <p>TIẾN THỊNH PHÁT group chuyên sản xuất kinh doanh ngành hàng thực phẩm dinh dưỡng , đặt biệt là mặt hàng nước yến sào HERANEST, Gia Bảo, SALANESST,là sản phẩm phù hợp cho mọi đối tượng, giúp tăng cường sức khỏe,giảm mệt mỏi,chống lão hóa,tăng sức đề kháng.Với phương pháp chế biến cổ truyền trên dây chuyền đạt chuẩn an toàn thực phẩm,chora sản phẩm chất lượng cao.</p>', 255000, 250000, 10, 'duongphen_front_tra.webp'),
(701, 7, '27', 2, 'Gia Bảo - Saffron - Hộp lớn', '<p>- Nước yến giúp ăn ngon, ngủ ngon,hồi phục sức khỏe nên được doanh nghiệp TIẾN THỊNH PHÁT cho ra đời dòng sản phẩm 6 hũ yến sào nguyên chất Gia Bảo - safron, dinh dưỡng với công dụng tuyệt vời.</p>\r\n<br>\r\n<p>Thương hiệu  : Gia Bảo - safron </p><hr>  <p>Sản xuất tại  : Việt Nam</p><hr> <p>Loại sản phẩm :\r\n  Yến sào</p><hr> <p>Bổ sung : Hạt chia</p><hr> <p>Thành phần    Yến Tươi: 20% ,Hạt chia: 10%,  Nước tinh khiết: 68%, Đường phèn: 10%, Tảo biển: 2%, Lượng đường : Không đường.</p><hr>\r\n<p>Thể tích : 420ml</p><hr>\r\n<p>Đóng gói  : Hộp.</p><hr>\r\n<p>Số lượng  : Hộp 6 hũ </p><hr>\r\n<p class=\"text-danger\">Lưu ý : Không sử dụng sản phẩm khi hết hạn ,nên sử dụng một lần khi mở nắp.</p>\r\n<br>\r\n', '<h2 class=\"text-danger\">2 -Cung cấp dinh dưỡng dành cho người bị tiểu đường</h2><br> <p>- Hiện nay trên thị trường có khá nhiều dòng sản phẩm nước yến trong đó phân chia làm hai nhóm chính: nước yến có bổ sung đường và nước yến không đường.</p><br> <p>- Nước yến không đường không chất béo được khuyên dùng cho bệnh nhân tiểu đường bởi chúng giúp kiểm soát lượng đường trong máu, cũng như cải thiện tình trạng bệnh đáng kể.</p><br> <p>Hộp 6 hũ tổ yến chưng sẵn Gia Bảo - safron 420 ml được sản xuất,nhằm giúp người tiểu đường tăng cường sức khỏe,bồi bổ khí huyết và nâng cao sức đề kháng.</p><br> <p>TIẾN THỊNH PHÁT group chuyên sản xuất kinh doanh ngành hàng thực phẩm dinh dưỡng , đặt biệt là mặt hàng nước yến sào HERANEST, Gia Bảo, SALANESST,là sản phẩm phù hợp cho mọi đối tượng, giúp tăng cường sức khỏe,giảm mệt mỏi,chống lão hóa,tăng sức đề kháng.Với phương pháp chế biến cổ truyền trên dây chuyền đạt chuẩn an toàn thực phẩm,chora sản phẩm chất lượng cao.</p>', 269000, 260000, 10, 'saffron_front_tra.webp'),
(401, 4, '34', 3, 'HERANEST - Hạt Chia - 6 hũ .', '<p>- Nước yến giúp ăn ngon, ngủ ngon,hồi phục sức khỏe nên được doanh nghiệp TIẾN THỊNH PHÁT cho ra đời dòng sản phẩm 6 hũ yến sào nguyên chất HERANEST - Hạt Chia, dinh dưỡng với công dụng tuyệt vời.</p>\r\n<br>\r\n<p>Thương hiệu  : HERANEST - Hạt Chia </p><hr>  <p>Sản xuất tại  : Việt Nam</p><hr> <p>Loại sản phẩm :\r\n  Yến sào</p><hr> <p>Bổ sung : Hạt chia</p><hr> <p>Thành phần    Yến Tươi: 20% ,Hạt chia: 10%,  Nước tinh khiết: 68%, Đường phèn: 10%, Tảo biển: 2%, Lượng đường : Không đường.</p><hr>\r\n<p>Thể tích : 420ml</p><hr>\r\n<p>Đóng gói  : Hộp.</p><hr>\r\n<p>Số lượng  : Hộp 6 hũ </p><hr>\r\n<p class=\"text-danger\">Lưu ý : Không sử dụng sản phẩm khi hết hạn ,nên sử dụng một lần khi mở nắp.</p>\r\n<br>\r\n', '<h2 class=\"text-danger\">2 -Cung cấp dinh dưỡng dành cho người bị tiểu đường</h2><br> <p>- Hiện nay trên thị trường có khá nhiều dòng sản phẩm nước yến trong đó phân chia làm hai nhóm chính: nước yến có bổ sung đường và nước yến không đường.</p><br> <p>- Nước yến không đường không chất béo được khuyên dùng cho bệnh nhân tiểu đường bởi chúng giúp kiểm soát lượng đường trong máu, cũng như cải thiện tình trạng bệnh đáng kể.</p><br> <p>Hộp 6 hũ tổ yến chưng sẵn HERANEST - Hạt Chia 420 ml được sản xuất,nhằm giúp người tiểu đường tăng cường sức khỏe,bồi bổ khí huyết và nâng cao sức đề kháng.</p><br> <p>TIẾN THỊNH PHÁT group chuyên sản xuất kinh doanh ngành hàng thực phẩm dinh dưỡng , đặt biệt là mặt hàng nước yến sào HERANEST, Gia Bảo, SALANESST,là sản phẩm phù hợp cho mọi đối tượng, giúp tăng cường sức khỏe,giảm mệt mỏi,chống lão hóa,tăng sức đề kháng.Với phương pháp chế biến cổ truyền trên dây chuyền đạt chuẩn an toàn thực phẩm,chora sản phẩm chất lượng cao.</p>', 267000, 259000, 99, 'hatchia_front_tra.webp'),
(201, 2, '32', 3, 'HERANEST - Nhân Sâm - 6 hũ .', '<p>- Nước yến giúp ăn ngon, ngủ ngon,hồi phục sức khỏe nên được doanh nghiệp TIẾN THỊNH PHÁT cho ra đời dòng sản phẩm 6 hũ yến sào nguyên chất HERANEST - Nhân Sâm, dinh dưỡng với công dụng tuyệt vời.</p>\r\n<br>\r\n<p>Thương hiệu  : HERANEST - Nhân Sâm </p><hr>  <p>Sản xuất tại  : Việt Nam</p><hr> <p>Loại sản phẩm :\r\n  Yến sào</p><hr> <p>Bổ sung : Hạt chia</p><hr> <p>Thành phần    Yến Tươi: 35% ,Hạt chia: 10%,  Nước tinh khiết: 68%, Đường phèn: 10%, Tảo biển: 2%, Lượng đường : Không đường.</p><hr>\r\n<p>Thể tích : 420ml</p><hr>\r\n<p>Đóng gói  : Hộp.</p><hr>\r\n<p>Số lượng  : Hộp 6 hũ </p><hr>\r\n<p class=\"text-danger\">Lưu ý : Không sử dụng sản phẩm khi hết hạn ,nên sử dụng một lần khi mở nắp.</p>\r\n<br>\r\n', '<h2 class=\"text-danger\">2 -Cung cấp dinh dưỡng dành cho người bị tiểu đường</h2><br> <p>- Hiện nay trên thị trường có khá nhiều dòng sản phẩm nước yến trong đó phân chia làm hai nhóm chính: nước yến có bổ sung đường và nước yến không đường.</p><br> <p>- Nước yến không đường không chất béo được khuyên dùng cho bệnh nhân tiểu đường bởi chúng giúp kiểm soát lượng đường trong máu, cũng như cải thiện tình trạng bệnh đáng kể.</p><br> <p>Hộp 6 hũ tổ yến chưng sẵn HERANEST - Nhân Sâm 420 ml được sản xuất,nhằm giúp người tiểu đường tăng cường sức khỏe,bồi bổ khí huyết và nâng cao sức đề kháng.</p><br> <p>TIẾN THỊNH PHÁT group chuyên sản xuất kinh doanh ngành hàng thực phẩm dinh dưỡng , đặt biệt là mặt hàng nước yến sào HERANEST, Gia Bảo, SALANESST,là sản phẩm phù hợp cho mọi đối tượng, giúp tăng cường sức khỏe,giảm mệt mỏi,chống lão hóa,tăng sức đề kháng.Với phương pháp chế biến cổ truyền trên dây chuyền đạt chuẩn an toàn thực phẩm,chora sản phẩm chất lượng cao.</p>', 271000, 265000, 99, 'nhansam_left_tra.webp'),
(202, 2, '32', 3, 'HERANEST - Nhân Sâm - Hộp lớn .', '<p>- Nước yến giúp ăn ngon, ngủ ngon,hồi phục sức khỏe nên được doanh nghiệp TIẾN THỊNH PHÁT cho ra đời dòng sản phẩm 6 hũ yến sào nguyên chất hạt chia HERANEST, dinh dưỡng với công dụng tuyệt vời.</p>\n<br>\n<p>Thương hiệu  : SALANEST </p><hr>  <p>Sản xuất tại  : Việt Nam</p><hr> <p>Loại sản phẩm :\n  Yến sào</p><hr> <p>Bổ sung : Hạt chia</p><hr> <p>Thành phần    Yến Tươi: 20% ,Hạt chia: 10%,  Nước tinh khiết: 68%, Đường phèn: 10%, Tảo biển: 2%, Lượng đường : Không đường.</p><hr>\n<p>Thể tích : 420ml</p><hr>\n<p>Đóng gói  : Hộp.</p><hr>\n<p>Số lượng  : Hộp 6 hũ </p><hr>\n<p class=\"text-danger\">Lưu ý : Không sử dụng sản phẩm khi hết hạn ,nên sử dụng một lần khi mở nắp.</p>\n<br>\n', '<h2 class=\"text-danger\">2 -Cung cấp dinh dưỡng dành cho người bị tiểu đường</h2><br> <p>- Hiện nay trên thị trường có khá nhiều dòng sản phẩm nước yến trong đó phân chia làm hai nhóm chính: nước yến có bổ sung đường và nước yến không đường.</p><br> <p>- Nước yến không đường không chất béo được khuyên dùng cho bệnh nhân tiểu đường bởi chúng giúp kiểm soát lượng đường trong máu, cũng như cải thiện tình trạng bệnh đáng kể.</p><br> <p>Hộp 6 hũ tổ yến chưng sẵn HERANEST - Nhân Sâm tiểu đường tăng cường sức khỏe,bồi bổ khí huyết và nâng cao sức đề kháng.</p><br> <p>TIẾN THỊNH PHÁT group chuyên sản xuất kinh doanh ngành hàng thực phẩm dinh dưỡng , đặt biệt là mặt hàng nước yến sào HERANEST, Gia Bảo, SALANESST,là sản phẩm phù hợp cho mọi đối tượng, giúp tăng cường sức khỏe,giảm mệt mỏi,chống lão hóa,tăng sức đề kháng.Với phương pháp chế biến cổ truyền trên dây chuyền đạt chuẩn an toàn thực phẩm,chora sản phẩm chất lượng cao.</p>', 271000, 265000, 10, 'nhansam_front_tra.webp'),
(601, 6, '36', 3, 'HERANEST - Táo Đỏ - 6 hũ .', '<p>- Nước yến giúp ăn ngon, ngủ ngon,hồi phục sức khỏe nên được doanh nghiệp TIẾN THỊNH PHÁT cho ra đời dòng sản phẩm 6 hũ yến sào nguyên chất HERANEST - Táo Đỏ, dinh dưỡng với công dụng tuyệt vời.</p>\r\n<br>\r\n<p>Thương hiệu  : HERANEST - Táo Đỏ </p><hr>  <p>Sản xuất tại  : Việt Nam</p><hr> <p>Loại sản phẩm :\r\n  Yến sào</p><hr> <p>Bổ sung : Hạt chia</p><hr> <p>Thành phần    Yến Tươi: 35% ,Hạt chia: 10%,  Nước tinh khiết: 68%, Đường phèn: 10%, Tảo biển: 2%, Lượng đường : Không đường.</p><hr>\r\n<p>Thể tích : 420ml</p><hr>\r\n<p>Đóng gói  : Hộp.</p><hr>\r\n<p>Số lượng  : Hộp 6 hũ </p><hr>\r\n<p class=\"text-danger\">Lưu ý : Không sử dụng sản phẩm khi hết hạn ,nên sử dụng một lần khi mở nắp.</p>\r\n<br>\r\n', '<h2 class=\"text-danger\">2 -Cung cấp dinh dưỡng dành cho người bị tiểu đường</h2><br> <p>- Hiện nay trên thị trường có khá nhiều dòng sản phẩm nước yến trong đó phân chia làm hai nhóm chính: nước yến có bổ sung đường và nước yến không đường.</p><br> <p>- Nước yến không đường không chất béo được khuyên dùng cho bệnh nhân tiểu đường bởi chúng giúp kiểm soát lượng đường trong máu, cũng như cải thiện tình trạng bệnh đáng kể.</p><br> <p>Hộp 6 hũ tổ yến chưng sẵn HERANEST - Táo Đỏ không đường 420 ml được sản xuất,nhằm giúp người tiểu đường tăng cường sức khỏe,bồi bổ khí huyết và nâng cao sức đề kháng.</p><br> <p>TIẾN THỊNH PHÁT group chuyên sản xuất kinh doanh ngành hàng thực phẩm dinh dưỡng , đặt biệt là mặt hàng nước yến sào HERANEST, Gia Bảo, SALANESST,là sản phẩm phù hợp cho mọi đối tượng, giúp tăng cường sức khỏe,giảm mệt mỏi,chống lão hóa,tăng sức đề kháng.Với phương pháp chế biến cổ truyền trên dây chuyền đạt chuẩn an toàn thực phẩm,chora sản phẩm chất lượng cao.</p>', 265000, 255000, 10, 'taodo_6c_tra.webp'),
(602, 6, '36', 3, 'HERANEST - Táo Đỏ - Hộp lớn .', '<p>- Nước yến giúp ăn ngon, ngủ ngon,hồi phục sức khỏe nên được doanh nghiệp TIẾN THỊNH PHÁT cho ra đời dòng sản phẩm 6 hũ yến sào nguyên chất HERANEST - Táo Đỏ, dinh dưỡng với công dụng tuyệt vời.</p>\r\n<br>\r\n<p>Thương hiệu  : HERANEST - Táo Đỏ </p><hr>  <p>Sản xuất tại  : Việt Nam</p><hr> <p>Loại sản phẩm :\r\n  Yến sào</p><hr> <p>Bổ sung : Hạt chia</p><hr> <p>Thành phần    Yến Tươi: 35% ,Hạt chia: 10%,  Nước tinh khiết: 68%, Đường phèn: 10%, Tảo biển: 2%, Lượng đường : Không đường.</p><hr>\r\n<p>Thể tích : 420ml</p><hr>\r\n<p>Đóng gói  : Hộp.</p><hr>\r\n<p>Số lượng  : Hộp 6 hũ </p><hr>\r\n<p class=\"text-danger\">Lưu ý : Không sử dụng sản phẩm khi hết hạn ,nên sử dụng một lần khi mở nắp.</p>\r\n<br>\r\n', '<h2 class=\"text-danger\">2 -Cung cấp dinh dưỡng dành cho người bị tiểu đường</h2><br> <p>- Hiện nay trên thị trường có khá nhiều dòng sản phẩm nước yến trong đó phân chia làm hai nhóm chính: nước yến có bổ sung đường và nước yến không đường.</p><br> <p>- Nước yến không đường không chất béo được khuyên dùng cho bệnh nhân tiểu đường bởi chúng giúp kiểm soát lượng đường trong máu, cũng như cải thiện tình trạng bệnh đáng kể.</p><br> <p>Hộp 6 hũ tổ yến chưng sẵn HERANEST - Táo Đỏ 420 ml được sản xuất,nhằm giúp người tiểu đường tăng cường sức khỏe,bồi bổ khí huyết và nâng cao sức đề kháng.</p><br> <p>TIẾN THỊNH PHÁT group chuyên sản xuất kinh doanh ngành hàng thực phẩm dinh dưỡng , đặt biệt là mặt hàng nước yến sào HERANEST, Gia Bảo, SALANESST,là sản phẩm phù hợp cho mọi đối tượng, giúp tăng cường sức khỏe,giảm mệt mỏi,chống lão hóa,tăng sức đề kháng.Với phương pháp chế biến cổ truyền trên dây chuyền đạt chuẩn an toàn thực phẩm,chora sản phẩm chất lượng cao.</p>', 265000, 255000, 10, 'taodo_front_tra.webp'),
(307, 3, '13', 1, 'SALANEST - Đông Trùng - 6 lọ .', '<p>- Nước yến giúp ăn ngon, ngủ ngon,hồi phục sức khỏe nên được doanh nghiệp TIẾN THỊNH PHÁT cho ra đời dòng sản phẩm 6 hũ yến sào nguyên chất SALANEST - Đông Trùng, dinh dưỡng với công dụng tuyệt vời.</p>\r\n<br>\r\n<p>Thương hiệu  : SALANEST - Đông Trùng </p><hr>  <p>Sản xuất tại  : Việt Nam</p><hr> <p>Loại sản phẩm :\r\n  Yến sào</p><hr> <p>Bổ sung : Hạt chia</p><hr> <p>Thành phần    Yến Tươi: 20% ,Hạt chia: 10%,  Nước tinh khiết: 68%, Đường phèn: 10%, Tảo biển: 2%, Lượng đường : Không đường.</p><hr>\r\n<p>Thể tích : 420ml</p><hr>\r\n<p>Đóng gói  : Hộp.</p><hr>\r\n<p>Số lượng  : Hộp 6 hũ </p><hr>\r\n<p class=\"text-danger\">Lưu ý : Không sử dụng sản phẩm khi hết hạn ,nên sử dụng một lần khi mở nắp.</p>\r\n<br>\r\n', '<h2 class=\"text-danger\">2 -Cung cấp dinh dưỡng dành cho người bị tiểu đường</h2><br> <p>- Hiện nay trên thị trường có khá nhiều dòng sản phẩm nước yến trong đó phân chia làm hai nhóm chính: nước yến có bổ sung đường và nước yến không đường.</p><br> <p>- Nước yến không đường không chất béo được khuyên dùng cho bệnh nhân tiểu đường bởi chúng giúp kiểm soát lượng đường trong máu, cũng như cải thiện tình trạng bệnh đáng kể.</p><br> <p>Hộp 6 hũ tổ yến chưng sẵn SALANEST - Đông Trùng 420 ml được sản xuất,nhằm giúp người tiểu đường tăng cường sức khỏe,bồi bổ khí huyết và nâng cao sức đề kháng.</p><br> <p>TIẾN THỊNH PHÁT group chuyên sản xuất kinh doanh ngành hàng thực phẩm dinh dưỡng , đặt biệt là mặt hàng nước yến sào HERANEST, Gia Bảo, SALANESST,là sản phẩm phù hợp cho mọi đối tượng, giúp tăng cường sức khỏe,giảm mệt mỏi,chống lão hóa,tăng sức đề kháng.Với phương pháp chế biến cổ truyền trên dây chuyền đạt chuẩn an toàn thực phẩm,chora sản phẩm chất lượng cao.</p>', 259000, 250000, 99, 'yen-sao-salanest-dong-trung-7.webp'),
(308, 3, '13', 1, 'SALANEST - Đông Trùng - Hộp Lớn .', '<p>- Nước yến giúp ăn ngon, ngủ ngon,hồi phục sức khỏe nên được doanh nghiệp TIẾN THỊNH PHÁT cho ra đời dòng sản phẩm 6 hũ yến sào nguyên chất hạt chia SALANEST - Đông Trùng, dinh dưỡng với công dụng tuyệt vời.</p>\r\n<br>\r\n<p>Thương hiệu  : SALANEST - Đông Trùng </p><hr>  <p>Sản xuất tại  : Việt Nam</p><hr> <p>Loại sản phẩm :\r\n  Yến sào</p><hr> <p>Bổ sung : Hạt chia</p><hr> <p>Thành phần    Yến Tươi: 20% ,Hạt chia: 10%,  Nước tinh khiết: 68%, Đường phèn: 10%, Tảo biển: 2%, Lượng đường : Không đường.</p><hr>\r\n<p>Thể tích : 420ml</p><hr>\r\n<p>Đóng gói  : Hộp.</p><hr>\r\n<p>Số lượng  : Hộp 6 hũ </p><hr>\r\n<p class=\"text-danger\">Lưu ý : Không sử dụng sản phẩm khi hết hạn ,nên sử dụng một lần khi mở nắp.</p>\r\n<br>\r\n', '<h2 class=\"text-danger\">2 -Cung cấp dinh dưỡng dành cho người bị tiểu đường</h2><br> <p>- Hiện nay trên thị trường có khá nhiều dòng sản phẩm nước yến trong đó phân chia làm hai nhóm chính: nước yến có bổ sung đường và nước yến không đường.</p><br> <p>- Nước yến không đường không chất béo được khuyên dùng cho bệnh nhân tiểu đường bởi chúng giúp kiểm soát lượng đường trong máu, cũng như cải thiện tình trạng bệnh đáng kể.</p><br> <p>Hộp 6 hũ tổ yến chưng sẵn SALANEST - Đông Trùng 420 ml được sản xuất,nhằm giúp người tiểu đường tăng cường sức khỏe,bồi bổ khí huyết và nâng cao sức đề kháng.</p><br> <p>TIẾN THỊNH PHÁT group chuyên sản xuất kinh doanh ngành hàng thực phẩm dinh dưỡng , đặt biệt là mặt hàng nước yến sào HERANEST, Gia Bảo, SALANESST,là sản phẩm phù hợp cho mọi đối tượng, giúp tăng cường sức khỏe,giảm mệt mỏi,chống lão hóa,tăng sức đề kháng.Với phương pháp chế biến cổ truyền trên dây chuyền đạt chuẩn an toàn thực phẩm,chora sản phẩm chất lượng cao.</p>', 259000, 250000, 99, 'yen-sao-salanest-dong-trung-4.webp'),
(309, 3, '13', 1, 'SALANEST - Đông Trùng - 6 lọ .', '<p>- Nước yến giúp ăn ngon, ngủ ngon,hồi phục sức khỏe nên được doanh nghiệp TIẾN THỊNH PHÁT cho ra đời dòng sản phẩm 6 hũ yến sào nguyên chất SALANEST - Đông Trùng, dinh dưỡng với công dụng tuyệt vời.</p>\r\n<br>\r\n<p>Thương hiệu  : SALANEST - Đông Trùng </p><hr>  <p>Sản xuất tại  : Việt Nam</p><hr> <p>Loại sản phẩm :\r\n  Yến sào</p><hr> <p>Bổ sung : Hạt chia</p><hr> <p>Thành phần    Yến Tươi: 20% ,Hạt chia: 10%,  Nước tinh khiết: 68%, Đường phèn: 10%, Tảo biển: 2%, Lượng đường : Không đường.</p><hr>\r\n<p>Thể tích : 420ml</p><hr>\r\n<p>Đóng gói  : Hộp.</p><hr>\r\n<p>Số lượng  : Hộp 6 hũ </p><hr>\r\n<p class=\"text-danger\">Lưu ý : Không sử dụng sản phẩm khi hết hạn ,nên sử dụng một lần khi mở nắp.</p>\r\n<br>\r\n', '<h2 class=\"text-danger\">2 -Cung cấp dinh dưỡng dành cho người bị tiểu đường</h2><br> <p>- Hiện nay trên thị trường có khá nhiều dòng sản phẩm nước yến trong đó phân chia làm hai nhóm chính: nước yến có bổ sung đường và nước yến không đường.</p><br> <p>- Nước yến không đường không chất béo được khuyên dùng cho bệnh nhân tiểu đường bởi chúng giúp kiểm soát lượng đường trong máu, cũng như cải thiện tình trạng bệnh đáng kể.</p><br> <p>Hộp 6 hũ tổ yến chưng sẵn SALANEST - Đông Trùng 420 ml được sản xuất,nhằm giúp người tiểu đường tăng cường sức khỏe,bồi bổ khí huyết và nâng cao sức đề kháng.</p><br> <p>TIẾN THỊNH PHÁT group chuyên sản xuất kinh doanh ngành hàng thực phẩm dinh dưỡng , đặt biệt là mặt hàng nước yến sào HERANEST, Gia Bảo, SALANESST,là sản phẩm phù hợp cho mọi đối tượng, giúp tăng cường sức khỏe,giảm mệt mỏi,chống lão hóa,tăng sức đề kháng.Với phương pháp chế biến cổ truyền trên dây chuyền đạt chuẩn an toàn thực phẩm,chora sản phẩm chất lượng cao.</p>', 259000, 250000, 99, 'yen-sao-salanest-dong-trung-khong-duong-2.webp'),
(6, 1, '11', 1, 'SALANEST - Đường Phèn - 6 lọ.', '<p>- Nước yến giúp ăn ngon, ngủ ngon,hồi phục sức khỏe nên được doanh nghiệp TIẾN THỊNH PHÁT cho ra đời dòng sản phẩm 6 hũ yến sào nguyên chất SALANEST - Đường Phèn, dinh dưỡng với công dụng tuyệt vời.</p>\r\n<br>\r\n<p>Thương hiệu  : SALANEST - Đường Phèn </p><hr>  <p>Sản xuất tại  : Việt Nam</p><hr> <p>Loại sản phẩm :\r\n  Yến sào</p><hr> <p>Bổ sung : Hạt chia</p><hr> <p>Thành phần    Yến Tươi: 20% ,Hạt chia: 10%,  Nước tinh khiết: 68%, Đường phèn: 10%, Tảo biển: 2%, Lượng đường : ít đường.</p><hr>\r\n<p>Thể tích : 420ml</p><hr>\r\n<p>Đóng gói  : Hộp.</p><hr>\r\n<p>Số lượng  : Hộp 6 hũ </p><hr>\r\n<p class=\"text-danger\">Lưu ý : Không sử dụng sản phẩm khi hết hạn ,nên sử dụng một lần khi mở nắp.</p>\r\n<br>\r\n', '<h2 class=\"text-danger\">2 -Cung cấp dinh dưỡng dành cho người bị tiểu đường</h2><br> <p>- Hiện nay trên thị trường có khá nhiều dòng sản phẩm nước yến trong đó phân chia làm hai nhóm chính: nước yến có bổ sung đường và nước yến không đường.</p><br> <p>- Nước yến không đường không chất béo được khuyên dùng cho bệnh nhân tiểu đường bởi chúng giúp kiểm soát lượng đường trong máu, cũng như cải thiện tình trạng bệnh đáng kể.</p><br> <p>Hộp 6 hũ tổ yến chưng sẵn SALANEST - Đường Phèn 420 ml được sản xuất,nhằm giúp người tiểu đường tăng cường sức khỏe,bồi bổ khí huyết và nâng cao sức đề kháng.</p><br> <p>TIẾN THỊNH PHÁT group chuyên sản xuất kinh doanh ngành hàng thực phẩm dinh dưỡng , đặt biệt là mặt hàng nước yến sào HERANEST, Gia Bảo, SALANESST,là sản phẩm phù hợp cho mọi đối tượng, giúp tăng cường sức khỏe,giảm mệt mỏi,chống lão hóa,tăng sức đề kháng.Với phương pháp chế biến cổ truyền trên dây chuyền đạt chuẩn an toàn thực phẩm,chora sản phẩm chất lượng cao.</p>', 229000, 220000, 99, 'yen-sao-salanest-duong-phen-6.webp'),
(7, 1, '11', 1, 'SALANEST - Đường Phèn - Hộp Lớn.', '<p>- Nước yến giúp ăn ngon, ngủ ngon,hồi phục sức khỏe nên được doanh nghiệp TIẾN THỊNH PHÁT cho ra đời dòng sản phẩm 6 hũ yến sào nguyên chất SALANEST - Đường Phèn, dinh dưỡng với công dụng tuyệt vời.</p>\r\n<br>\r\n<p>Thương hiệu  : SALANEST - Đường Phèn </p><hr>  <p>Sản xuất tại  : Việt Nam</p><hr> <p>Loại sản phẩm :\r\n  Yến sào</p><hr> <p>Bổ sung : Hạt chia</p><hr> <p>Thành phần    Yến Tươi: 20% ,Hạt chia: 10%,  Nước tinh khiết: 68%, Đường phèn: 10%, Tảo biển: 2%, Lượng đường : ít đường.</p><hr>\r\n<p>Thể tích : 420ml</p><hr>\r\n<p>Đóng gói  : Hộp.</p><hr>\r\n<p>Số lượng  : Hộp 6 hũ </p><hr>\r\n<p class=\"text-danger\">Lưu ý : Không sử dụng sản phẩm khi hết hạn ,nên sử dụng một lần khi mở nắp.</p>\r\n<br>\r\n', '<h2 class=\"text-danger\">2 -Cung cấp dinh dưỡng dành cho người bị tiểu đường</h2><br> <p>- Hiện nay trên thị trường có khá nhiều dòng sản phẩm nước yến trong đó phân chia làm hai nhóm chính: nước yến có bổ sung đường và nước yến không đường.</p><br> <p>- Nước yến không đường không chất béo được khuyên dùng cho bệnh nhân tiểu đường bởi chúng giúp kiểm soát lượng đường trong máu, cũng như cải thiện tình trạng bệnh đáng kể.</p><br> <p>Hộp 6 hũ tổ yến chưng sẵn SALANEST - Đường Phèn 420 ml được sản xuất,nhằm giúp người tiểu đường tăng cường sức khỏe,bồi bổ khí huyết và nâng cao sức đề kháng.</p><br> <p>TIẾN THỊNH PHÁT group chuyên sản xuất kinh doanh ngành hàng thực phẩm dinh dưỡng , đặt biệt là mặt hàng nước yến sào HERANEST, Gia Bảo, SALANESST,là sản phẩm phù hợp cho mọi đối tượng, giúp tăng cường sức khỏe,giảm mệt mỏi,chống lão hóa,tăng sức đề kháng.Với phương pháp chế biến cổ truyền trên dây chuyền đạt chuẩn an toàn thực phẩm,chora sản phẩm chất lượng cao.</p>', 229000, 220000, 99, 'yen-sao-salanest-duong-phen-7.webp'),
(8, 1, '31', 3, 'HERANEST - Đường Phèn - 1 hũ.', '<p>- Nước yến giúp ăn ngon, ngủ ngon,hồi phục sức khỏe nên được doanh nghiệp TIẾN THỊNH PHÁT cho ra đời dòng sản phẩm 6 hũ yến sào nguyên chất SALANEST - Đường Phèn, dinh dưỡng với công dụng tuyệt vời.</p>\r\n<br>\r\n<p>Thương hiệu  : SALANEST - Đường Phèn </p><hr>  <p>Sản xuất tại  : Việt Nam</p><hr> <p>Loại sản phẩm :\r\n  Yến sào</p><hr> <p>Bổ sung : Hạt chia</p><hr> <p>Thành phần    Yến Tươi: 35% ,Hạt chia: 10%,  Nước tinh khiết: 68%, Đường phèn: 10%, Tảo biển: 2%, Lượng đường : ít đường.</p><hr>\r\n<p>Thể tích : 420ml</p><hr>\r\n<p>Đóng gói  : Hộp.</p><hr>\r\n<p>Số lượng  : Hộp 6 hũ </p><hr>\r\n<p class=\"text-danger\">Lưu ý : Không sử dụng sản phẩm khi hết hạn ,nên sử dụng một lần khi mở nắp.</p>\r\n<br>\r\n', '<h2 class=\"text-danger\">2 -Cung cấp dinh dưỡng dành cho người bị tiểu đường</h2><br> <p>- Hiện nay trên thị trường có khá nhiều dòng sản phẩm nước yến trong đó phân chia làm hai nhóm chính: nước yến có bổ sung đường và nước yến không đường.</p><br> <p>- Nước yến không đường không chất béo được khuyên dùng cho bệnh nhân tiểu đường bởi chúng giúp kiểm soát lượng đường trong máu, cũng như cải thiện tình trạng bệnh đáng kể.</p><br> <p>Hộp 6 hũ tổ yến chưng sẵn HERANEST - Đường Phèn 420 ml được sản xuất,nhằm giúp người tiểu đường tăng cường sức khỏe,bồi bổ khí huyết và nâng cao sức đề kháng.</p><br> <p>TIẾN THỊNH PHÁT group chuyên sản xuất kinh doanh ngành hàng thực phẩm dinh dưỡng , đặt biệt là mặt hàng nước yến sào HERANEST, Gia Bảo, SALANESST,là sản phẩm phù hợp cho mọi đối tượng, giúp tăng cường sức khỏe,giảm mệt mỏi,chống lão hóa,tăng sức đề kháng.Với phương pháp chế biến cổ truyền trên dây chuyền đạt chuẩn an toàn thực phẩm,chora sản phẩm chất lượng cao.</p>', 49000, 40000, 99, 'duongphen_1c_tra.webp'),
(310, 3, '13', 1, 'SALANEST - Đông Trùng - 1 hũ.', '<p>- Nước yến giúp ăn ngon, ngủ ngon,hồi phục sức khỏe nên được doanh nghiệp TIẾN THỊNH PHÁT cho ra đời dòng sản phẩm 6 hũ yến sào nguyên chất SALANEST - Đông Trùng, dinh dưỡng với công dụng tuyệt vời.</p>\n<br>\n<p>Thương hiệu  : SALANEST - Đông Trùng </p><hr>  <p>Sản xuất tại  : Việt Nam</p><hr> <p>Loại sản phẩm :\n  Yến sào</p><hr> <p>Bổ sung : Hạt chia</p><hr> <p>Thành phần    Yến Tươi: 20% ,Hạt chia: 10%,  Nước tinh khiết: 68%, Đường phèn: 10%, Tảo biển: 2%, Lượng đường : Không đường.</p><hr>\n<p>Thể tích : 420ml</p><hr>\n<p>Đóng gói  : Hộp.</p><hr>\n<p>Số lượng  : Hộp 6 hũ </p><hr>\n<p class=\"text-danger\">Lưu ý : Không sử dụng sản phẩm khi hết hạn ,nên sử dụng một lần khi mở nắp.</p>\n<br>\n', '<h2 class=\"text-danger\">2 -Cung cấp dinh dưỡng dành cho người bị tiểu đường</h2><br> <p>- Hiện nay trên thị trường có khá nhiều dòng sản phẩm nước yến trong đó phân chia làm hai nhóm chính: nước yến có bổ sung đường và nước yến không đường.</p><br> <p>- Nước yến không đường không chất béo được khuyên dùng cho bệnh nhân tiểu đường bởi chúng giúp kiểm soát lượng đường trong máu, cũng như cải thiện tình trạng bệnh đáng kể.</p><br> <p>Hộp 6 hũ tổ yến chưng sẵn SALANEST - Đông Trùng 420 ml được sản xuất,nhằm giúp người tiểu đường tăng cường sức khỏe,bồi bổ khí huyết và nâng cao sức đề kháng.</p><br> <p>TIẾN THỊNH PHÁT group chuyên sản xuất kinh doanh ngành hàng thực phẩm dinh dưỡng , đặt biệt là mặt hàng nước yến sào HERANEST, Gia Bảo, SALANESST,là sản phẩm phù hợp cho mọi đối tượng, giúp tăng cường sức khỏe,giảm mệt mỏi,chống lão hóa,tăng sức đề kháng.Với phương pháp chế biến cổ truyền trên dây chuyền đạt chuẩn an toàn thực phẩm,chora sản phẩm chất lượng cao.</p>', 51000, 46000, 99, 'yen-sao-salanest-dong-trung-khong-duong-1.webp'),

(901, 9, '46', 4, 'Hồng Yến Thô - 100gr', '<ul>\r\n<li>\r\n<p><span><em>Hồng Yến Th&ocirc;&nbsp;</em>nguy&ecirc;n tổ 100% được khai th&aacute;c từ thi&ecirc;n nhi&ecirc;n</span></p>\r\n</li>\r\n<li>\r\n<p><span>Tổ yến c&oacute; m&agrave;u hồng do hấp thu kho&aacute;ng chất oxyt sắt từ v&aacute;ch đ&aacute;, 100% yến nguy&ecirc;n chất, kh&ocirc;ng chất nhuộm m&agrave;u, kh&ocirc;ng chất bảo quản v&agrave; chất độn.</span></p>\r\n</li>\r\n<li>\r\n<p><span>Thương hiệu&nbsp; : SALANEST -Hồng Yến Th&ocirc;.</span></p>\r\n</li>\r\n<li>\r\n<p><span>Thể t&iacute;ch : loại 100gr.</span></p>\r\n</li>\r\n<li>\r\n<p><span>Đ&oacute;ng g&oacute;i&nbsp; : Đ&oacute;ng trong hộp nhựa mica trong.</span></p>\r\n</li>\r\n<li>\r\n<p><span>Số lượng&nbsp; : Hộp 1</span></p>\r\n</li>\r\n<li>\r\n<p><span>Hạn sử dụng: 2 năm.</span></p>\r\n</li>\r\n<li>\r\n<p><span style=\"color: #ff0000;\">Lưu &yacute; : Kh&ocirc;ng sử dụng sản phẩm khi hết hạn.</span></p>\r\n</li>\r\n</ul>', '<p><span><span><span>Hồng yến th&ocirc; l&agrave; tổ yến c&ograve;n&nbsp;nguy&ecirc;n vẹn&nbsp;được lấy từ c&aacute;c hang n&uacute;i ngo&agrave;i tự nhi&ecirc;n, v&agrave; chưa qua sơ chế, l&agrave;m sạch. Hồng yến c&oacute; m&agrave;u cam nhưng m&agrave;u sắc c&oacute; thể thay đổi theo chế độ dinh dưỡng khi yến ăn thay đổi từ m&agrave;u vỏ qu&yacute;t đến m&agrave;u v&agrave;ng l&ograve;ng đỏ trứng g&agrave;,&nbsp;m&agrave;u c&agrave;ng đậm th&igrave; gi&aacute; c&agrave;ng cao.</span></span></span></p>\r\n<h2 id=\"1-hong-yen-tho-chia-lam-may-loai-\"><span style=\"color: #ff0000;\">1<em>. Hồng yến th&ocirc;&nbsp;</em>chia l&agrave;m mấy loại&nbsp;?</span></h2>\r\n<p><span><span>Hồng yến rất &iacute;t v&agrave; số lượng chiếm chưa đầy 20% tổng sản lượng tổ yến tr&ecirc;n thị trường thế giới, rất l&agrave; khan hiếm phải kh&ocirc;ng n&agrave;o.&nbsp;<span><em>Hồng yến&nbsp;th&ocirc;</em></span>&nbsp;nguy&ecirc;n tổ&nbsp;c&oacute; 2 loại: nu&ocirc;i nh&agrave; v&agrave; đảo, loại&nbsp;yến tự nhi&ecirc;n từ đảo sẽ c&oacute; gi&aacute; trị cao hơn loại nu&ocirc;i nh&agrave; rất nhiều.</span></span></p>\r\n<h2 id=\"2-hong-yen-tho-co-dac-diem-\"><span><span><span><span>2. Hồng yến th&ocirc; c&oacute; đặc điểm ?</span></span></span></span></h2>\r\n<p><span><span>- M&agrave;u sắc của&nbsp;hồng yến thường c&oacute; m&agrave;u&nbsp;hồng thoạt nh&igrave;n tr&ocirc;ng như 1 c&aacute;i mai r&ugrave;a hồng đẹp mắt. m&agrave;u yến hồng tự nhi&ecirc;n, sắc l&ecirc;n sự tươi s&aacute;ng hơn&nbsp;<span><a title=\"tổ yến th&ocirc; đảo\" href=\"http://thuongdinhyen.com/to-yen-tho.html\"><span>tổ yến th&ocirc;</span></a></span>, m&agrave;u mỡ của sợi yến. m&agrave;u hồng của yến c&oacute; thể đậm hoặc nhạt m&agrave;u c&agrave;ng đạm th&igrave; gi&aacute; trị kinh tế sẽ c&agrave;ng cao</span></span></p>\r\n<p><span><span>- Sợi của tổ yến hồng rất dai, c&oacute; hương thơm đặc trưng nhẹ. Sợi yến ph&iacute;a ngo&agrave;i xếp theo h&igrave;nh song song, ph&iacute;a trong c&ugrave;ng sợi yến xếp như h&igrave;nh mạng nhện, tinh tế v&agrave; đẹp&nbsp;mắt cũng như c&ocirc;ng dụng&nbsp;để bảo vệ con ch&uacute;ng tốt nhất</span></span></p>\r\n<p><span><span>- Độ d&agrave;y của&nbsp;<em>hồng yến th&ocirc;</em>&nbsp;cắt ngang c&oacute; độ d&agrave;y dặn cầm chắc tay m&agrave;u hồng tự nhi&ecirc;n nhất l&agrave; ở giữa tai yến, rất&nbsp;đẹp ph&ugrave; hợp để l&agrave;m qu&agrave; biết.</span></span></p>\r\n<h2 id=\"3-cong-dung-hiem-co-cua-hong-yen-tho\"><span style=\"color: #ff0000;\">3. C&ocirc;ng dụng hiếm c&oacute; của hồng yến th&ocirc;.</span></h2>\r\n<p><span><span>- L&agrave; vị thuốc tự nhi&ecirc;n qu&yacute; nhất thời xa xưa chỉ được d&ugrave;ng cho vua ch&uacute;a, đến nay&nbsp;<em><span>hồng yến th&ocirc;&nbsp;</span></em>vẫn l&agrave; sản phẩm được nhiều kh&aacute;ch h&agrave;ng lựa chọn bởi chất dinh dưỡng trong n&oacute;.</span></span></p>\r\n<p><span><span>- Chứa 50% protein 18 loại acid amin hơn 31 nguy&ecirc;n tố vi lượng gi&uacute;p bổ sung dinh dưỡng ph&ograve;ng ngừa bệnh tật, chống ung thư rất hiệu quả</span></span></p>\r\n<p><span><span>- L&agrave; sức đề kh&aacute;ng tốt nhất để chống lại những t&aacute;c động của m&ocirc;i trường kh&iacute; hậu nguồn nước v&agrave; thực phẩm bẩn Chưa collagen gi&uacute;p tăng nội tiết tố cũng như&nbsp;l&agrave;m đẹp da chống lại những dấu hiệu l&atilde;o h&oacute;a</span></span></p>\r\n<p><span><span>- Phụ nữ c&oacute; thai v&agrave; đang cho con b&uacute;.</span></span></p>\r\n<p><span><span>- Người bị dạn da sau sinh, người b&eacute;o ph&igrave;, l&atilde;o h&oacute;a sớm, sử dụng sẽ rất tốt</span></span></p>\r\n<p><span><span>- Người gi&agrave; bị đau nhức xương khớp, k&eacute;m ăn, mất ngủ, thường xuy&ecirc;n mệt mỏi, k&eacute;m minh mẫn, mất tr&iacute; nhớ.</span></span></p>\r\n<p><span><span>- &nbsp;Người mới ốm dậy, bị suy nhược cơ thể, mắc bệnh nan y, cần phục hồi nhanh</span></span></p>\r\n<p><span><span>- Người bị tiểu đường, huyết &aacute;p, tim mạch.</span></span></p>\r\n<p><span><span>- Trẻ nhỏ hay bị t&aacute;o b&oacute;n, người bị n&oacute;ng trong, mun nhọt.</span></span></p>\r\n<p><span><span>-&nbsp;Nam giới muốn ph&aacute;t triển cơ bắp.</span></span></p>\r\n<p><span><span>-&nbsp;Bổ sung đầy đủ c&aacute;c axit amin, vitamin v&agrave; kho&aacute;ng chất cho cần thiết.</span></span></p>\r\n<h2 id=\"4-huong-dan-su-dung-hong-yen-tho\"><span style=\"color: #ff0000;\">4. Hướng dẫn sử dụng hồng yến th&ocirc;.</span></h2>\r\n<p><span><span>- Yến s&agrave;o thường được coi l&agrave;&nbsp;thực phẩm bổ dưỡng rất tốn cho sức khỏe</span></span></p>\r\n<p><span><span>-&nbsp;Ban đầu ng&acirc;m tổ yến v&agrave;o nước trong khoảng 2 giờ cho nở ra, nhặt bỏ c&aacute;c tạp chất rửa sạch, để r&aacute;o nước</span></span></p>\r\n<p><span><span>- Cho yến v&agrave;o chưng c&aacute;ch thủy với t&aacute;o đỏ, hạt sen,&nbsp;g&agrave; &aacute;c, nh&acirc;n s&acirc;m, bồ c&acirc;u, g&agrave; gi&ograve; hoặc kết&nbsp;hợp chưng đường ph&egrave;n để ăn.</span></span></p>\r\n<h2 id=\"hong-yen-tho-neu-khong-dung-luon-nen-lam-kho-rao-to-yen-roi-bao-quan-lai-vao-tu-lanh-de-yen-that-tuoi-thoi-gian-bao-quan-khoang-10-ngay\"><span style=\"color: #ff0000;\"><em>Hồng yến th&ocirc;</em>&nbsp;nếu kh&ocirc;ng d&ugrave;ng lu&ocirc;n n&ecirc;n l&agrave;m kh&ocirc; r&aacute;o tổ yến rồi bảo quản lại v&agrave;o tủ lạnh để yến thật tươi. Thời gian bảo quản khoảng 10 ng&agrave;y.</span></h2>\r\n<p><span><span>Nếu muốn bảo quản l&acirc;u hơn n&ecirc;n l&agrave;m cho yến thật kh&ocirc;.&nbsp;Tổ yến hồng thi&ecirc;n nhi&ecirc;n kh&aacute;nh h&ograve;a l&agrave; loại yến&nbsp;c&oacute; gi&aacute; trị dinh dưỡng v&agrave; gi&aacute; trị sức khỏe v&ocirc; c&ugrave;ng cao.Trong ẩm thực tự nhi&ecirc;n hiếm c&oacute; sản phẩm n&agrave;o s&aacute;nh kịp với yến hồng. Yến hồng được chia l&agrave;m nhiều loại, theo đ&oacute; tổ yến hồng c&agrave;ng đậm m&agrave;u&nbsp;th&igrave; c&agrave;ng c&oacute; gi&aacute; trị kinh tế cao.</span></span></p>\r\n<p><span><span><br /></span></span></p>', 3190000, 2800000, 99, 'd2cb987d89.jpg'),

(902, 9, '45', 4, 'Chân Yến Thô -100gr', '<p>Yến th&ocirc; rất tốt bởi ch&uacute;ng chưa được xử l&yacute; n&ecirc;n gi&aacute; trị dinh dưỡng lu&ocirc;n đạt 100% v&agrave; đặc biệt ch&uacute;ng rất kh&oacute; l&agrave;m giả. Tuy nhi&ecirc;n, nếu mua tổ yến th&ocirc; th&igrave; rất tốn thời gian ở c&ocirc;ng đoạn r&uacute;t l&ocirc;ng l&agrave;m sạch v&agrave; yến c&oacute; m&ugrave;i tanh nhẹ n&ecirc;n sẽ hơi kh&oacute; ăn nếu kh&ocirc;ng quen.</p>\r\n<p>M&ocirc; Tả :Ch&acirc;n tổ yến l&agrave; phần r&igrave;a hai b&ecirc;n m&eacute;p của tổ chim yến. Khi thu hoạch tổ yến hoặc vận chuyển kh&ocirc;ng cẩn thận l&agrave;m....</p>\r\n<p>Thể t&iacute;ch : loại 100gr.</p>\r\n<p>Đ&oacute;ng g&oacute;i&nbsp; : Đ&oacute;ng trong hộp nhựa mica trong.</p>\r\n<p>Số lượng&nbsp; : Hộp 1 .</p>\r\n<p>Hạn sử dụng: 1 năm .</p>\r\n<p><span style=\"color: #ff0000;\">Lưu &yacute; : Kh&ocirc;ng sử dụng sản phẩm khi hết hạn .</span></p>', '<p><span><span><span style=\"font-size: medium; color: #888888;\">1</span><span style=\"font-size: medium; color: #888888;\">. Ch&acirc;n yến l&agrave; g&igrave;?</span></span></span></p>\r\n<p><span>Chắc hẳn ch&acirc;n yến một kh&aacute;i niệm c&ograve;n mới mẻ v&agrave; mang đầy lầm tưởng với nhiều người, nhưng thực chất đ&acirc;y l&agrave; một bộ phận của tổ yến, với th&agrave;nh phần dưỡng chất kh&ocirc;ng hề k&eacute;m cạnh so với c&aacute;c&nbsp;<span><em>sản phẩm yến sào</em></span>&nbsp;b&igrave;nh thường.</span></p>\r\n<p><span>Ch&acirc;n yến hay c&ograve;n gọi l&agrave; ch&acirc;n của tổ yến l&agrave; bộ phận đế gi&uacute;p cố định tai yến v&agrave;o v&aacute;ch đ&aacute; hay th&agrave;nh nh&agrave;. Nếu như phần tổ yến l&agrave; kết cấu dạng sợi, kết d&iacute;nh th&agrave;nh lớp mỏng th&igrave; ch&acirc;n tổ yến thường l&agrave; một kết cấu kh&aacute; lớn v&agrave; d&agrave;y.</span></p>\r\n<p><span>Đ&acirc;y l&agrave; bộ phận được con chim yến x&acirc;y đầu ti&ecirc;n, b&aacute;m chắc v&agrave;o c&aacute;c v&aacute;ch đ&aacute; hoặc tường, sau khi l&agrave;m xong hai ch&acirc;n tổ th&igrave; chim yến mới k&eacute;o sợi từ ch&acirc;n n&agrave;y sang ch&acirc;n kia để dần h&igrave;nh th&agrave;nh chiếc tổ vững ch&atilde;i.</span></p>\r\n<p><span>Tổ yến s&agrave;o c&oacute; chắc chắn hay kh&ocirc;ng l&agrave; phụ thuộc v&agrave;o ch&acirc;n yến s&agrave;o rất nhiều. Do đ&oacute;, đ&acirc;y l&agrave; phần gi&agrave; nhất của yến, khi sử dụng c&oacute; phần thơm ngon, dai, gi&ograve;n v&agrave; cũng mất nhiều thời gian để sơ chế hơn so với tổ yến th&ocirc;ng thường.</span></p>\r\n<p><span style=\"color: #888888; font-size: medium;\">2. Đặc đi&ecirc;̉m ch&acirc;n yến sào</span></p>\r\n<p><span>Ch&acirc;n yến c&oacute; kết cấu d&agrave;y dạng cục, v&igrave; khi đ&acirc;y l&agrave; phần chim yến phải tiết ra thật nhiều nước bọt để tạo khối kết d&iacute;nh thật chặt v&agrave;o th&agrave;nh v&aacute;ch nhằm đảm bảo rằng tổ kh&ocirc;ng bị rơi rớt trong suốt thời gian chim đẻ v&agrave; ấp trứng.</span></p>\r\n<p><span>V&igrave; đ&acirc;y l&agrave; phần c&oacute; nhiều nước bọt nhất của yến n&ecirc;n khi ch&uacute;ng ta sử dụng th&igrave; ch&acirc;n yến c&oacute; m&ugrave;i thơm dễ chịu,</span></p>\r\n<p><span>gi&ograve;n, dai rất. Ch&acirc;n yến khi ng&acirc;m sẽ nở ra rất nhiều so với tất cả c&aacute;c phần kh&aacute;c của tổ yến n&ecirc;n sẽ tiết kiệm được cho bạn một khoảng chi ph&iacute; lớn nếu mua sử dụng cho cả gia đ&igrave;nh.</span></p>\r\n<p><span>Trong thực tế, mặt h&agrave;ng ch&acirc;n tổ yến kh&ocirc;ng c&oacute; nhiều bởi v&igrave; khi khai th&aacute;c người ta cố gắng v&agrave; hết sức kh&eacute;o l&eacute;o để lấy được nguy&ecirc;n tổ như vậy tổ yến s&agrave;o nguy&ecirc;n vẹn h&igrave;nh h&agrave;i sẽ b&aacute;n được gi&aacute; cao hơn. Chỉ c&oacute; những tổ n&agrave;o m&agrave; b&aacute;m qu&aacute; chắc l&agrave;m cho tổ yến khi lấy ra bị bể g&atilde;y th&igrave; phần ch&acirc;n yến bị s&oacute;t lại người ta mới d&ugrave;ng dụng cụ để lấy ra.</span></p>\r\n<p><span style=\"color: #888888; font-size: medium;\">3. Ch&acirc;n yến s&agrave;o có c&ocirc;ng dụng như t&ocirc;̉ y&ecirc;́n kh&ocirc;ng?</span></p>\r\n<p><span>Th&acirc;̣t ra phần ch&acirc;n yến s&agrave;o cũng c&oacute; th&agrave;nh phần dinh dưỡng như phần&nbsp;<a href=\"https://yensaoantoan.com/products/yen-nguyen-to-tho-thuong-hang\"><span>tổ yến sào th&ocirc;</span></a>&nbsp;vậy thui. Trong ch&acirc;n yến chứa rất nhiều protein, c&aacute;c loại axit amin gi&uacute;p cải thiện t&igrave;nh trạng biếng ăn, suy dinh dưỡng ở b&eacute; c&ugrave;ng với việc nhiều nguy&ecirc;n tố vi lượng qu&yacute; gi&uacute;p tăng trưởng m&ocirc;, cơ, gi&uacute;p cải thiện hệ thống miễn dịch, loại bỏ độc tố dư thừa cũng như duy tr&igrave;, ph&aacute;t triển v&agrave; ho&agrave;n thiện c&aacute;c chức năng của hệ thần kinh b&igrave;nh thường.</span></p>\r\n<p><span>Đ&acirc;y l&agrave; nguồn thực phẩm nhiều đạm, &iacute;t b&eacute;o tốt cho sự ph&aacute;t triển của xương, tăng cường miễn dịch m&agrave; kh&ocirc;ng lo b&eacute;o ph&igrave;.</span></p>\r\n<p><span>Đ&ocirc;́i với những trẻ biếng ăn, c&ograve;i xương nguồn vitamin C, A, nh&oacute;m B c&oacute; trong ch&acirc;n yến d&agrave;nh cho trẻ biếng ăn gi&uacute;p tăng cường sức đề kh&aacute;ng trẻ chống lại bệnh tật, chấm dứt hẳn t&igrave;nh trạng ốm vặt, cảm c&uacute;m hoặc nhức đầu&hellip;</span></p>\r\n<p><span>Với th&agrave;nh phần chứa rất nhiều nguy&ecirc;n tố sắt v&igrave; sắt l&agrave; nguy&ecirc;n tố vi lượng gi&uacute;p hạn chế được t&igrave;nh trạng hoa mắt ch&oacute;ng mặt v&agrave; ph&ograve;ng ngừa c&aacute;c bệnh truyền nhiễm. Ngo&agrave;i ra c&ograve;n gi&uacute;p kh&aacute;ng khuẩn hiệu quả, tăng sức đề kh&aacute;ng v&agrave; hệ miễn dịch.</span></p>\r\n<p><span style=\"color: #888888; font-size: medium;\">4. Một số hạn chế của ch&acirc;n yến so với tổ yến</span></p>\r\n<p><span>Với kết cấu d&agrave;y n&ecirc;n thời gian ng&acirc;m yến sẽ l&acirc;u hơn v&igrave; n&oacute; l&agrave; phần gi&agrave; nhất của tổ yến, chống đỡ trong lượng của cả tổ yến n&ecirc;n rất cứng.</span></p>\r\n<p><span>Ch&acirc;n yến s&agrave;o kh&ocirc;ng c&oacute; sợi d&agrave;i như tổ yến m&agrave; sợi ngắn hơn, nh&igrave;n vẻ b&ecirc;n ngo&agrave;i kh&ocirc;ng được bắt mắt n&ecirc;n chỉ th&iacute;ch hợp mua để sử dụng chứ kh&ocirc;ng th&iacute;ch hợp mua l&agrave;m qu&agrave; tặng.</span></p>', 2790000, 2200000, 99, '08a5d119de.jpg'),
(903, 9, '44', 4, 'Chân Yến Tinh Chế -100gr', '<p>Thương hiệu&nbsp; : SALANEST -Ch&acirc;n Yến Tinh Chế.</p>\r\n<p>M&ocirc; Tả :Kh&ocirc;ng tạo n&ecirc;n dạng sợi như tổ yến. C&oacute; độ tuổi gi&agrave; nhất, h&agrave;m lượng dinh dưỡng cao. Ch&acirc;n yến ăn kh&aacute; gi&ograve;n, nở nhiều, c&oacute; độ dai hơn c&aacute;c phần kh&aacute;c.</p>\r\n<p>Thể t&iacute;ch : loại 100gr.</p>\r\n<p>Đ&oacute;ng g&oacute;i&nbsp; : Đ&oacute;ng trong hộp nhựa mica trong.</p>\r\n<p>Số lượng&nbsp; : Hộp 1 .</p>\r\n<p>Hạn sử dụng: 2-3 năm nơi tho&aacute;ng m&aacute;t, tr&aacute;nh &aacute;nh nắng mặt trời (Tuy nhi&ecirc;n n&ecirc;n sử dụng sớm để được đảm bảo tốt nhất).</p>\r\n<p><span style=\"color: #888888; font-size: small;\">Lưu &yacute; : Kh&ocirc;ng sử dụng sản phẩm khi hết hạn.</span></p>', '<p><span style=\"color: #888888; font-size: medium;\">&nbsp;1 QUY TR&Igrave;NH XỬ L&Yacute;</span></p>\r\n<p><span>&ndash; Ch&acirc;n yến được v&iacute; như &ldquo;nền m&oacute;ng&rdquo; của ng&ocirc;i nh&agrave;. Đ&acirc;y l&agrave; phần được h&igrave;nh th&agrave;nh đầu ti&ecirc;n khi chim yến bắt đầu xưng dậy tổ. N&oacute; c&oacute; dạng sợi, được kết d&iacute;nh bền chặt với nhau th&agrave;nh một khối lớn, d&agrave;y. Do vậy, ch&acirc;n yến l&agrave; phần cực kỳ vững chắc. Bởi v&igrave; đ&acirc;y l&agrave; nơi sinh sống của chim yến non khi mới ch&agrave;o đời đến l&uacute;c trưởng th&agrave;nh.</span></p>\r\n<p>&ndash; Ch&acirc;n yến được thu hoạch từ hệ thống nh&agrave; yến chuy&ecirc;n nghiệp. Sau đ&oacute; được tuyển chọn để loại bỏ những chiếc kh&ocirc;ng to&agrave;n vẹn, sậm m&agrave;u v&agrave; chỉ giữ lại những chiếc chất lượng.</p>\r\n<ul>\r\n<li><span>Quy tr&igrave;nh đảm bảo 100% yến thật, kh&ocirc;ng pha trộn</span></li>\r\n<li><span>Lưu giữ h&agrave;m lượng dinh dưỡng vốn c&oacute; của tổ yến</span></li>\r\n<li><span>M&agrave;u tự nhi&ecirc;n, kh&ocirc;ng tẩy trắng</span></li>\r\n</ul>\r\n<p><span>&ndash; Mặt h&agrave;ng ch&acirc;n tổ yến kh&ocirc;ng c&oacute; nhiều. Bởi v&igrave; khi khai th&aacute;c người ta cố gắng v&agrave; hết sức kh&eacute;o l&eacute;o để lấy được nguy&ecirc;n tổ như vậy tổ yến s&agrave;o nguy&ecirc;n vẹn h&igrave;nh h&agrave;i sẽ b&aacute;n được gi&aacute; cao hơn.</span></p>\r\n<p><span>&ndash; Ch&acirc;n yến tinh chế đ&atilde; được l&agrave;m sạch l&ocirc;ng, loại bỏ c&aacute;c tạp chất. Vẫn giữ được hương vị nồng đậm của tổ yến . Khi chưng l&ecirc;n rất dai v&agrave; gi&ograve;n sựt sựt v&agrave; c&oacute; vị tanh đặc trưng k&iacute;ch th&iacute;ch vị gi&aacute;c khi sử dụng. Đ&acirc;y l&agrave; sản phẩm ph&ugrave; hợp với những kh&aacute;ch h&agrave;ng đặc biệt th&iacute;ch vị nồng đạm của ch&acirc;n yến.</span></p>\r\n<p><span style=\"font-size: medium; color: #888888;\">2. C&Aacute;CH SƠ CHẾ V&Agrave; CHẾ BIẾN</span></p>\r\n<ul>\r\n<li><span><span>Khi sử dụng, đ<span>ể gi&uacute;p chưng ch&acirc;n yến mau ch&iacute;n hơn n&ecirc;n ng&acirc;m ch&acirc;n yến trong khoảng 1-2 tiếng t&ugrave;y theo loại yến v&agrave; độ d&agrave;y mỏng của ch&acirc;n yến, đến khi d&ugrave;ng tay x&eacute; nhỏ ch&acirc;n yến ra th&agrave;nh từng sợi l&agrave; được.</span><span>&nbsp;Sau đ&oacute; chưng c&aacute;ch thủy tr&ecirc;n lửa nhỏ khoảng 20-30 ph&uacute;t cho đến khi sợi yến trở n&ecirc;n trong vắt.</span></span></span></li>\r\n<li><span>C&oacute; thể chưng yến k&egrave;m với đường ph&egrave;n, hạt sen, t&aacute;o đỏ hay long nh&atilde;n&hellip; để yến c&oacute; vị ngọt thanh, thơm ngon hơn v&agrave; khử m&ugrave;i tanh.</span></li>\r\n<li><span>Đối với ch&aacute;o yến, c&aacute;c m&oacute;n soup bạn chỉ cần nấu ch&aacute;o ch&iacute;n v&agrave; chỉ th&ecirc;m yến v&agrave;o khi m&oacute;n ăn đ&atilde; gần ch&iacute;n v&agrave; đun th&ecirc;m 5 ph&uacute;t l&agrave; c&oacute; thể ăn.</span></li>\r\n<li><span>Phần yến đ&atilde; ng&acirc;m kh&ocirc;ng sử dụng hết c&oacute; thể cho v&agrave;o hộp/t&uacute;i zip v&agrave; bảo quản trong tủ đ&ocirc;ng (-5 đến -10 độ C) để sử dụng trong v&ograve;ng 3 th&aacute;ng hoặc tủ m&aacute;t trong 1 tuần.</span></li>\r\n<li><span>Khi cần chế biến, cần r&atilde; đ&ocirc;ng tự nhi&ecirc;n (kh&ocirc;ng r&atilde; đ&ocirc;ng bằng l&ograve; vi s&oacute;ng) v&agrave; chưng c&aacute;ch thuỷ ở nhiệt độ vừa phải để giữ nguy&ecirc;n chất dinh dưỡng, kh&ocirc;ng để s&ocirc;i trực tiếp tr&ecirc;n 100 độ C.</span></li>\r\n</ul>\r\n<div><span style=\"color: #888888; font-size: medium;\">4. LIỀU LƯỢNG SỬ DỤNG THEO ĐỘ TUỔI.</span></div>\r\n<div>&nbsp;</div>\r\n<div><span>Đối tượng :&nbsp;<span>Trẻ em 1-12 tuổi.&nbsp;<span>Mỗi lần ăn :<span>1-3gr/lần .<span>Tần suất:<span>2-3 lần/tuần.</span></span></span></span></span></span></div>\r\n<div><span><span><span><span><span><span>Đối tượng : <span>Trẻ vị th&agrave;nh ni&ecirc;n v&agrave; người lớn</span>.&nbsp;Mỗi lần ăn :<span>3-5gr/lần</span> .Tần suất:<span>2 lần/tuần</span>.</span></span></span></span></span></span></div>\r\n<div><span><span><span><span><span><span>Đối tượng : <span>Phụ nữ mang thai 4-7 th&aacute;ng</span>.&nbsp;Mỗi lần ăn :5gr/lần&nbsp;.Tần suất:2-3 lần/tuần.</span></span></span></span></span></span></div>\r\n<div><span><span><span><span><span><span>Đối tượng :&nbsp;Phụ nữ mang thai 8-9 th&aacute;ng.&nbsp;Mỗi lần ăn :3gr/lần&nbsp;.Tần suất:2-3 lần/tuần.</span></span></span></span></span></span></div>\r\n<div><span><span><span><span><span><span>Đối tượng : <span>Người lớn tuổi</span>.&nbsp;Mỗi lần ăn :3gr-5gr/lần&nbsp;.Tần suất:2-3 lần/tuần.</span></span></span></span></span></span></div>\r\n<div><span><span><span><span><span><span>Đối tượng : <span>Người bệnh</span>.&nbsp;Mỗi lần ăn :5gr/lần&nbsp;.Tần suất:<span>Mỗi ng&agrave;y trong giai đoạn hồi phục sức khoẻ</span>.</span></span></span></span></span></span></div>\r\n<div><span><span><span><span><span><span>Đối tượng : <span>Người b&igrave;nh thường</span>.&nbsp;Mỗi lần ăn :5gr/lần&nbsp;.Tần suất:<span>2 lần/tuần</span></span></span></span></span></span></span></div>\r\n<div>\r\n<p><span style=\"font-size: medium; color: #888888;\">5. ĐỐI TƯỢNG KH&Ocirc;NG N&Ecirc;N SỬ DỤNG</span></p>\r\n<ul>\r\n<li><span>Phụ nữ mang thai dưới 3 th&aacute;ng ăn yến dễ bị lạnh bụng</span></li>\r\n<li><span>Trẻ sơ sinh v&agrave; trẻ nhỏ dưới 7 th&aacute;ng tuổi</span></li>\r\n<li><span>Người từng bị dị ứng khi ăn yến hoặc sử dụng c&aacute;c sản phẩm từ yến</span></li>\r\n<li><span>Bệnh nh&acirc;n tiểu đường, vi&ecirc;m tụy</span></li>\r\n<li><span>Người đang bị cảm mạo, đau đầu, tay ch&acirc;n lạnh.</span></li>\r\n</ul>\r\n<p><span style=\"color: #888888; font-size: medium;\">6. C&Aacute;CH D&Ugrave;NG HIỆU QUẢ&nbsp;</span></p>\r\n<div dir=\"auto\">\r\n<p><span>&ndash; D&ugrave;ng tổ yến v&agrave;o l&uacute;c đ&oacute;i sẽ gi&uacute;p chất dinh dưỡng hấp thu nhanh v&agrave; hiệu quả nhất.</span></p>\r\n<p><span>&ndash; Buổi s&aacute;ng ch&iacute;nh l&agrave; thời điểm ăn tổ yến tốt nhất. L&uacute;c n&agrave;y, năng lượng từ thức ăn nạp v&agrave;o của ng&agrave;y h&ocirc;m trước đ&atilde; được chuyển h&oacute;a hết v&agrave; ph&acirc;n bố đến nu&ocirc;i dưỡng, t&aacute;i tạo c&aacute;c cơ quan trong giấc ngủ. Việc sử dụng yến sau khi ngủ dậy sẽ gi&uacute;p cơ thể được cung cấp nguồn năng lượng dồi d&agrave;o cho hoạt động trong suốt cả ng&agrave;y d&agrave;i.</span></p>\r\n<p><span>&ndash; Nếu kh&ocirc;ng c&oacute; thời gian chế biến yến v&agrave;o buổi s&aacute;ng, bạn c&oacute; thể ăn yến s&agrave;o v&agrave;o buổi tối trước l&uacute;c đi ngủ khoảng 30 ph&uacute;t cũng rất tốt cho sức khỏe.</span></p>\r\n<ul>\r\n<li><span>Chỉ n&ecirc;n d&ugrave;ng từ 3-5gr yến trong một lần. Một tuần kh&ocirc;ng n&ecirc;n d&ugrave;ng qu&aacute; 3 lần.</span></li>\r\n<li><span>Đối với người bị cao huyết &aacute;p, n&ecirc;n d&ugrave;ng tổ yến s&agrave;o l&uacute;c đ&oacute;i, tr&aacute;nh để lạnh bụng g&acirc;y kh&oacute; chịu. Ri&ecirc;ng với bệnh nh&acirc;n tiểu đường, khi chưng yến bạn kh&ocirc;ng n&ecirc;n cho nhiều đường ph&egrave;n để tr&aacute;nh l&agrave;m lượng đường trong m&aacute;u tăng cao.</span></li>\r\n<li><span>Kh&ocirc;ng n&ecirc;n cho qu&aacute; nhiều đường trong khi chế biến v&igrave; h&agrave;m lượng đường c&agrave;ng nhiều sẽ c&agrave;ng giảm t&aacute;c dụng hỗ trợ v&agrave; dưỡng chất c&oacute; trong yến.</span></li>\r\n<li><span>Tr&aacute;nh kh&ocirc;ng đun trực tiếp yến ở nhiệt độ cao tr&ecirc;n 100 độ C v&agrave; kh&ocirc;ng h&acirc;m n&oacute;ng yến bằng l&ograve; vi s&oacute;ng.&nbsp;&nbsp;</span><br /><span style=\"font-size: medium; color: #888888;\"><em>Lưu &yacute;:&nbsp;Sản phẩm n&agrave;y kh&ocirc;ng phải l&agrave; thuốc v&agrave; kh&ocirc;ng c&oacute; t&aacute;c dụng thay thế thuốc chữa bệnh.</em></span></li>\r\n</ul>\r\n</div>\r\n<span><span><span><span><span><span>.</span></span></span></span></span></span></div>\r\n<div><span><span><span><span><span><span><br /></span></span></span></span></span></span></div>', 3790000, 3100000, 99, 'd8ccee8b5d.jpg'),
(904, 9, '43', 4, 'Yến Thô - 100gr', '<p><span style=\"font-size: small; color: #ff0000;\">Yến th&ocirc; </span><span style=\"font-size: small;\">rất tốt bởi ch&uacute;ng chưa được xử l&yacute; n&ecirc;n gi&aacute; trị dinh dưỡng lu&ocirc;n đạt 100% v&agrave; đặc biệt ch&uacute;ng rất kh&oacute; l&agrave;m giả<span style=\"color: #ff0000;\">&nbsp;.</span></span></p>\r\n<p><span style=\"font-size: small;\"><span>Thương hiệu&nbsp; : SALANEST -Yến Th&ocirc;.</span></span></p>\r\n<p><span style=\"font-size: small;\"><span>M&ocirc; Tả : 100% yến nguy&ecirc;n chất, h&agrave;m lượng dinh dưỡng cao. Ch&acirc;n yến ăn kh&aacute; gi&ograve;n, nở nhiều, c&oacute; độ dai hơn c&aacute;c phần kh&aacute;c.</span></span></p>\r\n<p><span style=\"font-size: small;\"><span>Thể t&iacute;ch : loại 100gr.</span></span></p>\r\n<p><span style=\"font-size: small;\"><span>Đ&oacute;ng g&oacute;i&nbsp; : Đ&oacute;ng trong hộp nhựa mica trong.</span></span></p>\r\n<p><span style=\"font-size: small;\"><span>Số lượng&nbsp; : Hộp 1.</span></span></p>\r\n<p><span style=\"font-size: small;\"><span>Độ nở: 4 &ndash; 5 lần.</span></span></p>\r\n<p><span style=\"font-size: small;\"><span>Hạn sử dụng: 2-3 năm nơi tho&aacute;ng m&aacute;t, tr&aacute;nh &aacute;nh nắng mặt trời (Tuy nhi&ecirc;n n&ecirc;n sử dụng sớm để được đảm bảo tốt nhất).</span></span></p>\r\n<p><span style=\"font-size: small; color: #ff0000;\"><span>Lưu &yacute; : Kh&ocirc;ng sử dụng sản phẩm khi hết hạn.</span></span></p>\r\n<p><span style=\"font-size: small; color: #ff0000;\"><br /></span></p>', '<h2><span style=\"color: #888888;\">Tổ yến tinh chế l&agrave; g&igrave;?</span></h2>\r\n<p><span>Tổ yến tinh chế l&agrave; loại tổ yến đ&atilde; được sơ chế qua. Khi đ&oacute; những tổ yến nguy&ecirc;n tổ v&agrave; tổ yến bị g&atilde;y hay vỡ (trong l&uacute;c thu hoạch hay sơ chế) đều được ng&acirc;m nước, loại bỏ l&ocirc;ng chim v&agrave; tạp chất. Sau đ&oacute; sử dụng khu&ocirc;n để định h&igrave;nh lại th&agrave;nh yến tươi. Cuối c&ugrave;ng yến tươi được đưa v&agrave;o hệ thống để l&agrave;m kh&ocirc;.&nbsp;</span></p>\r\n<h2><span style=\"color: #888888;\">Tổ yến th&ocirc; l&agrave; g&igrave;?</span></h2>\r\n<p><span>Tổ yến th&ocirc; l&agrave; tổ yến nguy&ecirc;n chất v&agrave; kh&ocirc;ng qua qu&aacute; tr&igrave;nh xử l&yacute; n&ecirc;n n&oacute; c&ograve;n nguy&ecirc;n l&ocirc;ng v&agrave; tạp chất. Tổ yến sau khi được thu hoạch th&igrave; được đ&oacute;ng g&oacute;i th&agrave;nh phẩm. V&igrave; vậy tổ yến th&ocirc; rất &iacute;t bị t&aacute;c động từ từ thu hoạch đến khi th&agrave;nh phẩm.&nbsp;</span></p>\r\n<h2><span style=\"color: #888888;\">Những đối tượng n&ecirc;n d&ugrave;ng yến tinh chế</span></h2>\r\n<p><span>Yến tinh chế thực phẩm dinh dưỡng cao cấp tốt cho sức khỏe người d&ugrave;ng. N&ecirc;n x&eacute;t về độ tuổi th&igrave; trẻ em, người lớn v&agrave; người gi&agrave; đều sử dụng được. Ngo&agrave;i ra tổ yến đặc biệt tốt đối với một số đối tượng sau:</span></p>\r\n<ul>\r\n<li><span>Phụ nữ sử dụng yến s&agrave;o để gi&uacute;p da trẻ h&oacute;a v&agrave; s&aacute;ng đẹp.</span></li>\r\n<li><span>Những người bị tổn thương thị gi&aacute;c đang trong qu&aacute; tr&igrave;nh phục hồi</span></li>\r\n<li><span>Những ai c&oacute; hệ ti&ecirc;u h&oacute;a k&eacute;m hoặc cần tăng cường cải thiện hệ ti&ecirc;u h&oacute;a như trẻ nhỏ từ 6 th&aacute;ng tuổi trở l&ecirc;n</span></li>\r\n<li><span>Phụ nữ mang thai d&ugrave;ng tổ yến để bổ sung dinh dưỡng cho mẹ v&agrave; b&eacute;. Phụ nữ sau khi sinh n&ecirc;n d&ugrave;ng yến để phục hồi sức khỏe&nbsp;</span></li>\r\n<li><span>Những đối tượng cần tăng cường hệ miễn dịch</span></li>\r\n<li><span>Nam giới ăn yến s&agrave;o để tăng cường sinh lực</span></li>\r\n<li><span>Những người đang hỗ trợ điều trị bệnh tiểu đường, bệnh ung thư,..</span></li>\r\n</ul>\r\n<div>\r\n<p><span style=\"color: #ff0000; font-size: small;\">Vậy n&ecirc;n đối với c&acirc;u hỏi n&ecirc;n mua yến th&ocirc; hay yến tinh chế th&igrave; sẽ dựa v&agrave;o yếu tố sau:</span></p>\r\n<ul>\r\n<li><span>Nếu bạn l&agrave; người bận rộn kh&ocirc;ng c&oacute; nhiều thời gian th&igrave; n&ecirc;n lựa chọn yến tinh chế. Chỉ cần t&igrave;m nơi cung cấp yến tinh chế uy t&iacute;n th&igrave; sẽ đảm bảo được chất lượng</span></li>\r\n<li><span>Ngược lại nếu bạn c&oacute; thời gian nh&agrave;n rỗi để nội trợ th&igrave; bạn c&oacute; thể mua yến th&ocirc; để chế biến cho gia đ&igrave;nh.</span></li>\r\n</ul>\r\n</div>\r\n<p><span><br /></span></p>\r\n<p><span><br /></span></p>', 2790000, 2400000, 99, 'cab67a32f8.jpg'),
(905,9, '42', 4, 'Yến Rút Lông -100gr', '<p><span style=\"font-size: medium;\">Th&ocirc;ng Tin Sản Phẩm:</span></p>\r\n<p><span style=\"font-size: medium;\">Thương hiệu&nbsp; : SALANEST -Yến R&uacute;t Long.</span></p>\r\n<p><span style=\"font-size: medium;\">M&ocirc; Tả : Tổ Yến R&uacute;t L&ocirc;ng Trắng sạch : 9 -11 tai, mặt yến d&agrave;y, nở nhiều.</span></p>\r\n<p><span style=\"font-size: medium;\">Thể t&iacute;ch : loại 100gr.</span></p>\r\n<p><span style=\"font-size: medium;\">Đ&oacute;ng g&oacute;i&nbsp; : Đ&oacute;ng trong hộp nhựa mica trong.</span></p>\r\n<p><span style=\"font-size: medium;\">Số lượng&nbsp; : Hộp 1.</span></p>\r\n<p><span style=\"font-size: medium;\">Độ nở: 4 &ndash; 5 lần.</span></p>\r\n<p><span style=\"font-size: medium;\">Hạn sử dụng: 2-3 năm nơi tho&aacute;ng m&aacute;t, tr&aacute;nh &aacute;nh nắng mặt trời (Tuy nhi&ecirc;n n&ecirc;n sử dụng sớm để được đảm bảo tốt nhất)</span></p>\r\n<p><span style=\"font-size: medium; color: #ff0000;\">Lưu &yacute; : Kh&ocirc;ng sử dụng sản phẩm khi hết hạn.</span></p>\r\n<p><span style=\"font-size: medium;\"><br /></span></p>', '<p><span style=\"font-size: medium; color: #ff0000;\">M&ocirc; tả:</span></p>\r\n<div id=\"tab-description\" class=\"woocommerce-Tabs-panel woocommerce-Tabs-panel--description panel entry-content wc-tab\">\r\n<h3>YẾN R&Uacute;T L&Ocirc;NG NGUY&Ecirc;N TỔ L&Agrave; G&Igrave;:</h3>\r\n<p><strong>Yến r&uacute;t long nguy&ecirc;n t&ocirc;t</strong>&nbsp;hay yến&nbsp; r&uacute;t l&ocirc;ng định h&igrave;nh l&agrave; tổ yến to, đẹp, nguy&ecirc;n vẹn nhất sau khi được thu hoạch về vẫn c&ograve;n lẫn tạp chất như l&ocirc;ng, c&aacute;t, sạn,&hellip; Những người thợ sẽ phun một lớp sương mỏng l&ecirc;n tổ v&agrave; soi tr&ecirc;n k&iacute;nh l&uacute;p để gắp tạp chất v&agrave; l&ocirc;ng yến. Cho tới&nbsp; khi tổ yến sạch đến 98% v&agrave; c&ograve;n giữ nguy&ecirc;n tổ lẫn h&igrave;nh d&aacute;ng ban đầu.</p>\r\n<p>Trong c&aacute;c loại yến s&agrave;o th&igrave; yến s&agrave;o r&uacute;t l&ocirc;ng nguy&ecirc;n tổ l&agrave; loại cao cấp nhất. Để l&agrave;m được tổ yến r&uacute;t l&ocirc;ng đ&ograve;i hỏi sự tỉ mĩ, kinh nghiệm của người thợ, tổ yến giữ nguy&ecirc;n được trọn hương vị nhất.</p>\r\n<h3>YẾN R&Uacute;T L&Ocirc;NG NGUY&Ecirc;N TỔ V&Agrave; TỔ YẾN TINH CHẾ C&Oacute; G&Igrave; KH&Aacute;C NHAU?</h3>\r\n<p>Yến r&uacute;t l&ocirc;ng nguy&ecirc;n tổ l&agrave; d&ograve;ng sản phẩm cao cấp nhất trong c&aacute;c d&ograve;ng yến.<br />C&aacute;ch l&agrave;m sạch yến r&uacute;t l&ocirc;ng nguy&ecirc;n tổ v&agrave; yến tinh chế&nbsp;cũng c&oacute; sự kh&aacute;c nhau:</p>\r\n<ul>\r\n<li><strong>Yến tinh chế&nbsp;</strong>l&agrave; Tổ yến th&ocirc;&nbsp;được ng&acirc;m nở ho&agrave;n to&agrave;n. T&aacute;ch ri&ecirc;ng phần sợi d&agrave;i, sợi ngắn v&agrave; vụn nằm trong tổ yến. Người thợ nhặt l&ocirc;ng yến sẽ nhặt sạch đến 99% sau đ&oacute; sử dụng khu&ocirc;n tổ yến để tạo h&igrave;nh. Phần sợi ngắn sẽ được đắp v&agrave;o b&ecirc;n trong khu&ocirc;n, c&ograve;n phần sợi d&agrave;i phủ l&ecirc;n bề mặt khu&ocirc;n. Sau đ&oacute; đưa v&agrave;o m&aacute;y sấy, sấy kh&ocirc; th&agrave;nh sản phẩm tổ yến tinh chế như ch&uacute;ng ta thường thấy.</li>\r\n<li><strong>yến r&uacute;t l&ocirc;ng nguy&ecirc;n tổ</strong>: Sau khi lựa chọn những tổ yến to, sạch, đẹp nhất. Thợ l&agrave;m sạch tổ yến chỉ được phun sương nhẹ v&agrave;o tổ yến cho tổ yến hơi mềm ra sau đ&oacute; tỉ mỉ nhặt từng sợi l&ocirc;ng kim nhỏ nhất. Hạn chế tối đa can thiệp nước, điều đ&oacute; giữ nguy&ecirc;n được h&igrave;nh d&aacute;ng tổ yến r&uacute;t l&ocirc;ng gần giống như tổ yến th&ocirc; ban đầu. Sau đ&oacute; tổ yến sẽ được đưa v&agrave;o sấy kh&ocirc; v&agrave; theo d&otilde;i kiểm tra kĩ c&agrave;ng li&ecirc;n tục để tr&aacute;nh l&agrave;m tổ yến bị mất h&igrave;nh d&aacute;ng ban đầu của tổ yến th&ocirc;.</li>\r\n</ul>\r\n<p>C&oacute; thể thấy, qu&aacute; tr&igrave;nh sơ chế yến r&uacute;t l&ocirc;ng nguy&ecirc;n tổ đ&ograve;i hỏi sự tỉ mỉ v&agrave; nhiều thời gian. Y&ecirc;u cầu tay nghề của thợ phải cao mới c&oacute; thể l&agrave;m được</p>\r\n<h3><span style=\"font-size: x-small;\"><strong>YẾN R&Uacute;T L&Ocirc;NG&nbsp;Được l&agrave;m sạch ho&agrave;n to&agrave;n thủ c&ocirc;ng, sấy kh&ocirc; tự nhi&ecirc;n, kh&ocirc;ng h&oacute;a chất, chất bảo quản, độ yến sợi đạt 100%.</strong></span></h3>\r\n</div>', 3990000, 3600000, 99, '2173757bf6.jpg'),
(906, 9, '41', 4, 'Yến Tinh Chế - 100gr', '<p><strong><span style=\"font-size: medium;\">M&ocirc; Tả Sản Phẩm.</span></strong></p>\r\n<p>Thương hiệu&nbsp; : SALANEST -Yến Tinh Chế.</p>\r\n<p>M&ocirc; Tả : Kh&ocirc;ng c&ograve;n l&ocirc;ng, bụi bẩn, tinh chế th&agrave;nh sợi từ yến tổ. Mặt tr&ecirc;n đắp 1 lớp sợi, mặt dưới l&oacute;t yến xơ mướp.</p>\r\n<p>Thể t&iacute;ch : loại 100gr.</p>\r\n<p>Đ&oacute;ng g&oacute;i&nbsp; : Đ&oacute;ng trong hộp nhựa mica trong.</p>\r\n<p>Số lượng&nbsp; : Hộp 1.</p>\r\n<p>Độ nở: 4 &ndash; 5 lần.</p>\r\n<p><span style=\"font-size: x-small;\">Hạn sử dụng: 2-3 năm nơi tho&aacute;ng m&aacute;t, tr&aacute;nh &aacute;nh nắng mặt trời (Tuy nhi&ecirc;n n&ecirc;n sử dụng sớm để được đảm bảo tốt nhất)&nbsp;</span></p>\r\n<p><span style=\"color: #ff0000; font-size: small;\">Lưu &yacute; : Kh&ocirc;ng sử dụng sản phẩm khi hết hạn.</span></p>', '<p><span style=\"color: #ff0000;\">1 PH&Acirc;N BIỆT YẾN TINH CHẾ VỚI YẾN TH&Ocirc;, YẾN SƠ CHẾ</span></p>\r\n<ul>\r\n<li><span><span>Yến th&ocirc;</span>&nbsp;l&agrave; tổ yến nguy&ecirc;n chất c&ograve;n nguy&ecirc;n l&ocirc;ng, được khai th&aacute;c trực tiếp tại những hang động m&agrave; yến l&agrave;m tổ. Tổ yến th&ocirc; nh&igrave;n mắt thường rất dễ nhận ra. Tổ yến c&oacute; những sợi l&ocirc;ng m&agrave;u đen nhỏ lẫn b&ecirc;n trong. Tai yến mỏng, cầm nặng tay, sợi yến kh&iacute;t v&agrave; c&oacute; m&ugrave;i thơm đặc trưng của yến s&agrave;o.</span></li>\r\n<li><span><span>Yến sơ chế</span>&nbsp;l&agrave; tổ yến th&ocirc; được r&uacute;t l&ocirc;ng thủ c&ocirc;ng để l&agrave;m sạch. Tổ yến sơ chế c&oacute; m&agrave;u trắng, kh&ocirc;ng c&oacute; l&ocirc;ng v&agrave; tạp chất. Tai yến mỏng, cầm nặng tay, sợi yến mịn, b&oacute;ng.</span></li>\r\n<li><span><span><span>Yến tinh chế</span>&nbsp;l&agrave; tổ yến đ&atilde; được qua xử l&yacute;. Người ta thường lấy những tổ yến bị g&atilde;y, vỡ trong qu&aacute; tr&igrave;nh khai th&aacute;c. Tổ yến sẽ được ng&acirc;m trong nước để loại bỏ l&ocirc;ng v&agrave; c&aacute;c tạp chất.</span></span>\r\n<p><span style=\"color: #ff0000; font-size: small;\">2 QUY TR&Igrave;NH XỬ L&Yacute;</span></p>\r\n<p><span>&ndash;&nbsp;</span>Tổ yến được thu hoạch từ hệ thống nh&agrave; dẫn dụ yến chuy&ecirc;n nghiệp. Sau đ&oacute; được tuyển chọn, ng&acirc;m nước cho nở đều. Rồi được những người thợ yến d&ugrave;ng nh&iacute;p gắp sạch l&ocirc;ng b&aacute;m trong tổ yến, tạo h&igrave;nh v&agrave; đưa v&agrave;o m&aacute;y sấy lạnh.</p>\r\n<ul>\r\n<li>Tổ yến đ&atilde; được xử l&yacute; sạch, sợi phồng, trắng, c&oacute; độ b&oacute;ng &aacute;nh kim, h&igrave;nh c&aacute;nh sen đẹp mắt.</li>\r\n<li>Đảm bảo kh&ocirc;ng l&agrave;m tổ yến bị mất m&agrave;u v&agrave; chất dinh dưỡng.</li>\r\n<li><span>Tiện lợi để sử dụng ngay, tiết kiệm thời gian v&agrave; lượng hao hụt trong qu&aacute; tr&igrave;nh xử l&yacute;.</span></li>\r\n<li><span><span>Sợi yến ra th&agrave;nh phẩm nở nhiều, dai ngon, phần xơ mướp mềm, tanh nhẹ đặc trưng của yến</span>.</span></li>\r\n</ul>\r\n<p><span>&ndash; Tuy nhi&ecirc;n trong c&aacute;c c&ocirc;ng đoạn sơ chế từ yến th&ocirc; th&agrave;nh yến tinh chế ch&uacute;ng ta c&ugrave;ng cần lưu &yacute;. Hiện nay tr&ecirc;n thị trường c&oacute; một số đơn vị sử dụng phương ph&aacute;p l&agrave;m sạch l&ocirc;ng bằng c&aacute;c h&oacute;a chất c&ocirc;ng nghiệp, chất tẩy rửa rất nguy hiểm cho sức khỏe người ti&ecirc;u d&ugrave;ng. Phương ph&aacute;p tốt nhất để l&agrave;m sạch l&ocirc;ng yến l&agrave; phương ph&aacute;p thủ c&ocirc;ng, sử dụng nh&iacute;p chuy&ecirc;n dụng th&ocirc;ng qua b&agrave;n tay kh&eacute;o l&eacute;o của người thợ.</span></p>\r\n<span>Sau đ&oacute; sử dụng khu&ocirc;n để định h&igrave;nh lại những sợi yến. Những tai yến sau khi được định h&igrave;nh sẽ được đưa v&agrave;o hệ thống l&agrave;m kh&ocirc;.&nbsp;</span></li>\r\n</ul>\r\n<div>\r\n<p><span style=\"font-size: small; color: #ff0000;\">3. C&Aacute;CH SƠ CHẾ V&Agrave; CHẾ BIẾN</span></p>\r\n<ul>\r\n<li><span><span>Khi sử dụng, kh&aacute;ch h&agrave;ng chỉ cần ng&acirc;m nở trong nước sạch trong 25-30 ph&uacute;t,&nbsp;<span>nước ngập hơn yến 1 ch&uacute;t kh&ocirc;ng n&ecirc;n đổ nhiều. Sau đ&oacute; chưng c&aacute;ch thủy tr&ecirc;n lửa nhỏ khoảng 20 ph&uacute;t cho đến khi sợi yến trở n&ecirc;n trong vắt.</span></span></span></li>\r\n<li><span>C&oacute; thể chưng yến k&egrave;m với đường ph&egrave;n, hạt sen, t&aacute;o đỏ hay long nh&atilde;n&hellip; để yến c&oacute; vị ngọt thanh, thơm ngon hơn v&agrave; khử m&ugrave;i tanh.</span></li>\r\n<li><span>Đối với ch&aacute;o yến, c&aacute;c m&oacute;n soup bạn chỉ cần nấu ch&aacute;o ch&iacute;n v&agrave; chỉ th&ecirc;m yến v&agrave;o khi m&oacute;n ăn đ&atilde; gần ch&iacute;n v&agrave; đun th&ecirc;m 5 ph&uacute;t l&agrave; c&oacute; thể ăn.</span></li>\r\n<li><span>Phần yến đ&atilde; ng&acirc;m kh&ocirc;ng sử dụng hết c&oacute; thể cho v&agrave;o hộp/t&uacute;i zip v&agrave; bảo quản trong tủ đ&ocirc;ng (-5 đến -10 độ C) để sử dụng trong v&ograve;ng 3 th&aacute;ng hoặc tủ m&aacute;t trong 1 tuần.</span></li>\r\n<li><span>Khi cần chế biến, cần r&atilde; đ&ocirc;ng tự nhi&ecirc;n (kh&ocirc;ng r&atilde; đ&ocirc;ng bằng l&ograve; vi s&oacute;ng) v&agrave; chưng c&aacute;ch thuỷ ở nhiệt độ vừa phải để giữ nguy&ecirc;n chất dinh dưỡng, kh&ocirc;ng để s&ocirc;i trực tiếp tr&ecirc;n 100 độ C</span></li>\r\n</ul>\r\n<div><span style=\"font-size: small; color: #ff0000;\">4. LIỀU LƯỢNG SỬ DỤNG THEO ĐỘ TUỔI</span></div>\r\n<div><span style=\"font-size: small; color: #ff0000;\"><br /></span></div>\r\n<div><span style=\"font-size: x-small; color: #000000;\"><span style=\"font-size: small;\">Đối tượng</span> :&nbsp;Trẻ em 1-12 tuổi ,Mỗi lần ăn :1-3gr/lần ,Tần suất</span></div>\r\n<div><span style=\"font-size: x-small; color: #000000;\"><span style=\"font-size: small;\">Đối tượng</span>&nbsp;:Trẻ vị th&agrave;nh ni&ecirc;n v&agrave; người lớn ,Mỗi lần ăn :3-5gr/lần ,Tần suất :2-3 lần/tuần</span></div>\r\n<div><span style=\"font-size: x-small; color: #000000;\"><span style=\"font-size: small;\">Đối tượng</span> : Phụ nữ mang thai 4-7 th&aacute;ng ,Mỗi lần ăn :5gr/lần ,Tần suất :2 lần/tuần</span></div>\r\n<div><span style=\"font-size: x-small; color: #000000;\"><span style=\"font-size: small;\">Đối tượn</span>g : Phụ nữ mang thai 8-9 th&aacute;ng ,Mỗi lần ăn :3gr/lần ,Tần suất :2-3 lần/tuần</span></div>\r\n<div><span style=\"font-size: x-small; color: #000000;\"><span style=\"font-size: small;\">Đối tượng</span>: Người lớn tuổi ,Mỗi lần ăn :3-5gr/lần ,Tần suất :2-3 lần/tuần</span></div>\r\n<div><span style=\"font-size: x-small; color: #000000;\"><span style=\"font-size: small;\">Đối tượng</span> :Người bệnh ,Mỗi lần ăn :5g/lần ,Tần suất :Mỗi ng&agrave;y trong giai đoạn hồi phục sức khoẻ</span></div>\r\n<div><span style=\"font-size: x-small; color: #000000;\"><span style=\"font-size: small;\">Đối tượng</span> :Người b&igrave;nh thường ,Mỗi lần ăn :5g/lần ,Tần suất :2 lần/tuần</span></div>\r\n</div>', 3790000, 3200000, 99, '5599400a34.jpg');

--
-- Chỉ mục cho các bảng đã đổ
--

--
-- Chỉ mục cho bảng `tbl_admin`
--
ALTER TABLE `tbl_admin`
  ADD PRIMARY KEY (`adminId`);

--
-- Chỉ mục cho bảng `tbl_baiviet`
--
ALTER TABLE `tbl_baiviet`
  ADD PRIMARY KEY (`baiviet_id`);

--
-- Chỉ mục cho bảng `tbl_brand`
--
ALTER TABLE `tbl_brand`
  ADD PRIMARY KEY (`brand_id`);

--
-- Chỉ mục cho bảng `tbl_brand_country`
--
ALTER TABLE `tbl_brand_country`
  ADD PRIMARY KEY (`brand_id`);

--
-- Chỉ mục cho bảng `tbl_brand_lv2`
--
ALTER TABLE `tbl_brand_lv2`
  ADD PRIMARY KEY (`id`);

--
-- Chỉ mục cho bảng `tbl_cart`
--
ALTER TABLE `tbl_cart`
  ADD PRIMARY KEY (`cartId`),
  ADD KEY `productId` (`productId`);

--
-- Chỉ mục cho bảng `tbl_category`
--
ALTER TABLE `tbl_category`
  ADD PRIMARY KEY (`category_id`);

--
-- Chỉ mục cho bảng `tbl_contact`
--
ALTER TABLE `tbl_contact`
  ADD PRIMARY KEY (`contact_id`);

--
-- Chỉ mục cho bảng `tbl_customer`
--
ALTER TABLE `tbl_customer`
  ADD PRIMARY KEY (`id`);

--
-- Chỉ mục cho bảng `tbl_order`
--
ALTER TABLE `tbl_order`
  ADD PRIMARY KEY (`id`),
  ADD KEY `productId` (`productId`,`customer_id`),
  ADD KEY `customer_id` (`customer_id`);

--
-- Chỉ mục cho bảng `tbl_sanpham`
--
ALTER TABLE `tbl_sanpham`
  ADD PRIMARY KEY (`sanpham_id`),
  ADD KEY `category_id` (`category_id`,`brand_id`),
  ADD KEY `brand_id` (`brand_id`);

--
-- AUTO_INCREMENT cho các bảng đã đổ
--

--
-- AUTO_INCREMENT cho bảng `tbl_admin`
--
ALTER TABLE `tbl_admin`
  MODIFY `adminId` int(10) NOT NULL AUTO_INCREMENT, AUTO_INCREMENT=4;

--
-- AUTO_INCREMENT cho bảng `tbl_baiviet`
--
ALTER TABLE `tbl_baiviet`
  MODIFY `baiviet_id` int(11) NOT NULL AUTO_INCREMENT, AUTO_INCREMENT=11;

--
-- AUTO_INCREMENT cho bảng `tbl_brand`
--
ALTER TABLE `tbl_brand`
  MODIFY `brand_id` int(50) UNSIGNED NOT NULL AUTO_INCREMENT, AUTO_INCREMENT=26;

--
-- AUTO_INCREMENT cho bảng `tbl_brand_lv2`
--
ALTER TABLE `tbl_brand_lv2`
  MODIFY `id` int(11) NOT NULL AUTO_INCREMENT, AUTO_INCREMENT=26;

--
-- AUTO_INCREMENT cho bảng `tbl_cart`
--
ALTER TABLE `tbl_cart`
  MODIFY `cartId` int(11) NOT NULL AUTO_INCREMENT, AUTO_INCREMENT=224;

--
-- AUTO_INCREMENT cho bảng `tbl_category`
--
ALTER TABLE `tbl_category`
  MODIFY `category_id` int(11) UNSIGNED NOT NULL AUTO_INCREMENT, AUTO_INCREMENT=16;

--
-- AUTO_INCREMENT cho bảng `tbl_contact`
--
ALTER TABLE `tbl_contact`
  MODIFY `contact_id` int(10) NOT NULL AUTO_INCREMENT, AUTO_INCREMENT=5;

--
-- AUTO_INCREMENT cho bảng `tbl_customer`
--
ALTER TABLE `tbl_customer`
  MODIFY `id` int(11) UNSIGNED NOT NULL AUTO_INCREMENT, AUTO_INCREMENT=58;

--
-- AUTO_INCREMENT cho bảng `tbl_order`
--
ALTER TABLE `tbl_order`
  MODIFY `id` int(11) NOT NULL AUTO_INCREMENT, AUTO_INCREMENT=110;

--
-- AUTO_INCREMENT cho bảng `tbl_sanpham`
--
ALTER TABLE `tbl_sanpham`
  MODIFY `sanpham_id` int(11) UNSIGNED NOT NULL AUTO_INCREMENT, AUTO_INCREMENT=757;

--
-- Các ràng buộc cho các bảng đã đổ
--

--
-- Các ràng buộc cho bảng `tbl_cart`
--
ALTER TABLE `tbl_cart`
  ADD CONSTRAINT `tbl_cart_ibfk_1` FOREIGN KEY (`productId`) REFERENCES `tbl_sanpham` (`sanpham_id`);

--
-- Các ràng buộc cho bảng `tbl_order`
--
ALTER TABLE `tbl_order`
  ADD CONSTRAINT `tbl_order_ibfk_1` FOREIGN KEY (`customer_id`) REFERENCES `tbl_customer` (`id`),
  ADD CONSTRAINT `tbl_order_ibfk_2` FOREIGN KEY (`productId`) REFERENCES `tbl_sanpham` (`sanpham_id`) ON DELETE CASCADE ON UPDATE NO ACTION;

--
-- Các ràng buộc cho bảng `tbl_sanpham`
--
ALTER TABLE `tbl_sanpham`
  ADD CONSTRAINT `tbl_sanpham_ibfk_1` FOREIGN KEY (`category_id`) REFERENCES `tbl_category` (`category_id`) ON DELETE CASCADE ON UPDATE NO ACTION,
  ADD CONSTRAINT `tbl_sanpham_ibfk_2` FOREIGN KEY (`brand_id`) REFERENCES `tbl_brand` (`brand_id`) ON DELETE CASCADE ON UPDATE NO ACTION;
COMMIT;

/*!40101 SET CHARACTER_SET_CLIENT=@OLD_CHARACTER_SET_CLIENT */;
/*!40101 SET CHARACTER_SET_RESULTS=@OLD_CHARACTER_SET_RESULTS */;
/*!40101 SET COLLATION_CONNECTION=@OLD_COLLATION_CONNECTION */;
